사고번호,사고일시,요일,시군구,사고내용,사망자수,중상자수,경상자수,부상신고자수,사고유형,법규위반,노면상태,기상상태,도로형태,가해운전자 차종,가해운전자 성별,가해운전자 연령,가해운전자 상해정도,피해운전자 차종,피해운전자 성별,피해운전자 연령,피해운전자 상해정도
2023011300100446,2023년 1월 13일 18시,금요일,인천광역시 서구 연희동,경상사고,0,0,1,0,차대차 - 측면충돌,신호위반,젖음/습기,안개,교차로 - 교차로안,화물,여,40세,상해없음,이륜,남,31세,경상
2023011300100563,2023년 1월 13일 22시,금요일,인천광역시 남동구 만수동,경상사고,0,0,3,0,차대차 - 측면충돌,교차로운행방법위반,젖음/습기,흐림,교차로 - 교차로안,화물,남,70세,경상,승용,남,28세,경상
2023011400100007,2023년 1월 14일 00시,토요일,인천광역시 미추홀구 주안동,경상사고,0,0,3,0,차대차 - 후진중충돌,안전운전불이행,건조,맑음,기타 - 기타,승용,남,44세,상해없음,승용,남,24세,경상
2023011400100008,2023년 1월 14일 00시,토요일,인천광역시 부평구 십정동,경상사고,0,0,1,0,차대사람 - 길가장자리구역통행중,안전운전불이행,젖음/습기,비,단일로 - 기타,승용,남,57세,상해없음,보행자,남,42세,경상
2023011400100009,2023년 1월 14일 00시,토요일,인천광역시 부평구 부평동,경상사고,0,0,1,0,차대차 - 추돌,안전운전불이행,건조,맑음,교차로 - 교차로안,승용,남,30세,상해없음,이륜,남,46세,경상
2023011400100021,2023년 1월 14일 01시,토요일,인천광역시 서구 가좌동,경상사고,0,0,1,0,차대차 - 기타,안전운전불이행,젖음/습기,비,단일로 - 기타,화물,남,41세,상해없음,승용,여,53세,경상
2023011400100031,2023년 1월 14일 02시,토요일,인천광역시 부평구 부평동,경상사고,0,0,1,0,차대차 - 측면충돌,안전거리미확보,젖음/습기,비,교차로 - 교차로안,승용,남,60세,상해없음,승용,남,30세,경상
2023011400100075,2023년 1월 14일 07시,토요일,인천광역시 계양구 병방동,경상사고,0,0,1,0,차대사람 - 횡단중,신호위반,건조,맑음,단일로 - 기타,승합,여,54세,상해없음,보행자,여,22세,경상
2023011400100090,2023년 1월 14일 08시,토요일,인천광역시 남동구 수산동,경상사고,0,0,1,0,차대차 - 측면충돌,교차로운행방법위반,젖음/습기,비,교차로 - 교차로안,승용,남,61세,기타불명,승용,남,35세,경상
2023011400100104,2023년 1월 14일 09시,토요일,인천광역시 서구 청라동,경상사고,0,0,1,0,차대사람 - 횡단중,보행자보호의무위반,젖음/습기,비,교차로 - 교차로횡단보도내,승용,남,37세,상해없음,보행자,여,12세,경상
2023011400100105,2023년 1월 14일 09시,토요일,인천광역시 부평구 삼산동,경상사고,0,0,1,0,차대차 - 측면충돌,안전운전불이행,건조,맑음,기타 - 기타,화물,남,62세,상해없음,승용,남,37세,경상
2023011400100145,2023년 1월 14일 11시,토요일,인천광역시 미추홀구 도화동,경상사고,0,0,2,0,차대차 - 추돌,안전운전불이행,젖음/습기,비,단일로 - 기타,승용,남,46세,상해없음,승용,남,45세,경상
2023011400100146,2023년 1월 14일 11시,토요일,인천광역시 미추홀구 주안동,경상사고,0,0,4,0,차대차 - 추돌,안전운전불이행,건조,맑음,단일로 - 기타,승용,남,47세,상해없음,승용,여,52세,경상
2023011400100179,2023년 1월 14일 12시,토요일,인천광역시 미추홀구 주안동,경상사고,0,0,1,0,차대차 - 측면충돌,안전거리미확보,건조,맑음,단일로 - 기타,승용,남,53세,상해없음,승용,남,65세,경상
2023011400100180,2023년 1월 14일 12시,토요일,인천광역시 남동구 간석동,경상사고,0,0,2,0,차대차 - 측면충돌,차로위반,젖음/습기,비,교차로 - 교차로부근,승용,남,69세,상해없음,승합,남,56세,경상
2023011400100204,2023년 1월 14일 13시,토요일,인천광역시 연수구 송도동,중상사고,0,1,0,0,차대사람 - 기타,안전운전불이행,젖음/습기,비,교차로 - 교차로부근,승용,남,29세,상해없음,보행자,여,72세,중상
2023011400100283,2023년 1월 14일 16시,토요일,인천광역시 미추홀구 용현동,경상사고,0,0,1,0,차대사람 - 기타,안전운전불이행,건조,맑음,기타 - 기타,승용,여,47세,상해없음,보행자,남,55세,경상
2023011400100314,2023년 1월 14일 17시,토요일,인천광역시 서구 가정동,경상사고,0,0,1,0,차대차 - 추돌,안전운전불이행,건조,맑음,교차로 - 교차로부근,승용,남,68세,상해없음,승용,여,30세,경상
2023011400100373,2023년 1월 14일 18시,토요일,인천광역시 미추홀구 주안동,중상사고,0,1,0,0,차대사람 - 기타,안전운전불이행,기타,맑음,단일로 - 기타,승용,남,23세,상해없음,보행자,남,57세,중상
2023011400100374,2023년 1월 14일 18시,토요일,인천광역시 부평구 서운동,중상사고,0,1,0,0,차대차 - 측면충돌,안전거리미확보,젖음/습기,비,단일로 - 기타,승용,남,28세,상해없음,승용,여,44세,중상
2023011400100411,2023년 1월 14일 19시,토요일,인천광역시 중구 중산동,중상사고,0,1,0,0,차대차 - 측면충돌,신호위반,젖음/습기,비,교차로 - 교차로안,승용,남,32세,상해없음,승용,남,48세,중상
2023011400100412,2023년 1월 14일 19시,토요일,인천광역시 계양구 계산동,중상사고,0,1,0,0,차대사람 - 횡단중,안전운전불이행,젖음/습기,비,단일로 - 기타,승용,남,59세,상해없음,보행자,여,56세,중상
2023011400100466,2023년 1월 14일 21시,토요일,인천광역시 미추홀구 용현동,경상사고,0,0,1,0,차대차 - 정면충돌,중앙선침범,젖음/습기,비,단일로 - 기타,승용,남,48세,상해없음,이륜,남,42세,경상
2023011400100467,2023년 1월 14일 21시,토요일,인천광역시 서구 마전동,경상사고,0,0,1,0,차대차 - 기타,직진우회전진행방해,젖음/습기,흐림,교차로 - 교차로안,승용,남,47세,상해없음,승용,여,32세,경상
2023011400100468,2023년 1월 14일 21시,토요일,인천광역시 계양구 작전동,경상사고,0,0,1,0,차대차 - 측면충돌,안전운전불이행,건조,맑음,단일로 - 기타,승용,남,25세,상해없음,승용,남,34세,경상
2023011400100501,2023년 1월 14일 23시,토요일,인천광역시 서구 심곡동,경상사고,0,0,1,0,차대차 - 추돌,안전운전불이행,건조,맑음,단일로 - 기타,승용,남,42세,상해없음,승용,남,68세,경상
2023011500100043,2023년 1월 15일 03시,일요일,인천광역시 부평구 갈산동,경상사고,0,0,1,0,차대차 - 정면충돌,안전운전불이행,건조,흐림,기타 - 기타,승용,남,40세,상해없음,승용,남,28세,경상
2023011500100061,2023년 1월 15일 06시,일요일,인천광역시 부평구 부평동,경상사고,0,0,2,0,차대차 - 기타,안전거리미확보,젖음/습기,흐림,단일로 - 기타,승용,여,40세,상해없음,승용,남,77세,경상
2023011500100068,2023년 1월 15일 07시,일요일,인천광역시 부평구 부평동,경상사고,0,0,1,0,차대사람 - 횡단중,중앙선침범,젖음/습기,비,교차로 - 교차로부근,기타불명,기타불명,미분류,기타불명,보행자,남,80세,경상
2023011500100166,2023년 1월 15일 13시,일요일,인천광역시 연수구 연수동,경상사고,0,0,1,0,차대차 - 후진중충돌,안전운전불이행,건조,맑음,주차장 - 주차장,승용,남,21세,상해없음,승용,여,65세,경상
2023011500100180,2023년 1월 15일 14시,일요일,인천광역시 남동구 간석동,경상사고,0,0,1,0,차대차 - 기타,안전운전불이행,건조,맑음,단일로 - 기타,승용,남,58세,상해없음,승용,여,29세,경상
2023011500100216,2023년 1월 15일 16시,일요일,인천광역시 남동구 운연동,경상사고,0,0,1,0,차대차 - 정면충돌,교차로운행방법위반,젖음/습기,흐림,교차로 - 교차로안,승용,남,50세,상해없음,승용,여,32세,경상
2023011500100236,2023년 1월 15일 17시,일요일,인천광역시 미추홀구 주안동,경상사고,0,0,1,0,차대차 - 측면충돌,안전운전불이행,건조,맑음,교차로 - 교차로안,승용,여,51세,기타불명,승용,여,29세,경상
2023011500100295,2023년 1월 15일 19시,일요일,인천광역시 미추홀구 관교동,경상사고,0,0,3,0,차대차 - 추돌,안전거리미확보,건조,맑음,교차로 - 교차로부근,승용,남,20세,상해없음,승용,남,47세,경상
2023011500100296,2023년 1월 15일 19시,일요일,인천광역시 부평구 부평동,경상사고,0,0,2,0,차대차 - 측면충돌,안전운전불이행,건조,흐림,단일로 - 기타,이륜,남,43세,경상,승용,남,24세,기타불명
2023011500100297,2023년 1월 15일 19시,일요일,인천광역시 부평구 구산동,경상사고,0,0,2,0,차대차 - 후진중충돌,안전운전불이행,건조,흐림,교차로 - 교차로부근,승합,남,64세,상해없음,승용,남,32세,경상
2023011500100378,2023년 1월 15일 22시,일요일,인천광역시 서구 가좌동,경상사고,0,0,1,0,차대차 - 추돌,안전거리미확보,건조,맑음,교차로 - 교차로부근,승용,남,42세,상해없음,이륜,남,39세,경상
2023011600100008,2023년 1월 16일 00시,월요일,인천광역시 부평구 구산동,경상사고,0,0,2,0,차대차 - 측면충돌,안전거리미확보,건조,맑음,단일로 - 기타,승용,여,24세,상해없음,승용,여,31세,경상
2023011600100036,2023년 1월 16일 05시,월요일,인천광역시 연수구 동춘동,중상사고,0,1,0,0,차대사람 - 횡단중,보행자보호의무위반,건조,맑음,교차로 - 교차로횡단보도내,승용,남,64세,상해없음,보행자,여,50세,중상
2023011600100076,2023년 1월 16일 07시,월요일,인천광역시 계양구 계산동,중상사고,0,1,0,0,차대사람 - 횡단중,보행자보호의무위반,건조,맑음,교차로 - 교차로횡단보도내,승용,여,53세,상해없음,보행자,여,80세,중상
2023011600100163,2023년 1월 16일 10시,월요일,인천광역시 미추홀구 관교동,경상사고,0,0,1,0,차대차 - 추돌,안전운전불이행,건조,맑음,단일로 - 기타,승용,남,73세,상해없음,승용,남,41세,상해없음
2023011600100164,2023년 1월 16일 10시,월요일,인천광역시 연수구 연수동,경상사고,0,0,1,0,차대차 - 측면충돌,신호위반,건조,맑음,교차로 - 교차로안,승용,남,50세,기타불명,화물,남,58세,경상
2023011600100165,2023년 1월 16일 10시,월요일,인천광역시 연수구 옥련동,경상사고,0,0,1,0,차대차 - 측면충돌,안전운전불이행,건조,맑음,단일로 - 고가도로위,특수,남,54세,상해없음,승용,남,30세,경상
2023011600100195,2023년 1월 16일 11시,월요일,인천광역시 미추홀구 주안동,중상사고,0,1,0,0,차대차 - 측면충돌,안전운전불이행,건조,맑음,교차로 - 교차로안,승용,여,35세,상해없음,이륜,남,39세,중상
2023011600100196,2023년 1월 16일 11시,월요일,인천광역시 계양구 오류동,경상사고,0,0,1,0,차대차 - 추돌,안전운전불이행,건조,맑음,단일로 - 기타,승용,남,69세,상해없음,승용,여,60세,경상
2023011600100248,2023년 1월 16일 13시,월요일,인천광역시 중구 항동7가,경상사고,0,0,1,0,차대차 - 추돌,안전운전불이행,기타,맑음,단일로 - 기타,건설기계,남,67세,상해없음,화물,남,49세,경상
2023011600100282,2023년 1월 16일 14시,월요일,인천광역시 서구 가좌동,경상사고,0,0,2,0,차대차 - 정면충돌,안전운전불이행,건조,맑음,교차로 - 교차로부근,승용,여,64세,상해없음,승용,여,39세,경상
2023011600100318,2023년 1월 16일 15시,월요일,인천광역시 서구 왕길동,경상사고,0,0,1,0,차대차 - 측면충돌,차로위반,건조,맑음,교차로 - 교차로부근,승용,남,55세,상해없음,승용,남,37세,경상
2023011600100319,2023년 1월 16일 15시,월요일,인천광역시 강화군 길상면,중상사고,0,1,0,0,차대차 - 측면충돌,교차로운행방법위반,건조,맑음,교차로 - 교차로부근,승용,여,62세,상해없음,승합,남,43세,중상
2023011600100361,2023년 1월 16일 16시,월요일,인천광역시 미추홀구 주안동,경상사고,0,0,1,0,차대차 - 측면충돌,신호위반,건조,맑음,교차로 - 교차로안,승용,남,76세,상해없음,승용,남,62세,경상
2023011600100362,2023년 1월 16일 16시,월요일,인천광역시 계양구 서운동,경상사고,0,0,1,0,차대차 - 측면충돌,안전운전불이행,건조,맑음,교차로 - 교차로안,승용,남,58세,상해없음,화물,남,29세,경상
2023011600100363,2023년 1월 16일 16시,월요일,인천광역시 부평구 부평동,중상사고,0,1,0,0,차대차 - 측면충돌,안전운전불이행,건조,맑음,교차로 - 교차로안,승용,남,47세,상해없음,이륜,남,19세,중상
2023011600100443,2023년 1월 16일 18시,월요일,인천광역시 서구 가좌동,경상사고,0,0,1,0,차대차 - 측면충돌,안전운전불이행,건조,맑음,단일로 - 기타,승용,남,68세,상해없음,승용,남,22세,경상
2023011600100444,2023년 1월 16일 18시,월요일,인천광역시 연수구 동춘동,경상사고,0,0,1,0,차대차 - 기타,안전운전불이행,건조,맑음,단일로 - 고가도로위,승용,남,55세,상해없음,자전거,남,62세,경상
2023011600100445,2023년 1월 16일 18시,월요일,인천광역시 부평구 부개동,경상사고,0,0,1,0,차대차 - 기타,신호위반,건조,흐림,단일로 - 기타,승용,여,64세,상해없음,승용,남,58세,경상
2023011600100507,2023년 1월 16일 20시,월요일,인천광역시 부평구 부평동,중상사고,0,1,0,0,차대사람 - 횡단중,안전운전불이행,건조,맑음,교차로 - 교차로안,승합,여,65세,상해없음,보행자,남,68세,중상
2023011600100524,2023년 1월 16일 21시,월요일,인천광역시 부평구 부평동,중상사고,0,1,0,0,차대차 - 측면충돌,안전운전불이행,건조,맑음,단일로 - 터널,승용,남,61세,상해없음,승용,남,41세,상해없음
2023011700100021,2023년 1월 17일 03시,화요일,인천광역시 남동구 간석동,경상사고,0,0,1,0,차대차 - 추돌,안전운전불이행,건조,맑음,교차로 - 교차로부근,승용,남,30세,상해없음,승용,남,29세,경상
2023011700100055,2023년 1월 17일 07시,화요일,인천광역시 미추홀구 용현동,경상사고,0,0,1,0,차대차 - 측면충돌,안전운전불이행,건조,맑음,기타 - 기타,승용,남,49세,상해없음,승용,남,62세,경상
2023011700100078,2023년 1월 17일 08시,화요일,인천광역시 부평구 부개동,경상사고,0,0,1,0,차대차 - 측면충돌,안전운전불이행,건조,맑음,교차로 - 교차로부근,승용,여,54세,상해없음,화물,남,57세,경상
2023011700100079,2023년 1월 17일 08시,화요일,인천광역시 남동구 남촌동,경상사고,0,0,1,0,차대차 - 측면충돌,안전거리미확보,건조,맑음,단일로 - 고가도로위,승용,남,50세,상해없음,건설기계,남,54세,경상
2023011700100104,2023년 1월 17일 09시,화요일,인천광역시 부평구 청천동,경상사고,0,0,1,0,차대차 - 정면충돌,중앙선침범,건조,맑음,단일로 - 기타,이륜,남,47세,상해없음,이륜,남,27세,경상
2023011700100133,2023년 1월 17일 10시,화요일,인천광역시 남동구 만수동,경상사고,0,0,1,0,차대사람 - 기타,안전운전불이행,건조,맑음,단일로 - 기타,이륜,남,29세,상해없음,보행자,남,21세,경상
2023011700100270,2023년 1월 17일 15시,화요일,인천광역시 연수구 옥련동,경상사고,0,0,1,0,차대차 - 측면충돌,안전운전불이행,건조,맑음,교차로 - 교차로부근,화물,남,25세,상해없음,승합,남,49세,경상
2023011700100293,2023년 1월 17일 16시,화요일,인천광역시 서구 가좌동,경상사고,0,0,2,0,차대차 - 측면충돌,안전운전불이행,건조,맑음,단일로 - 기타,승용,여,54세,상해없음,화물,여,42세,경상
2023011700100294,2023년 1월 17일 16시,화요일,인천광역시 연수구 연수동,경상사고,0,0,1,0,차대차 - 측면충돌,안전거리미확보,건조,맑음,단일로 - 고가도로위,승용,남,27세,상해없음,승용,남,32세,경상
2023011700100324,2023년 1월 17일 17시,화요일,인천광역시 미추홀구 학익동,중상사고,0,1,0,0,차대차 - 측면충돌,신호위반,건조,맑음,교차로 - 교차로안,승합,남,58세,상해없음,승용,남,52세,중상
2023011700100374,2023년 1월 17일 18시,화요일,인천광역시 미추홀구 도화동,경상사고,0,0,1,0,차대차 - 측면충돌,중앙선침범,건조,맑음,단일로 - 기타,승용,남,64세,상해없음,승용,남,63세,경상
2023011700100375,2023년 1월 17일 18시,화요일,인천광역시 미추홀구 학익동,경상사고,0,0,1,0,차대사람 - 횡단중,보행자보호의무위반,건조,맑음,교차로 - 교차로횡단보도내,승용,여,60세,상해없음,보행자,남,11세,경상
2023011700100376,2023년 1월 17일 18시,화요일,인천광역시 서구 당하동,경상사고,0,0,1,0,차대차 - 추돌,안전운전불이행,건조,맑음,단일로 - 기타,승용,남,56세,상해없음,건설기계,남,59세,경상
2023011700100377,2023년 1월 17일 18시,화요일,인천광역시 부평구 삼산동,중상사고,0,1,0,0,차대차 - 측면충돌,안전운전불이행,건조,맑음,교차로 - 교차로횡단보도내,자전거,여,62세,상해없음,자전거,여,69세,중상
2023011700100378,2023년 1월 17일 18시,화요일,인천광역시 서구 시천동,경상사고,0,0,3,0,차대차 - 추돌,안전운전불이행,건조,맑음,단일로 - 기타,화물,남,37세,상해없음,승용,남,45세,경상
2023011700100416,2023년 1월 17일 19시,화요일,인천광역시 남동구 장수동,경상사고,0,0,1,0,차대차 - 정면충돌,신호위반,건조,맑음,교차로 - 교차로안,승용,남,62세,상해없음,승용,남,62세,경상
2023011700100467,2023년 1월 17일 22시,화요일,인천광역시 남동구 논현동,경상사고,0,0,1,0,차대차 - 측면충돌,신호위반,젖음/습기,흐림,교차로 - 교차로부근,승용,남,61세,상해없음,이륜,남,41세,경상
2023011700100468,2023년 1월 17일 22시,화요일,인천광역시 남동구 장수동,경상사고,0,0,1,0,차대차 - 측면충돌,안전거리미확보,건조,흐림,단일로 - 지하차도(도로)내,승용,남,19세,상해없음,승용,남,47세,경상
2023011700100482,2023년 1월 17일 23시,화요일,인천광역시 남동구 만수동,경상사고,0,0,1,0,차대사람 - 기타,안전운전불이행,건조,맑음,단일로 - 기타,승용,남,63세,상해없음,보행자,남,33세,경상
2023011700100483,2023년 1월 17일 23시,화요일,인천광역시 부평구 일신동,경상사고,0,0,2,0,차대차 - 측면충돌,신호위반,건조,맑음,단일로 - 교량,승용,남,27세,상해없음,승용,남,62세,경상
2023011800100016,2023년 1월 18일 01시,수요일,인천광역시 미추홀구 용현동,경상사고,0,0,1,0,차대차 - 추돌,안전운전불이행,건조,맑음,단일로 - 기타,승용,남,34세,상해없음,승용,남,39세,경상
2023011800100028,2023년 1월 18일 04시,수요일,인천광역시 미추홀구 문학동,경상사고,0,0,2,0,차대차 - 측면충돌,안전운전불이행,건조,맑음,교차로 - 교차로부근,승용,남,40세,기타불명,승용,남,58세,경상
2023011800100053,2023년 1월 18일 06시,수요일,인천광역시 중구 운서동,경상사고,0,0,1,0,차대차 - 기타,안전운전불이행,건조,맑음,단일로 - 기타,승용,남,57세,상해없음,승용,남,60세,경상
2023011800100054,2023년 1월 18일 06시,수요일,인천광역시 서구 원창동,경상사고,0,0,1,0,차대사람 - 횡단중,보행자보호의무위반,건조,맑음,교차로 - 교차로횡단보도내,화물,남,49세,상해없음,보행자,남,71세,경상
2023011800100073,2023년 1월 18일 07시,수요일,인천광역시 미추홀구 주안동,경상사고,0,0,1,0,차대차 - 측면충돌,안전운전불이행,건조,맑음,교차로 - 교차로안,화물,남,67세,상해없음,승용,여,40세,경상
2023011800100074,2023년 1월 18일 07시,수요일,인천광역시 서구 불로동,경상사고,0,0,2,0,차대차 - 측면충돌,불법유턴,건조,맑음,단일로 - 기타,화물,남,59세,상해없음,승용,남,41세,경상
2023011800100098,2023년 1월 18일 08시,수요일,인천광역시 부평구 부평동,경상사고,0,0,2,1,차대차 - 측면충돌,신호위반,건조,맑음,교차로 - 교차로안,승합,남,61세,상해없음,승용,남,73세,부상신고
2023011800100099,2023년 1월 18일 08시,수요일,인천광역시 연수구 송도동,경상사고,0,0,1,0,차대차 - 기타,차로위반,건조,맑음,교차로 - 교차로부근,승용,남,75세,상해없음,승용,남,43세,경상
2023011800100126,2023년 1월 18일 09시,수요일,인천광역시 중구 운남동,경상사고,0,0,1,0,차대차 - 측면충돌,교차로운행방법위반,건조,맑음,교차로 - 교차로부근,건설기계,남,53세,상해없음,승용,여,55세,경상
2023011800100127,2023년 1월 18일 09시,수요일,인천광역시 서구 경서동,경상사고,0,0,2,0,차대사람 - 기타,보행자보호의무위반,건조,맑음,교차로 - 교차로안,승용,남,51세,상해없음,보행자,여,41세,경상
2023011800100176,2023년 1월 18일 11시,수요일,인천광역시 부평구 부평동,중상사고,0,1,0,0,차량단독 - 기타,기타,건조,맑음,교차로 - 교차로부근,승합,여,55세,상해없음,,,,
2023011800100177,2023년 1월 18일 11시,수요일,인천광역시 서구 석남동,경상사고,0,0,1,0,차대사람 - 길가장자리구역통행중,안전운전불이행,건조,맑음,단일로 - 기타,승용,여,61세,상해없음,보행자,남,67세,경상
2023011800100209,2023년 1월 18일 12시,수요일,인천광역시 서구 심곡동,경상사고,0,0,2,0,차대차 - 추돌,안전운전불이행,서리/결빙,맑음,교차로 - 교차로안,이륜,남,22세,상해없음,승용,여,41세,경상
2023011800100239,2023년 1월 18일 13시,수요일,인천광역시 계양구 계산동,경상사고,0,0,1,0,차대차 - 기타,안전운전불이행,건조,맑음,교차로 - 교차로안,화물,남,41세,상해없음,승용,여,38세,경상
2023011800100240,2023년 1월 18일 13시,수요일,인천광역시 부평구 삼산동,경상사고,0,0,1,0,차대차 - 추돌,안전운전불이행,건조,맑음,교차로 - 교차로안,승용,남,48세,상해없음,승용,남,53세,상해없음
2023011800100275,2023년 1월 18일 14시,수요일,인천광역시 서구 가좌동,경상사고,0,0,1,0,차대사람 - 길가장자리구역통행중,안전운전불이행,건조,맑음,단일로 - 기타,기타불명,기타불명,미분류,기타불명,보행자,남,47세,경상
2023011800100276,2023년 1월 18일 14시,수요일,인천광역시 서구 연희동,경상사고,0,0,1,0,차대차 - 기타,안전운전불이행,건조,맑음,교차로 - 교차로부근,화물,남,55세,상해없음,화물,남,30세,경상
2023011800100309,2023년 1월 18일 15시,수요일,인천광역시 미추홀구 용현동,경상사고,0,0,1,0,차대사람 - 횡단중,안전운전불이행,젖음/습기,맑음,단일로 - 기타,이륜,남,29세,상해없음,보행자,여,13세,경상
2023011800100335,2023년 1월 18일 16시,수요일,인천광역시 미추홀구 주안동,경상사고,0,0,1,0,차대차 - 추돌,안전운전불이행,건조,맑음,단일로 - 기타,승합,남,58세,상해없음,승용,남,56세,경상
2023011800100412,2023년 1월 18일 18시,수요일,인천광역시 미추홀구 학익동,경상사고,0,0,1,0,차대차 - 기타,안전운전불이행,건조,맑음,단일로 - 기타,원동기,남,42세,상해없음,이륜,남,27세,경상
2023011800100413,2023년 1월 18일 18시,수요일,인천광역시 남동구 남촌동,중상사고,0,1,0,0,차대차 - 측면충돌,차로위반,건조,맑음,교차로 - 교차로안,승합,남,52세,상해없음,승용,남,45세,중상
2023011800100451,2023년 1월 18일 19시,수요일,인천광역시 연수구 연수동,경상사고,0,0,1,0,차대차 - 추돌,안전운전불이행,건조,기타,단일로 - 기타,승용,남,41세,상해없음,이륜,여,21세,경상
2023011800100516,2023년 1월 18일 22시,수요일,인천광역시 남동구 간석동,경상사고,0,0,1,0,차대차 - 측면충돌,신호위반,건조,맑음,교차로 - 교차로안,승용,남,32세,상해없음,승합,남,38세,경상
2023011800100517,2023년 1월 18일 22시,수요일,인천광역시 남동구 간석동,경상사고,0,0,1,0,차대차 - 측면충돌,안전운전불이행,건조,맑음,단일로 - 기타,승용,남,47세,상해없음,승용,남,70세,경상
2023011900100010,2023년 1월 19일 00시,목요일,인천광역시 미추홀구 주안동,경상사고,0,0,1,0,차대차 - 추돌,안전운전불이행,건조,맑음,단일로 - 기타,승용,남,40세,상해없음,화물,남,37세,경상
2023011900100020,2023년 1월 19일 01시,목요일,인천광역시 미추홀구 주안동,경상사고,0,0,1,0,차대사람 - 횡단중,안전운전불이행,건조,맑음,단일로 - 기타,승용,남,37세,상해없음,보행자,남,35세,경상
2023011900100091,2023년 1월 19일 08시,목요일,인천광역시 서구 청라동,경상사고,0,0,1,0,차대차 - 측면충돌,안전거리미확보,건조,맑음,교차로 - 교차로안,승용,남,63세,상해없음,승용,남,33세,경상
2023011900100092,2023년 1월 19일 08시,목요일,인천광역시 부평구 삼산동,중상사고,0,1,0,2,차대차 - 추돌,안전운전불이행,건조,흐림,단일로 - 기타,승용,남,31세,기타불명,화물,남,77세,부상신고
2023011900100121,2023년 1월 19일 09시,목요일,인천광역시 부평구 부평동,경상사고,0,0,1,0,차대차 - 추돌,안전운전불이행,건조,맑음,단일로 - 기타,승용,남,77세,상해없음,승합,남,35세,상해없음
2023011900100175,2023년 1월 19일 11시,목요일,인천광역시 남동구 만수동,경상사고,0,0,1,0,차대차 - 측면충돌,안전거리미확보,건조,맑음,단일로 - 기타,승용,남,77세,상해없음,승용,남,49세,경상
2023011900100251,2023년 1월 19일 14시,목요일,인천광역시 미추홀구 용현동,경상사고,0,0,1,0,차대차 - 추돌,안전운전불이행,건조,맑음,단일로 - 기타,화물,남,47세,상해없음,승용,여,45세,경상
2023011900100296,2023년 1월 19일 15시,목요일,인천광역시 부평구 부개동,경상사고,0,0,1,0,차량단독 - 기타,안전운전불이행,건조,맑음,기타 - 기타,승용,남,67세,상해없음,,,,
2023011900100297,2023년 1월 19일 15시,목요일,인천광역시 계양구 박촌동,경상사고,0,0,1,0,차대차 - 측면충돌,안전거리미확보,건조,맑음,단일로 - 교량,승용,여,40세,상해없음,승용,여,57세,경상
2023011900100324,2023년 1월 19일 16시,목요일,인천광역시 중구 중산동,중상사고,0,1,0,0,차대사람 - 횡단중,안전운전불이행,건조,맑음,단일로 - 지하차도(도로)내,승용,남,29세,상해없음,보행자,여,10세,중상
2023011900100356,2023년 1월 19일 17시,목요일,인천광역시 미추홀구 용현동,경상사고,0,0,2,0,차대차 - 추돌,안전운전불이행,건조,맑음,단일로 - 기타,승용,남,27세,상해없음,승용,여,46세,경상
2023011900100357,2023년 1월 19일 17시,목요일,인천광역시 연수구 청학동,중상사고,0,1,0,0,차대차 - 기타,안전운전불이행,건조,맑음,교차로 - 교차로안,승용,여,53세,상해없음,이륜,남,33세,중상
2023011900100409,2023년 1월 19일 18시,목요일,인천광역시 부평구 부평동,경상사고,0,0,2,0,차대차 - 측면충돌,안전운전불이행,건조,맑음,기타 - 기타,승용,남,62세,상해없음,승용,남,31세,경상
2023011900100410,2023년 1월 19일 18시,목요일,인천광역시 남동구 구월동,경상사고,0,0,2,0,차대차 - 추돌,안전운전불이행,젖음/습기,비,교차로 - 교차로부근,화물,남,54세,상해없음,승용,남,60세,경상
2023011900100411,2023년 1월 19일 18시,목요일,인천광역시 남동구 간석동,경상사고,0,0,1,0,차대차 - 추돌,안전운전불이행,젖음/습기,비,단일로 - 기타,승용,여,26세,상해없음,승용,남,28세,경상
2023011900100412,2023년 1월 19일 18시,목요일,인천광역시 서구 가정동,경상사고,0,0,4,0,차대차 - 추돌,안전운전불이행,서리/결빙,맑음,기타 - 기타,화물,남,50세,상해없음,승용,여,27세,경상
2023011900100413,2023년 1월 19일 18시,목요일,인천광역시 계양구 동양동,경상사고,0,0,1,0,차량단독 - 기타,안전운전불이행,건조,맑음,단일로 - 기타,승합,남,39세,상해없음,,,,
2023011900100414,2023년 1월 19일 18시,목요일,인천광역시 남동구 서창동,경상사고,0,0,1,0,차대차 - 정면충돌,안전운전불이행,젖음/습기,비,교차로 - 교차로안,승용,여,32세,상해없음,이륜,여,33세,경상
2023011900100415,2023년 1월 19일 18시,목요일,인천광역시 남동구 서창동,중상사고,0,1,0,0,차대사람 - 횡단중,보행자보호의무위반,젖음/습기,비,교차로 - 교차로횡단보도내,승용,남,43세,상해없음,보행자,남,55세,중상
2023011900100451,2023년 1월 19일 19시,목요일,인천광역시 남동구 구월동,경상사고,0,0,1,0,차대차 - 후진중충돌,안전운전불이행,젖음/습기,눈,단일로 - 기타,승용,남,63세,상해없음,이륜,남,30세,경상