사고번호,사고일시,요일,시군구,사고내용,사망자수,중상자수,경상자수,부상신고자수,사고유형,법규위반,노면상태,기상상태,도로형태,가해운전자 차종,가해운전자 성별,가해운전자 연령,가해운전자 상해정도,피해운전자 차종,피해운전자 성별,피해운전자 연령,피해운전자 상해정도
2023020700100420,2023년 2월 7일 18시,화요일,인천광역시 서구 가좌동,경상사고,0,0,1,0,차대차 - 기타,안전운전불이행,건조,맑음,기타 - 기타,승용,남,36세,상해없음,승용,남,34세,경상
2023020700100421,2023년 2월 7일 18시,화요일,인천광역시 계양구 계산동,경상사고,0,0,1,0,차대차 - 기타,안전거리미확보,건조,맑음,단일로 - 기타,승용,여,34세,상해없음,이륜,남,27세,경상
2023020700100451,2023년 2월 7일 19시,화요일,인천광역시 서구 가정동,경상사고,0,0,1,0,차대차 - 기타,안전운전불이행,건조,맑음,기타 - 기타,승용,여,35세,상해없음,이륜,남,53세,경상
2023020700100484,2023년 2월 7일 20시,화요일,인천광역시 부평구 산곡동,경상사고,0,0,1,0,차대사람 - 차도통행중,안전운전불이행,건조,맑음,단일로 - 기타,화물,남,44세,상해없음,보행자,남,33세,경상
2023020700100485,2023년 2월 7일 20시,화요일,인천광역시 남동구 구월동,중상사고,0,1,1,0,차대차 - 기타,신호위반,건조,맑음,교차로 - 교차로안,승용,여,51세,상해없음,승용,여,48세,경상
2023020700100506,2023년 2월 7일 21시,화요일,인천광역시 부평구 부평동,경상사고,0,0,2,0,차대차 - 추돌,안전운전불이행,젖음/습기,흐림,단일로 - 기타,승용,남,23세,상해없음,승용,남,33세,경상
2023020700100528,2023년 2월 7일 22시,화요일,인천광역시 중구 신흥동3가,경상사고,0,0,1,0,차대사람 - 횡단중,안전운전불이행,건조,맑음,교차로 - 교차로안,화물,남,54세,기타불명,보행자,남,85세,경상
2023020700100529,2023년 2월 7일 22시,화요일,인천광역시 연수구 동춘동,경상사고,0,0,2,0,차대차 - 정면충돌,안전운전불이행,건조,맑음,교차로 - 교차로안,승용,남,33세,상해없음,승용,여,51세,경상
2023020800100010,2023년 2월 8일 00시,수요일,인천광역시 미추홀구 주안동,중상사고,0,1,0,0,차대차 - 측면충돌,신호위반,건조,맑음,단일로 - 기타,승용,여,27세,상해없음,이륜,남,35세,중상
2023020800100011,2023년 2월 8일 00시,수요일,인천광역시 부평구 십정동,경상사고,0,0,1,0,차대차 - 측면충돌,안전운전불이행,건조,흐림,교차로 - 교차로안,승용,남,23세,상해없음,승용,남,51세,경상
2023020800100039,2023년 2월 8일 04시,수요일,인천광역시 동구 송림동,중상사고,0,1,0,0,차대차 - 측면충돌,신호위반,건조,맑음,교차로 - 교차로안,승용,여,69세,기타불명,화물,남,49세,중상
2023020800100121,2023년 2월 8일 08시,수요일,인천광역시 연수구 청학동,경상사고,0,0,1,0,차대차 - 측면충돌,안전운전불이행,건조,맑음,교차로 - 교차로안,화물,남,61세,기타불명,승용,남,38세,경상
2023020800100157,2023년 2월 8일 09시,수요일,인천광역시 남동구 도림동,경상사고,0,0,1,0,차대차 - 추돌,안전운전불이행,건조,맑음,교차로 - 교차로부근,승용,남,63세,상해없음,승용,여,44세,경상
2023020800100205,2023년 2월 8일 11시,수요일,인천광역시 중구 운서동,경상사고,0,0,6,0,차대차 - 정면충돌,신호위반,건조,맑음,교차로 - 교차로안,승용,남,41세,경상,승용,남,74세,경상
2023020800100292,2023년 2월 8일 14시,수요일,인천광역시 중구 운서동,중상사고,0,1,2,0,차대차 - 측면충돌,교차로운행방법위반,건조,맑음,교차로 - 교차로안,승용,여,48세,상해없음,승용,남,62세,중상
2023020800100320,2023년 2월 8일 15시,수요일,인천광역시 연수구 동춘동,경상사고,0,0,1,0,차대차 - 측면충돌,신호위반,건조,맑음,교차로 - 교차로안,화물,남,56세,상해없음,승용,여,58세,경상
2023020800100352,2023년 2월 8일 16시,수요일,인천광역시 연수구 송도동,경상사고,0,0,2,0,차대차 - 추돌,안전운전불이행,건조,맑음,교차로 - 교차로부근,승용,남,64세,상해없음,승용,남,59세,경상
2023020800100383,2023년 2월 8일 17시,수요일,인천광역시 계양구 병방동,경상사고,0,0,1,0,차대차 - 측면충돌,안전운전불이행,건조,맑음,단일로 - 기타,화물,남,70세,상해없음,승용,남,47세,경상
2023020800100506,2023년 2월 8일 21시,수요일,인천광역시 부평구 산곡동,경상사고,0,0,2,0,차대차 - 측면충돌,신호위반,건조,맑음,교차로 - 교차로안,승용,여,54세,경상,승합,남,71세,경상
2023020800100537,2023년 2월 8일 23시,수요일,인천광역시 부평구 일신동,중상사고,0,1,1,0,차대차 - 측면충돌,안전거리미확보,건조,맑음,단일로 - 기타,승용,남,49세,상해없음,승용,여,55세,경상
2023020900100009,2023년 2월 9일 00시,목요일,인천광역시 서구 원당동,경상사고,0,0,2,0,차대차 - 측면충돌,안전운전불이행,건조,맑음,교차로 - 교차로부근,승용,남,30세,상해없음,승용,남,35세,경상
2023020900100016,2023년 2월 9일 01시,목요일,인천광역시 부평구 십정동,경상사고,0,0,3,0,차대차 - 측면충돌,안전운전불이행,건조,맑음,교차로 - 교차로안,승용,남,60세,상해없음,승용,남,42세,경상
2023020900100061,2023년 2월 9일 07시,목요일,인천광역시 서구 신현동,경상사고,0,0,1,0,차대사람 - 차도통행중,안전운전불이행,건조,맑음,교차로 - 교차로부근,승용,남,65세,상해없음,보행자,여,30세,경상
2023020900100062,2023년 2월 9일 07시,목요일,인천광역시 연수구 선학동,중상사고,0,1,0,0,차대차 - 측면충돌,신호위반,건조,맑음,교차로 - 교차로안,승용,남,64세,상해없음,승용,여,75세,중상
2023020900100082,2023년 2월 9일 08시,목요일,인천광역시 계양구 계산동,경상사고,0,0,1,0,차대차 - 측면충돌,안전운전불이행,건조,맑음,단일로 - 기타,화물,남,62세,상해없음,승용,여,77세,경상
2023020900100083,2023년 2월 9일 08시,목요일,인천광역시 연수구 송도동,경상사고,0,0,1,0,차대차 - 측면충돌,안전운전불이행,건조,맑음,단일로 - 교량,승용,남,70세,상해없음,승용,여,22세,경상
2023020900100107,2023년 2월 9일 09시,목요일,인천광역시 연수구 옥련동,경상사고,0,0,1,0,차대차 - 추돌,안전운전불이행,건조,맑음,단일로 - 고가도로위,화물,남,31세,상해없음,승용,남,52세,경상
2023020900100159,2023년 2월 9일 11시,목요일,인천광역시 서구 당하동,중상사고,0,1,0,0,차대사람 - 횡단중,신호위반,건조,맑음,교차로 - 교차로횡단보도내,화물,남,62세,상해없음,보행자,여,63세,중상
2023020900100190,2023년 2월 9일 12시,목요일,인천광역시 중구 운서동,경상사고,0,0,1,0,차대차 - 측면충돌,안전운전불이행,건조,맑음,교차로 - 교차로부근,승용,남,65세,상해없음,승용,남,52세,경상
2023020900100191,2023년 2월 9일 12시,목요일,인천광역시 부평구 부평동,경상사고,0,0,1,0,차대차 - 추돌,안전운전불이행,건조,맑음,교차로 - 교차로부근,화물,남,60세,상해없음,이륜,남,37세,경상
2023020900100192,2023년 2월 9일 12시,목요일,인천광역시 남동구 논현동,경상사고,0,0,1,0,차대사람 - 기타,기타,건조,맑음,교차로 - 교차로부근,승합,남,68세,상해없음,보행자,여,59세,경상
2023020900100244,2023년 2월 9일 14시,목요일,인천광역시 부평구 일신동,경상사고,0,0,2,0,차대차 - 측면충돌,안전거리미확보,건조,맑음,교차로 - 교차로부근,승용,남,36세,상해없음,승용,여,25세,경상
2023020900100245,2023년 2월 9일 14시,목요일,인천광역시 계양구 노오지동,경상사고,0,0,3,0,차대차 - 추돌,안전운전불이행,건조,맑음,단일로 - 기타,승용,남,25세,상해없음,승용,여,31세,경상
2023020900100269,2023년 2월 9일 15시,목요일,인천광역시 부평구 부평동,경상사고,0,0,1,0,차대사람 - 횡단중,보행자보호의무위반,건조,맑음,기타 - 기타,승용,남,28세,상해없음,보행자,남,75세,경상
2023020900100270,2023년 2월 9일 15시,목요일,인천광역시 부평구 청천동,경상사고,0,0,1,0,차대사람 - 횡단중,보행자보호의무위반,건조,맑음,교차로 - 교차로횡단보도내,승용,남,52세,상해없음,보행자,여,67세,경상
2023020900100271,2023년 2월 9일 15시,목요일,인천광역시 연수구 송도동,경상사고,0,0,2,0,차대차 - 측면충돌,차로위반,건조,맑음,교차로 - 교차로부근,승용,여,22세,상해없음,승용,남,28세,경상
2023020900100401,2023년 2월 9일 19시,목요일,인천광역시 미추홀구 용현동,경상사고,0,0,2,0,차대차 - 기타,안전운전불이행,건조,맑음,단일로 - 기타,특수,남,55세,상해없음,승용,남,40세,경상
2023020900100402,2023년 2월 9일 19시,목요일,인천광역시 미추홀구 용현동,경상사고,0,0,1,0,차대차 - 측면충돌,안전운전불이행,건조,맑음,단일로 - 기타,승용,남,51세,상해없음,승용,남,63세,경상
2023020900100429,2023년 2월 9일 20시,목요일,인천광역시 중구 중산동,중상사고,0,1,0,0,차대차 - 측면충돌,안전운전불이행,건조,맑음,교차로 - 교차로안,승용,남,65세,상해없음,이륜,남,60세,중상
2023020900100430,2023년 2월 9일 20시,목요일,인천광역시 서구 당하동,경상사고,0,0,2,0,차대사람 - 횡단중,보행자보호의무위반,건조,맑음,단일로 - 기타,이륜,남,36세,상해없음,보행자,여,21세,경상
2023021000100007,2023년 2월 10일 00시,금요일,인천광역시 부평구 삼산동,부상신고사고,0,0,0,1,차대사람 - 횡단중,안전운전불이행,젖음/습기,비,교차로 - 교차로횡단보도내,기타불명,기타불명,미분류,기타불명,보행자,남,73세,부상신고
2023021000100008,2023년 2월 10일 00시,금요일,인천광역시 계양구 귤현동,경상사고,0,0,1,0,차대차 - 추돌,안전운전불이행,건조,맑음,단일로 - 기타,승용,남,23세,기타불명,승용,남,44세,경상
2023021000100028,2023년 2월 10일 02시,금요일,인천광역시 미추홀구 주안동,경상사고,0,0,1,0,차대차 - 측면충돌,안전운전불이행,건조,맑음,단일로 - 기타,승용,남,29세,상해없음,화물,남,35세,경상
2023021000100051,2023년 2월 10일 05시,금요일,인천광역시 미추홀구 주안동,경상사고,0,0,1,0,차대차 - 측면충돌,안전거리미확보,젖음/습기,흐림,단일로 - 기타,화물,남,55세,상해없음,승용,여,63세,경상
2023021000100150,2023년 2월 10일 09시,금요일,인천광역시 서구 석남동,경상사고,0,0,1,0,차대차 - 기타,신호위반,건조,맑음,교차로 - 교차로안,이륜,남,74세,기타불명,승용,남,54세,경상
2023021000100196,2023년 2월 10일 11시,금요일,인천광역시 서구 가좌동,경상사고,0,0,2,0,차대차 - 측면충돌,안전운전불이행,건조,맑음,교차로 - 교차로부근,화물,남,40세,상해없음,승용,남,21세,경상
2023021000100220,2023년 2월 10일 12시,금요일,인천광역시 미추홀구 용현동,경상사고,0,0,1,0,차대차 - 기타,안전운전불이행,젖음/습기,맑음,교차로 - 교차로부근,승용,남,36세,상해없음,사륜오토바이(ATV),남,19세,경상
2023021000100286,2023년 2월 10일 15시,금요일,인천광역시 부평구 십정동,경상사고,0,0,4,0,차대차 - 측면충돌,안전운전불이행,건조,맑음,단일로 - 기타,화물,남,44세,상해없음,승용,남,24세,경상
2023021000100318,2023년 2월 10일 16시,금요일,인천광역시 서구 오류동,경상사고,0,0,1,0,차대차 - 측면충돌,안전운전불이행,건조,맑음,교차로 - 교차로부근,건설기계,남,64세,경상,승용,여,58세,상해없음
2023021000100319,2023년 2월 10일 16시,금요일,인천광역시 서구 당하동,경상사고,0,0,1,0,차대차 - 측면충돌,안전거리미확보,건조,맑음,단일로 - 고가도로위,건설기계,남,66세,상해없음,승용,남,31세,경상
2023021000100320,2023년 2월 10일 16시,금요일,인천광역시 부평구 갈산동,경상사고,0,0,1,0,차대차 - 정면충돌,교차로운행방법위반,건조,맑음,교차로 - 교차로안,승용,남,52세,상해없음,이륜,남,44세,경상
2023021000100357,2023년 2월 10일 17시,금요일,인천광역시 서구 원당동,중상사고,0,1,0,0,차대사람 - 횡단중,보행자보호의무위반,건조,맑음,교차로 - 교차로횡단보도내,승용,남,59세,상해없음,보행자,여,11세,중상
2023021000100404,2023년 2월 10일 18시,금요일,인천광역시 계양구 효성동,경상사고,0,0,1,0,차대사람 - 기타,안전운전불이행,건조,맑음,단일로 - 기타,승용,남,57세,상해없음,보행자,남,29세,경상
2023021000100453,2023년 2월 10일 19시,금요일,인천광역시 연수구 송도동,중상사고,0,1,0,0,차대차 - 측면충돌,신호위반,건조,맑음,교차로 - 교차로안,승용,여,32세,상해없음,승용,여,37세,중상
2023021000100454,2023년 2월 10일 19시,금요일,인천광역시 연수구 송도동,경상사고,0,0,1,0,차대차 - 측면충돌,안전운전불이행,건조,맑음,단일로 - 기타,승용,남,58세,상해없음,승용,남,25세,경상
2023021000100455,2023년 2월 10일 19시,금요일,인천광역시 남동구 논현동,경상사고,0,0,1,0,차대차 - 추돌,안전운전불이행,건조,맑음,교차로 - 교차로안,승용,남,30세,상해없음,이륜,남,45세,경상
2023021000100488,2023년 2월 10일 20시,금요일,인천광역시 부평구 부평동,경상사고,0,0,1,0,차대사람 - 보도통행중,안전운전불이행,건조,맑음,기타 - 기타,승용,남,67세,상해없음,보행자,여,22세,경상
2023021000100489,2023년 2월 10일 20시,금요일,인천광역시 서구 왕길동,경상사고,0,0,3,0,차대차 - 정면충돌,중앙선침범,건조,맑음,단일로 - 기타,승용,남,60세,상해없음,화물,남,40세,경상
2023021000100490,2023년 2월 10일 20시,금요일,인천광역시 연수구 선학동,경상사고,0,0,1,0,차대차 - 측면충돌,교차로운행방법위반,건조,맑음,교차로 - 교차로안,승용,여,50세,상해없음,승용,남,27세,경상
2023021000100514,2023년 2월 10일 21시,금요일,인천광역시 중구 중산동,경상사고,0,0,2,0,차대차 - 측면충돌,교차로운행방법위반,건조,맑음,교차로 - 교차로안,승용,여,44세,상해없음,승용,남,29세,경상
2023021000100515,2023년 2월 10일 21시,금요일,인천광역시 부평구 산곡동,경상사고,0,0,1,0,차대차 - 추돌,안전운전불이행,건조,맑음,교차로 - 교차로부근,승용,남,71세,상해없음,승용,남,34세,경상
2023021000100534,2023년 2월 10일 22시,금요일,인천광역시 미추홀구 숭의동,경상사고,0,0,3,0,차대차 - 측면충돌,안전운전불이행,건조,맑음,단일로 - 기타,승용,남,28세,상해없음,승용,남,49세,경상
2023021000100535,2023년 2월 10일 22시,금요일,인천광역시 부평구 십정동,경상사고,0,0,1,0,차대차 - 측면충돌,안전운전불이행,건조,맑음,교차로 - 교차로부근,승용,남,24세,상해없음,승용,여,68세,경상
2023021000100536,2023년 2월 10일 22시,금요일,인천광역시 연수구 송도동,경상사고,0,0,2,0,차대차 - 추돌,안전운전불이행,건조,맑음,단일로 - 고가도로위,승용,여,44세,상해없음,승합,여,52세,경상
2023021100100013,2023년 2월 11일 00시,토요일,인천광역시 미추홀구 주안동,부상신고사고,0,0,0,1,차대차 - 후진중충돌,안전운전불이행,건조,맑음,단일로 - 기타,승용,여,39세,상해없음,승용,남,23세,부상신고
2023021100100040,2023년 2월 11일 02시,토요일,인천광역시 미추홀구 주안동,경상사고,0,0,4,0,차대차 - 추돌,안전운전불이행,건조,맑음,단일로 - 기타,승용,남,30세,상해없음,승용,남,42세,경상
2023021100100049,2023년 2월 11일 03시,토요일,인천광역시 계양구 서운동,중상사고,0,1,3,0,차대차 - 추돌,안전운전불이행,건조,맑음,단일로 - 기타,화물,남,60세,상해없음,승용,남,74세,중상
2023021100100058,2023년 2월 11일 04시,토요일,인천광역시 중구 운북동,경상사고,0,0,1,0,차대사람 - 기타,안전운전불이행,건조,맑음,기타 - 기타,승용,여,32세,상해없음,보행자,여,52세,경상
2023021100100090,2023년 2월 11일 07시,토요일,인천광역시 서구 공촌동,중상사고,0,9,18,0,차대차 - 추돌,안전운전불이행,건조,흐림,단일로 - 기타,승합,남,81세,상해없음,승용,남,59세,중상
2023021100100161,2023년 2월 11일 11시,토요일,인천광역시 미추홀구 용현동,경상사고,0,0,1,0,차대차 - 측면충돌,안전거리미확보,건조,맑음,단일로 - 기타,승용,남,57세,상해없음,이륜,남,49세,경상
2023021100100217,2023년 2월 11일 13시,토요일,인천광역시 연수구 송도동,경상사고,0,0,3,0,차대차 - 추돌,안전운전불이행,건조,맑음,주차장 - 주차장,승용,여,40세,상해없음,승용,여,27세,경상
2023021100100266,2023년 2월 11일 15시,토요일,인천광역시 중구 운서동,경상사고,0,0,1,0,차대차 - 측면충돌,교차로운행방법위반,건조,맑음,교차로 - 교차로안,승용,남,57세,상해없음,승용,여,47세,경상
2023021100100371,2023년 2월 11일 19시,토요일,인천광역시 남동구 간석동,중상사고,0,1,0,0,차대사람 - 횡단중,안전운전불이행,건조,맑음,단일로 - 기타,화물,남,86세,상해없음,보행자,남,70세,중상
2023021100100372,2023년 2월 11일 19시,토요일,인천광역시 남동구 간석동,경상사고,0,0,1,0,차대차 - 기타,안전운전불이행,건조,맑음,교차로 - 교차로부근,승용,남,35세,상해없음,이륜,여,32세,경상
2023021100100373,2023년 2월 11일 19시,토요일,인천광역시 연수구 송도동,중상사고,0,1,0,0,차대차 - 추돌,안전운전불이행,젖음/습기,맑음,교차로 - 교차로부근,이륜,남,25세,기타불명,이륜,남,45세,중상
2023021100100400,2023년 2월 11일 20시,토요일,인천광역시 서구 연희동,경상사고,0,0,1,0,차대차 - 추돌,안전운전불이행,건조,맑음,교차로 - 교차로부근,승용,여,42세,상해없음,승용,남,34세,경상
2023021100100468,2023년 2월 11일 23시,토요일,인천광역시 서구 경서동,경상사고,0,0,2,0,차대차 - 정면충돌,안전운전불이행,건조,맑음,기타 - 기타,화물,남,59세,상해없음,승합,남,55세,경상
2023021100100469,2023년 2월 11일 23시,토요일,인천광역시 계양구 작전동,중상사고,0,1,0,0,차대차 - 기타,신호위반,건조,맑음,교차로 - 교차로안,이륜,남,29세,기타불명,승용,남,62세,상해없음
2023021200100026,2023년 2월 12일 01시,일요일,인천광역시 남동구 간석동,중상사고,0,1,0,0,차대사람 - 횡단중,안전운전불이행,건조,맑음,단일로 - 기타,승용,남,67세,상해없음,보행자,남,61세,중상
2023021200100062,2023년 2월 12일 08시,일요일,인천광역시 서구 가정동,경상사고,0,0,1,0,차대차 - 추돌,안전운전불이행,건조,맑음,교차로 - 교차로부근,승용,남,30세,상해없음,승용,여,57세,경상
2023021200100111,2023년 2월 12일 11시,일요일,인천광역시 서구 청라동,경상사고,0,0,1,0,차대차 - 측면충돌,안전운전불이행,건조,맑음,단일로 - 기타,승용,남,30세,상해없음,승용,남,31세,경상
2023021200100112,2023년 2월 12일 11시,일요일,인천광역시 부평구 부개동,경상사고,0,0,1,0,차대사람 - 길가장자리구역통행중,안전운전불이행,건조,맑음,교차로 - 교차로부근,승용,남,73세,상해없음,보행자,여,49세,경상
2023021200100157,2023년 2월 12일 13시,일요일,인천광역시 미추홀구 주안동,경상사고,0,0,1,0,차대사람 - 횡단중,안전운전불이행,건조,맑음,단일로 - 기타,승용,남,75세,기타불명,보행자,여,26세,경상
2023021200100184,2023년 2월 12일 14시,일요일,인천광역시 미추홀구 주안동,경상사고,0,0,1,0,차대차 - 후진중충돌,안전운전불이행,건조,맑음,단일로 - 기타,승용,남,33세,기타불명,승용,여,34세,경상
2023021200100239,2023년 2월 12일 17시,일요일,인천광역시 미추홀구 주안동,경상사고,0,0,1,0,차대사람 - 길가장자리구역통행중,안전운전불이행,건조,맑음,교차로 - 교차로부근,기타불명,기타불명,미분류,기타불명,보행자,남,79세,경상
2023021200100310,2023년 2월 12일 20시,일요일,인천광역시 미추홀구 용현동,중상사고,0,1,0,0,차대차 - 정면충돌,신호위반,건조,맑음,교차로 - 교차로안,승용,여,63세,상해없음,승용,남,50세,중상
2023021200100311,2023년 2월 12일 20시,일요일,인천광역시 남동구 구월동,경상사고,0,0,1,0,차대사람 - 횡단중,안전운전불이행,건조,맑음,단일로 - 기타,승용,남,67세,상해없음,보행자,여,20세,경상
2023021300100019,2023년 2월 13일 04시,월요일,인천광역시 중구 항동3가,경상사고,0,0,1,0,차대차 - 측면충돌,신호위반,건조,맑음,교차로 - 교차로안,화물,남,65세,상해없음,승용,남,29세,경상
2023021300100060,2023년 2월 13일 07시,월요일,인천광역시 미추홀구 학익동,부상신고사고,0,0,0,1,차대사람 - 보도통행중,안전운전불이행,건조,맑음,교차로 - 교차로부근,화물,남,63세,상해없음,보행자,여,25세,부상신고
2023021300100061,2023년 2월 13일 07시,월요일,인천광역시 서구 금곡동,중상사고,0,1,0,0,차대사람 - 횡단중,안전운전불이행,건조,맑음,단일로 - 기타,화물,남,56세,상해없음,보행자,여,81세,중상
2023021300100098,2023년 2월 13일 08시,월요일,인천광역시 중구 운서동,경상사고,0,0,2,0,차대차 - 추돌,안전운전불이행,건조,맑음,미분류 - 미분류,승용,남,24세,경상,승용,남,62세,경상
2023021300100099,2023년 2월 13일 08시,월요일,인천광역시 남동구 고잔동,경상사고,0,0,3,0,차대차 - 측면충돌,안전운전불이행,건조,맑음,단일로 - 기타,승용,남,54세,경상,승용,남,66세,경상
2023021300100121,2023년 2월 13일 09시,월요일,인천광역시 서구 청라동,경상사고,0,0,1,0,차대차 - 측면충돌,안전운전불이행,건조,맑음,단일로 - 기타,승용,남,69세,상해없음,승용,남,31세,경상
2023021300100122,2023년 2월 13일 09시,월요일,인천광역시 남동구 고잔동,중상사고,0,1,0,0,차대차 - 측면충돌,안전거리미확보,건조,맑음,단일로 - 기타,건설기계,남,72세,상해없음,승용,남,53세,중상
2023021300100145,2023년 2월 13일 10시,월요일,인천광역시 남동구 간석동,경상사고,0,0,1,0,차대차 - 후진중충돌,안전운전불이행,건조,흐림,단일로 - 기타,승용,여,60세,상해없음,승용,남,31세,경상
2023021300100146,2023년 2월 13일 10시,월요일,인천광역시 서구 가좌동,경상사고,0,0,1,0,차대사람 - 기타,기타,건조,맑음,기타 - 기타,승합,남,60세,기타불명,보행자,여,61세,경상
2023021300100147,2023년 2월 13일 10시,월요일,인천광역시 부평구 구산동,중상사고,0,1,0,0,차량단독 - 기타,안전운전불이행,건조,맑음,교차로 - 교차로부근,승합,남,51세,상해없음,,,,
2023021300100166,2023년 2월 13일 11시,월요일,인천광역시 강화군 삼산면,중상사고,0,1,1,0,차대차 - 측면충돌,교차로운행방법위반,건조,맑음,교차로 - 교차로안,승용,여,70세,중상,승용,남,68세,경상
2023021300100189,2023년 2월 13일 12시,월요일,인천광역시 서구 청라동,경상사고,0,0,1,1,차대차 - 측면충돌,안전거리미확보,건조,맑음,교차로 - 교차로안,이륜,남,29세,부상신고,승용,남,56세,경상
2023021300100190,2023년 2월 13일 12시,월요일,인천광역시 부평구 부개동,경상사고,0,0,1,0,차대차 - 측면충돌,안전운전불이행,건조,맑음,교차로 - 교차로부근,승용,남,47세,상해없음,화물,남,47세,경상
2023021300100276,2023년 2월 13일 15시,월요일,인천광역시 부평구 십정동,경상사고,0,0,2,0,차대차 - 추돌,안전운전불이행,건조,맑음,교차로 - 교차로부근,승용,여,46세,상해없음,승용,남,61세,경상
2023021300100277,2023년 2월 13일 15시,월요일,인천광역시 부평구 부평동,경상사고,0,0,1,0,차대차 - 추돌,안전운전불이행,건조,맑음,교차로 - 교차로부근,승용,남,56세,상해없음,이륜,남,42세,경상
2023021300100278,2023년 2월 13일 15시,월요일,인천광역시 부평구 일신동,경상사고,0,0,1,0,차대차 - 추돌,차로위반,건조,맑음,단일로 - 고가도로위,화물,남,61세,상해없음,승용,남,71세,경상
2023021300100355,2023년 2월 13일 17시,월요일,인천광역시 남동구 장수동,경상사고,0,0,2,0,차대차 - 추돌,안전운전불이행,건조,기타,단일로 - 터널,승용,남,58세,상해없음,승용,여,50세,경상
2023021300100411,2023년 2월 13일 18시,월요일,인천광역시 미추홀구 용현동,경상사고,0,0,1,0,차대차 - 측면충돌,안전운전불이행,건조,맑음,단일로 - 기타,승합,남,58세,상해없음,승용,남,26세,경상
2023021300100412,2023년 2월 13일 18시,월요일,인천광역시 서구 불로동,부상신고사고,0,0,0,1,차대차 - 기타,신호위반,건조,맑음,교차로 - 교차로부근,이륜,남,58세,부상신고,승용,남,64세,기타불명
2023021300100413,2023년 2월 13일 18시,월요일,인천광역시 서구 원창동,경상사고,0,0,1,0,차대차 - 측면충돌,차로위반,건조,맑음,단일로 - 기타,승용,여,48세,상해없음,화물,남,66세,경상
2023021300100443,2023년 2월 13일 19시,월요일,인천광역시 미추홀구 용현동,경상사고,0,0,1,0,차대차 - 기타,안전운전불이행,건조,기타,교차로 - 교차로안,승용,남,66세,상해없음,승용,여,49세,경상
2023021300100444,2023년 2월 13일 19시,월요일,인천광역시 연수구 송도동,경상사고,0,0,1,0,차대차 - 기타,안전운전불이행,건조,맑음,단일로 - 고가도로위,승용,남,28세,상해없음,승용,남,33세,경상
2023021300100469,2023년 2월 13일 20시,월요일,인천광역시 동구 송현동,경상사고,0,0,1,0,차대차 - 측면충돌,신호위반,건조,맑음,교차로 - 교차로안,승용,남,39세,상해없음,자전거,남,62세,경상
2023021300100470,2023년 2월 13일 20시,월요일,인천광역시 미추홀구 용현동,경상사고,0,0,1,0,차대차 - 기타,안전운전불이행,건조,맑음,교차로 - 교차로안,승용,여,63세,상해없음,이륜,남,40세,경상
2023021300100496,2023년 2월 13일 22시,월요일,인천광역시 중구 운남동,경상사고,0,0,2,0,차대차 - 측면충돌,신호위반,건조,맑음,교차로 - 교차로안,승용,여,58세,상해없음,승용,남,68세,경상
2023021300100503,2023년 2월 13일 23시,월요일,인천광역시 남동구 구월동,경상사고,0,0,1,1,차대차 - 기타,교차로운행방법위반,건조,맑음,교차로 - 교차로안,이륜,남,28세,부상신고,이륜,남,30세,경상
2023021400100011,2023년 2월 14일 00시,화요일,인천광역시 부평구 부평동,경상사고,0,0,1,0,차대차 - 후진중충돌,안전운전불이행,건조,맑음,교차로 - 교차로부근,승용,남,28세,상해없음,자전거,여,51세,경상
2023021400100018,2023년 2월 14일 01시,화요일,인천광역시 서구 원창동,중상사고,0,1,0,0,차대차 - 정면충돌,신호위반,건조,맑음,교차로 - 교차로안,특수,남,66세,상해없음,화물,남,29세,중상
2023021400100077,2023년 2월 14일 08시,화요일,인천광역시 미추홀구 관교동,경상사고,0,0,1,0,차대차 - 측면충돌,안전거리미확보,건조,맑음,단일로 - 기타,승용,여,33세,기타불명,승합,남,62세,경상
2023021400100078,2023년 2월 14일 08시,화요일,인천광역시 미추홀구 학익동,경상사고,0,0,1,0,차대차 - 측면충돌,교차로운행방법위반,건조,맑음,교차로 - 교차로안,화물,남,50세,기타불명,승용,여,44세,경상
2023021400100079,2023년 2월 14일 08시,화요일,인천광역시 부평구 삼산동,경상사고,0,0,1,0,차대사람 - 차도통행중,안전운전불이행,건조,맑음,교차로 - 교차로부근,승용,여,36세,상해없음,보행자,남,37세,경상
2023021400100121,2023년 2월 14일 10시,화요일,인천광역시 남동구 논현동,경상사고,0,0,1,0,차대차 - 추돌,안전운전불이행,건조,맑음,교차로 - 교차로안,승용,여,65세,상해없음,승용,여,32세,경상
2023021400100169,2023년 2월 14일 12시,화요일,인천광역시 서구 왕길동,경상사고,0,0,1,0,차대사람 - 횡단중,신호위반,건조,맑음,단일로 - 기타,원동기,남,55세,상해없음,보행자,남,8세,경상
2023021400100193,2023년 2월 14일 13시,화요일,인천광역시 미추홀구 관교동,경상사고,0,0,1,0,차대차 - 측면충돌,중앙선침범,건조,맑음,단일로 - 기타,승용,남,66세,상해없음,승용,여,59세,경상