사고번호,사고일시,요일,시군구,사고내용,사망자수,중상자수,경상자수,부상신고자수,사고유형,법규위반,노면상태,기상상태,도로형태,가해운전자 차종,가해운전자 성별,가해운전자 연령,가해운전자 상해정도,피해운전자 차종,피해운전자 성별,피해운전자 연령,피해운전자 상해정도
2023030600100314,2023년 3월 6일 15시,월요일,인천광역시 남동구 논현동,경상사고,0,0,1,0,차대차 - 측면충돌,안전운전불이행,건조,맑음,교차로 - 교차로안,화물,남,58세,상해없음,승용,여,51세,경상
2023030600100343,2023년 3월 6일 16시,월요일,인천광역시 남동구 운연동,경상사고,0,0,1,0,차대차 - 측면충돌,안전운전불이행,건조,맑음,단일로 - 기타,승합,남,62세,상해없음,건설기계,남,55세,경상
2023030600100375,2023년 3월 6일 17시,월요일,인천광역시 미추홀구 숭의동,경상사고,0,0,1,0,차대사람 - 횡단중,보행자보호의무위반,건조,맑음,교차로 - 교차로횡단보도내,승용,남,68세,상해없음,보행자,남,63세,경상
2023030600100376,2023년 3월 6일 17시,월요일,인천광역시 남동구 구월동,경상사고,0,0,1,0,차대차 - 측면충돌,안전거리미확보,건조,맑음,단일로 - 기타,승용,남,64세,상해없음,승용,남,33세,경상
2023030600100434,2023년 3월 6일 19시,월요일,인천광역시 미추홀구 숭의동,경상사고,0,0,3,0,차대차 - 측면충돌,교차로운행방법위반,건조,맑음,교차로 - 교차로횡단보도내,승용,남,61세,상해없음,승용,남,39세,경상
2023030600100460,2023년 3월 6일 20시,월요일,인천광역시 미추홀구 도화동,중상사고,0,1,0,0,차대사람 - 횡단중,보행자보호의무위반,건조,맑음,단일로 - 기타,승용,남,60세,상해없음,보행자,여,36세,중상
2023030600100461,2023년 3월 6일 20시,월요일,인천광역시 계양구 계산동,경상사고,0,0,2,0,차대차 - 추돌,안전운전불이행,건조,맑음,교차로 - 교차로부근,승용,남,39세,상해없음,승용,여,27세,경상
2023030600100479,2023년 3월 6일 21시,월요일,인천광역시 미추홀구 주안동,중상사고,0,1,0,0,차대차 - 기타,안전운전불이행,건조,맑음,교차로 - 교차로안,승용,여,29세,상해없음,이륜,남,32세,중상
2023030600100480,2023년 3월 6일 21시,월요일,인천광역시 남동구 간석동,경상사고,0,0,1,0,차대차 - 측면충돌,안전운전불이행,건조,맑음,주차장 - 주차장,승용,남,64세,상해없음,승용,남,35세,경상
2023030700100038,2023년 3월 7일 06시,화요일,인천광역시 연수구 송도동,중상사고,0,1,0,0,차대차 - 추돌,안전운전불이행,건조,맑음,교차로 - 교차로부근,승용,남,47세,상해없음,자전거,여,39세,중상
2023030700100088,2023년 3월 7일 08시,화요일,인천광역시 부평구 부평동,경상사고,0,0,1,0,차대차 - 기타,기타,건조,맑음,단일로 - 기타,승용,남,47세,기타불명,이륜,남,38세,경상
2023030700100111,2023년 3월 7일 09시,화요일,인천광역시 남동구 간석동,경상사고,0,0,1,0,차대차 - 측면충돌,안전운전불이행,건조,맑음,교차로 - 교차로안,승용,여,54세,상해없음,화물,남,34세,경상
2023030700100138,2023년 3월 7일 10시,화요일,인천광역시 미추홀구 도화동,경상사고,0,0,2,0,차대차 - 추돌,안전운전불이행,건조,맑음,단일로 - 기타,승용,여,45세,상해없음,화물,남,62세,경상
2023030700100166,2023년 3월 7일 11시,화요일,인천광역시 서구 석남동,중상사고,0,1,0,0,차대차 - 측면충돌,안전운전불이행,건조,맑음,기타 - 기타,원동기,남,24세,상해없음,원동기,남,43세,중상
2023030700100193,2023년 3월 7일 12시,화요일,인천광역시 동구 송현동,경상사고,0,0,1,0,차대차 - 기타,안전운전불이행,건조,맑음,교차로 - 교차로안,승용,남,32세,상해없음,이륜,남,55세,경상
2023030700100221,2023년 3월 7일 13시,화요일,인천광역시 부평구 십정동,경상사고,0,0,1,0,차대사람 - 기타,안전운전불이행,건조,맑음,주차장 - 주차장,승합,남,63세,상해없음,보행자,남,39세,경상
2023030700100222,2023년 3월 7일 13시,화요일,인천광역시 서구 가정동,경상사고,0,0,1,0,차대사람 - 차도통행중,안전운전불이행,건조,맑음,단일로 - 지하차도(도로)내,승용,여,34세,상해없음,보행자,여,39세,경상
2023030700100251,2023년 3월 7일 14시,화요일,인천광역시 서구 가정동,경상사고,0,0,2,0,차대차 - 기타,차로위반,건조,맑음,단일로 - 기타,승합,남,62세,상해없음,승용,여,30세,경상
2023030700100281,2023년 3월 7일 15시,화요일,인천광역시 미추홀구 학익동,경상사고,0,0,1,0,차대차 - 측면충돌,안전거리미확보,건조,맑음,교차로 - 교차로부근,승용,남,75세,상해없음,승용,남,67세,경상
2023030700100328,2023년 3월 7일 16시,화요일,인천광역시 미추홀구 도화동,중상사고,0,1,0,0,차량단독 - 기타,안전운전불이행,건조,맑음,단일로 - 기타,승합,남,58세,상해없음,,,,
2023030700100361,2023년 3월 7일 17시,화요일,인천광역시 계양구 갈현동,중상사고,0,1,1,0,차대차 - 측면충돌,교차로운행방법위반,건조,맑음,교차로 - 교차로부근,승용,여,46세,중상,화물,남,40세,경상
2023030700100362,2023년 3월 7일 17시,화요일,인천광역시 연수구 연수동,중상사고,0,1,0,0,차대사람 - 횡단중,신호위반,건조,맑음,교차로 - 교차로안,승용,남,44세,상해없음,보행자,남,15세,중상
2023030700100394,2023년 3월 7일 18시,화요일,인천광역시 부평구 청천동,경상사고,0,0,1,0,차대차 - 정면충돌,신호위반,건조,맑음,교차로 - 교차로안,승용,남,22세,상해없음,이륜,남,18세,경상
2023030700100430,2023년 3월 7일 19시,화요일,인천광역시 미추홀구 관교동,경상사고,0,0,2,0,차대차 - 측면충돌,안전거리미확보,건조,맑음,단일로 - 기타,승용,여,49세,상해없음,승용,남,21세,경상
2023030700100431,2023년 3월 7일 19시,화요일,인천광역시 남동구 구월동,경상사고,0,0,2,0,차대차 - 측면충돌,안전운전불이행,건조,맑음,교차로 - 교차로부근,승용,남,45세,상해없음,승용,남,48세,상해없음
2023030700100463,2023년 3월 7일 20시,화요일,인천광역시 남동구 만수동,중상사고,0,1,0,0,차대사람 - 횡단중,보행자보호의무위반,건조,맑음,교차로 - 교차로안,승용,남,65세,상해없음,보행자,남,49세,중상
2023030700100498,2023년 3월 7일 22시,화요일,인천광역시 연수구 연수동,경상사고,0,0,1,0,차대차 - 측면충돌,안전운전불이행,건조,맑음,단일로 - 지하차도(도로)내,승용,남,51세,상해없음,승용,여,39세,경상
2023030800100008,2023년 3월 8일 00시,수요일,인천광역시 서구 경서동,경상사고,0,0,2,0,차대차 - 측면충돌,안전운전불이행,건조,맑음,교차로 - 교차로안,승용,남,29세,상해없음,승용,남,59세,경상
2023030800100023,2023년 3월 8일 03시,수요일,인천광역시 서구 오류동,경상사고,0,0,1,0,차대차 - 추돌,차로위반,건조,맑음,단일로 - 기타,승용,남,26세,상해없음,승용,여,63세,경상
2023030800100043,2023년 3월 8일 05시,수요일,인천광역시 미추홀구 용현동,중상사고,0,1,0,0,차대사람 - 차도통행중,안전운전불이행,기타,기타,단일로 - 기타,화물,남,24세,상해없음,보행자,남,59세,중상
2023030800100044,2023년 3월 8일 05시,수요일,인천광역시 남동구 만수동,중상사고,0,1,0,0,차대사람 - 횡단중,보행자보호의무위반,건조,맑음,교차로 - 교차로횡단보도내,승용,남,73세,상해없음,보행자,여,65세,중상
2023030800100045,2023년 3월 8일 05시,수요일,인천광역시 서구 경서동,경상사고,0,0,1,0,차대차 - 측면충돌,신호위반,건조,맑음,교차로 - 교차로안,화물,남,62세,상해없음,화물,남,52세,경상
2023030800100074,2023년 3월 8일 07시,수요일,인천광역시 남동구 만수동,경상사고,0,0,1,0,차대차 - 측면충돌,교차로운행방법위반,건조,맑음,교차로 - 교차로안,승합,남,61세,상해없음,승용,여,46세,경상
2023030800100109,2023년 3월 8일 08시,수요일,인천광역시 남동구 간석동,경상사고,0,0,1,0,차대차 - 측면충돌,안전운전불이행,건조,맑음,단일로 - 기타,승용,여,28세,상해없음,승용,남,45세,경상
2023030800100110,2023년 3월 8일 08시,수요일,인천광역시 서구 청라동,중상사고,0,1,0,0,차대차 - 측면충돌,신호위반,건조,흐림,교차로 - 교차로안,승용,여,52세,상해없음,승용,여,35세,중상
2023030800100111,2023년 3월 8일 08시,수요일,인천광역시 남동구 논현동,부상신고사고,0,0,0,1,차대차 - 측면충돌,교차로운행방법위반,건조,맑음,교차로 - 교차로안,승용,남,35세,상해없음,승용,여,38세,부상신고
2023030800100146,2023년 3월 8일 09시,수요일,인천광역시 연수구 송도동,중상사고,0,1,1,0,차대차 - 측면충돌,교차로운행방법위반,건조,맑음,교차로 - 교차로안,승용,여,28세,경상,승용,여,58세,중상
2023030800100231,2023년 3월 8일 12시,수요일,인천광역시 서구 석남동,경상사고,0,0,1,0,차대차 - 기타,안전운전불이행,건조,맑음,교차로 - 교차로부근,화물,남,66세,상해없음,승용,남,32세,경상
2023030800100255,2023년 3월 8일 13시,수요일,인천광역시 서구 가정동,중상사고,0,1,0,0,차대차 - 측면충돌,안전운전불이행,건조,맑음,교차로 - 교차로부근,승용,남,29세,상해없음,이륜,남,27세,중상
2023030800100278,2023년 3월 8일 14시,수요일,인천광역시 미추홀구 주안동,경상사고,0,0,1,0,차대사람 - 횡단중,안전운전불이행,건조,맑음,교차로 - 교차로부근,화물,남,53세,기타불명,보행자,남,70세,경상
2023030800100378,2023년 3월 8일 17시,수요일,인천광역시 부평구 부개동,경상사고,0,0,1,0,차대사람 - 보도통행중,신호위반,건조,맑음,교차로 - 교차로횡단보도내,이륜,남,46세,상해없음,보행자,남,83세,경상
2023030800100468,2023년 3월 8일 19시,수요일,인천광역시 미추홀구 숭의동,중상사고,0,1,1,0,차대차 - 기타,안전운전불이행,젖음/습기,비,교차로 - 교차로부근,이륜,남,59세,중상,이륜,남,39세,경상
2023030800100469,2023년 3월 8일 19시,수요일,인천광역시 서구 가좌동,경상사고,0,0,1,0,차대사람 - 차도통행중,안전운전불이행,건조,맑음,단일로 - 기타,화물,남,21세,상해없음,보행자,남,34세,경상
2023030800100470,2023년 3월 8일 19시,수요일,인천광역시 남동구 논현동,중상사고,0,1,1,0,차대차 - 측면충돌,안전운전불이행,건조,맑음,교차로 - 교차로부근,승용,여,32세,상해없음,승용,남,36세,경상
2023030800100493,2023년 3월 8일 20시,수요일,인천광역시 미추홀구 용현동,경상사고,0,0,1,0,차대차 - 추돌,안전운전불이행,건조,맑음,교차로 - 교차로부근,승용,남,47세,상해없음,승용,남,51세,경상
2023030800100494,2023년 3월 8일 20시,수요일,인천광역시 미추홀구 주안동,경상사고,0,0,2,0,차대차 - 측면충돌,안전운전불이행,건조,맑음,단일로 - 기타,승용,남,35세,경상,승용,여,52세,경상
2023030800100511,2023년 3월 8일 21시,수요일,인천광역시 부평구 삼산동,경상사고,0,0,1,0,차대차 - 측면충돌,안전운전불이행,건조,맑음,주차장 - 주차장,승용,남,34세,상해없음,승용,여,39세,경상
2023030800100542,2023년 3월 8일 23시,수요일,인천광역시 중구 운서동,중상사고,0,1,0,0,차대차 - 추돌,안전운전불이행,젖음/습기,비,단일로 - 기타,승용,남,73세,상해없음,승용,남,37세,중상
2023030800100543,2023년 3월 8일 23시,수요일,인천광역시 부평구 청천동,경상사고,0,0,1,0,차대차 - 추돌,안전운전불이행,젖음/습기,비,교차로 - 교차로안,승용,남,23세,상해없음,이륜,남,56세,경상
2023030800100544,2023년 3월 8일 23시,수요일,인천광역시 부평구 삼산동,경상사고,0,0,1,0,차대차 - 측면충돌,안전운전불이행,젖음/습기,흐림,교차로 - 교차로부근,화물,남,53세,상해없음,화물,남,56세,경상
2023030900100011,2023년 3월 9일 00시,목요일,인천광역시 서구 원당동,경상사고,0,0,1,0,차대차 - 추돌,안전운전불이행,젖음/습기,흐림,교차로 - 교차로부근,승용,남,36세,상해없음,자전거,남,54세,경상
2023030900100012,2023년 3월 9일 00시,목요일,인천광역시 연수구 송도동,중상사고,0,2,1,0,차대차 - 측면충돌,신호위반,젖음/습기,비,교차로 - 교차로안,승용,남,41세,상해없음,승용,남,69세,중상
2023030900100070,2023년 3월 9일 07시,목요일,인천광역시 중구 항동7가,부상신고사고,0,0,0,1,차대사람 - 기타,안전운전불이행,건조,맑음,단일로 - 기타,화물,남,67세,상해없음,보행자,남,56세,부상신고
2023030900100071,2023년 3월 9일 07시,목요일,인천광역시 계양구 계산동,경상사고,0,0,1,0,차대차 - 측면충돌,안전거리미확보,건조,흐림,교차로 - 교차로안,승용,여,63세,상해없음,승용,남,31세,경상
2023030900100109,2023년 3월 9일 08시,목요일,인천광역시 남동구 간석동,중상사고,0,1,0,0,차대사람 - 차도통행중,안전운전불이행,건조,맑음,교차로 - 교차로안,승용,여,34세,상해없음,보행자,남,78세,중상
2023030900100135,2023년 3월 9일 09시,목요일,인천광역시 서구 원당동,경상사고,0,0,1,0,차대차 - 측면충돌,안전운전불이행,건조,맑음,교차로 - 교차로안,승용,남,64세,상해없음,승합,남,76세,상해없음
2023030900100172,2023년 3월 9일 10시,목요일,인천광역시 남동구 고잔동,경상사고,0,0,1,0,차대차 - 측면충돌,안전운전불이행,건조,맑음,교차로 - 교차로부근,화물,남,48세,상해없음,화물,남,44세,경상
2023030900100221,2023년 3월 9일 12시,목요일,인천광역시 강화군 길상면,경상사고,0,0,1,0,차대차 - 측면충돌,안전운전불이행,건조,맑음,단일로 - 기타,승용,여,33세,상해없음,화물,남,63세,경상
2023030900100248,2023년 3월 9일 13시,목요일,인천광역시 서구 당하동,중상사고,0,2,0,0,차대차 - 추돌,안전운전불이행,건조,맑음,기타 - 기타,승용,여,63세,상해없음,승용,남,40세,중상
2023030900100340,2023년 3월 9일 16시,목요일,인천광역시 부평구 산곡동,중상사고,0,1,0,0,차량단독 - 공작물충돌,안전운전불이행,건조,맑음,주차장 - 주차장,승용,여,62세,중상,,,,
2023030900100376,2023년 3월 9일 17시,목요일,인천광역시 부평구 부평동,경상사고,0,0,1,0,차대차 - 추돌,안전운전불이행,건조,맑음,교차로 - 교차로부근,승용,남,52세,상해없음,승용,남,62세,경상
2023030900100417,2023년 3월 9일 18시,목요일,인천광역시 동구 금곡동,경상사고,0,0,1,0,차대사람 - 횡단중,보행자보호의무위반,건조,맑음,교차로 - 교차로횡단보도내,승용,여,46세,상해없음,보행자,남,34세,경상
2023030900100418,2023년 3월 9일 18시,목요일,인천광역시 남동구 구월동,경상사고,0,0,1,0,차대차 - 기타,차로위반,건조,맑음,교차로 - 교차로부근,화물,남,57세,상해없음,승용,여,24세,경상
2023030900100419,2023년 3월 9일 18시,목요일,인천광역시 남동구 간석동,경상사고,0,0,1,0,차대차 - 기타,교차로운행방법위반,건조,맑음,교차로 - 교차로안,승용,남,46세,상해없음,화물,남,30세,경상
2023030900100420,2023년 3월 9일 18시,목요일,인천광역시 연수구 연수동,경상사고,0,0,1,0,차대사람 - 길가장자리구역통행중,신호위반,건조,맑음,단일로 - 고가도로위,승용,남,62세,상해없음,보행자,여,38세,경상
2023030900100421,2023년 3월 9일 18시,목요일,인천광역시 연수구 옥련동,경상사고,0,0,1,0,차대사람 - 길가장자리구역통행중,안전운전불이행,건조,맑음,단일로 - 지하차도(도로)내,화물,남,59세,상해없음,보행자,남,64세,경상
2023030900100450,2023년 3월 9일 19시,목요일,인천광역시 부평구 청천동,경상사고,0,0,1,0,차대차 - 추돌,안전운전불이행,건조,맑음,교차로 - 교차로부근,승용,여,65세,상해없음,승용,여,40세,경상
2023030900100451,2023년 3월 9일 19시,목요일,인천광역시 남동구 구월동,중상사고,0,1,0,0,차대사람 - 기타,안전운전불이행,건조,맑음,주차장 - 주차장,기타불명,기타불명,미분류,기타불명,보행자,남,48세,중상
2023030900100474,2023년 3월 9일 20시,목요일,인천광역시 중구 신포동,경상사고,0,0,1,0,차대사람 - 길가장자리구역통행중,안전운전불이행,건조,맑음,단일로 - 기타,승용,여,37세,상해없음,보행자,남,28세,경상
2023030900100475,2023년 3월 9일 20시,목요일,인천광역시 중구 신포동,경상사고,0,0,1,0,차대차 - 측면충돌,안전운전불이행,건조,맑음,단일로 - 기타,승용,여,57세,상해없음,승용,남,33세,경상
2023030900100476,2023년 3월 9일 20시,목요일,인천광역시 부평구 부평동,경상사고,0,0,1,0,차대차 - 측면충돌,중앙선침범,건조,맑음,교차로 - 교차로부근,승용,남,26세,상해없음,승용,남,28세,경상
2023030900100477,2023년 3월 9일 20시,목요일,인천광역시 남동구 논현동,부상신고사고,0,0,0,1,차대차 - 측면충돌,안전운전불이행,건조,맑음,교차로 - 교차로안,승용,여,36세,상해없음,이륜,남,24세,부상신고
2023030900100520,2023년 3월 9일 22시,목요일,인천광역시 미추홀구 주안동,중상사고,0,1,0,0,차대차 - 기타,안전운전불이행,건조,맑음,단일로 - 기타,승용,남,64세,기타불명,이륜,남,17세,중상
2023030900100521,2023년 3월 9일 22시,목요일,인천광역시 연수구 연수동,경상사고,0,0,1,0,차대사람 - 길가장자리구역통행중,안전운전불이행,건조,맑음,단일로 - 고가도로위,승용,남,33세,기타불명,보행자,남,48세,경상
2023030900100534,2023년 3월 9일 23시,목요일,인천광역시 부평구 산곡동,경상사고,0,0,1,0,차대사람 - 기타,안전운전불이행,건조,맑음,기타 - 기타,승용,남,56세,상해없음,보행자,남,46세,경상
2023031000100122,2023년 3월 10일 08시,금요일,인천광역시 남동구 간석동,경상사고,0,0,1,0,차대사람 - 길가장자리구역통행중,안전운전불이행,건조,맑음,교차로 - 교차로안,승용,남,78세,상해없음,보행자,여,16세,경상
2023031000100123,2023년 3월 10일 08시,금요일,인천광역시 서구 마전동,경상사고,0,0,2,0,차대차 - 후진중충돌,안전운전불이행,건조,맑음,교차로 - 교차로부근,승용,여,39세,상해없음,승용,남,51세,경상
2023031000100157,2023년 3월 10일 09시,금요일,인천광역시 남동구 구월동,경상사고,0,0,1,0,차대차 - 측면충돌,교차로운행방법위반,건조,맑음,단일로 - 기타,승용,남,26세,상해없음,승용,여,45세,경상
2023031000100180,2023년 3월 10일 10시,금요일,인천광역시 서구 왕길동,경상사고,0,0,1,0,차대차 - 기타,안전운전불이행,건조,맑음,단일로 - 기타,승용,남,64세,상해없음,승용,남,28세,경상
2023031000100181,2023년 3월 10일 10시,금요일,인천광역시 연수구 송도동,사망사고,1,0,1,0,차대차 - 측면충돌,신호위반,젖음/습기,안개,교차로 - 교차로안,화물,남,30세,사망,특수,남,70세,경상
2023031000100235,2023년 3월 10일 12시,금요일,인천광역시 남동구 구월동,경상사고,0,0,1,0,차대차 - 측면충돌,안전운전불이행,건조,맑음,단일로 - 기타,화물,남,48세,상해없음,승용,남,26세,경상
2023031000100258,2023년 3월 10일 13시,금요일,인천광역시 계양구 동양동,경상사고,0,0,1,0,차대사람 - 횡단중,기타,건조,맑음,교차로 - 교차로횡단보도내,승합,남,44세,상해없음,보행자,여,10세,경상
2023031000100321,2023년 3월 10일 15시,금요일,인천광역시 미추홀구 도화동,경상사고,0,0,1,0,차대차 - 기타,안전운전불이행,건조,맑음,교차로 - 교차로부근,승용,여,23세,기타불명,승용,남,67세,경상
2023031000100322,2023년 3월 10일 15시,금요일,인천광역시 서구 당하동,경상사고,0,0,1,1,차대차 - 추돌,안전거리미확보,건조,맑음,교차로 - 교차로안,화물,남,53세,부상신고,화물,남,23세,경상
2023031000100362,2023년 3월 10일 16시,금요일,인천광역시 부평구 청천동,부상신고사고,0,0,0,1,차대사람 - 기타,안전운전불이행,건조,맑음,주차장 - 주차장,승합,남,46세,상해없음,보행자,여,74세,부상신고
2023031000100406,2023년 3월 10일 17시,금요일,인천광역시 부평구 부평동,경상사고,0,0,1,0,차대차 - 추돌,안전운전불이행,건조,맑음,단일로 - 기타,승용,남,76세,상해없음,승용,여,39세,상해없음
2023031000100458,2023년 3월 10일 18시,금요일,인천광역시 남동구 논현동,중상사고,0,1,0,0,차대차 - 측면충돌,안전운전불이행,건조,맑음,교차로 - 교차로안,승용,여,42세,상해없음,이륜,남,61세,중상
2023031000100459,2023년 3월 10일 18시,금요일,인천광역시 남동구 논현동,경상사고,0,0,1,0,차대차 - 측면충돌,신호위반,건조,맑음,교차로 - 교차로안,화물,남,31세,상해없음,자전거,남,47세,경상
2023031000100542,2023년 3월 10일 20시,금요일,인천광역시 서구 가좌동,경상사고,0,0,1,0,차대차 - 기타,기타,건조,맑음,기타 - 기타,승용,남,65세,상해없음,이륜,남,52세,경상
2023031000100574,2023년 3월 10일 21시,금요일,인천광역시 미추홀구 문학동,경상사고,0,0,1,0,차대차 - 측면충돌,교차로운행방법위반,건조,맑음,교차로 - 교차로안,승합,남,43세,상해없음,승합,남,63세,경상
2023031000100604,2023년 3월 10일 22시,금요일,인천광역시 부평구 부평동,부상신고사고,0,0,0,1,차대사람 - 길가장자리구역통행중,안전운전불이행,건조,맑음,교차로 - 교차로부근,승용,여,56세,상해없음,보행자,남,58세,부상신고
2023031000100605,2023년 3월 10일 22시,금요일,인천광역시 서구 석남동,경상사고,0,0,2,0,차대차 - 추돌,안전운전불이행,건조,맑음,교차로 - 교차로안,승용,남,28세,상해없음,승용,여,37세,경상
2023031000100606,2023년 3월 10일 22시,금요일,인천광역시 계양구 계산동,경상사고,0,0,1,0,차대차 - 추돌,기타,건조,맑음,단일로 - 기타,승용,남,50세,상해없음,이륜,남,31세,경상
2023031000100632,2023년 3월 10일 23시,금요일,인천광역시 부평구 일신동,부상신고사고,0,0,0,2,차대차 - 측면충돌,안전운전불이행,건조,맑음,단일로 - 교량,기타불명,기타불명,미분류,기타불명,승용,여,26세,부상신고
2023031100100044,2023년 3월 11일 04시,토요일,인천광역시 부평구 부평동,중상사고,0,1,0,0,차대사람 - 길가장자리구역통행중,안전운전불이행,건조,맑음,교차로 - 교차로안,이륜,남,22세,상해없음,보행자,남,21세,중상
2023031100100048,2023년 3월 11일 05시,토요일,인천광역시 중구 도원동,경상사고,0,0,1,0,차대차 - 측면충돌,신호위반,건조,맑음,교차로 - 교차로부근,승용,남,60세,상해없음,승용,남,71세,경상
2023031100100062,2023년 3월 11일 06시,토요일,인천광역시 서구 경서동,경상사고,0,0,1,0,차대차 - 측면충돌,신호위반,건조,맑음,교차로 - 교차로안,승용,여,50세,상해없음,승용,남,32세,경상
2023031100100092,2023년 3월 11일 08시,토요일,인천광역시 남동구 구월동,경상사고,0,0,2,0,차대차 - 추돌,안전운전불이행,건조,맑음,교차로 - 교차로부근,승용,남,60세,상해없음,승용,남,31세,경상
2023031100100205,2023년 3월 11일 12시,토요일,인천광역시 부평구 부평동,경상사고,0,0,2,0,차대차 - 측면충돌,안전운전불이행,건조,맑음,교차로 - 교차로안,승용,남,54세,상해없음,승용,남,30세,경상
2023031100100206,2023년 3월 11일 12시,토요일,인천광역시 남동구 간석동,경상사고,0,0,1,0,차대차 - 측면충돌,안전운전불이행,건조,맑음,단일로 - 기타,이륜,남,34세,경상,승용,여,43세,상해없음
2023031100100242,2023년 3월 11일 13시,토요일,인천광역시 미추홀구 숭의동,중상사고,0,1,0,0,차대차 - 측면충돌,안전운전불이행,건조,맑음,교차로 - 교차로부근,승용,남,73세,상해없음,승용,여,40세,중상
2023031100100243,2023년 3월 11일 13시,토요일,인천광역시 남동구 구월동,경상사고,0,0,2,0,차대차 - 추돌,안전운전불이행,건조,맑음,단일로 - 기타,승용,남,35세,상해없음,승용,여,29세,경상
2023031100100288,2023년 3월 11일 14시,토요일,인천광역시 부평구 일신동,경상사고,0,0,1,0,차대차 - 측면충돌,안전운전불이행,건조,맑음,교차로 - 교차로안,승용,남,36세,기타불명,승용,남,31세,경상
2023031100100329,2023년 3월 11일 15시,토요일,인천광역시 중구 신흥동3가,경상사고,0,0,1,0,차대차 - 기타,차로위반,건조,맑음,단일로 - 기타,승용,남,23세,기타불명,화물,남,43세,경상
2023031100100357,2023년 3월 11일 16시,토요일,인천광역시 남동구 간석동,경상사고,0,0,1,0,차대차 - 측면충돌,안전거리미확보,건조,맑음,교차로 - 교차로부근,승용,남,22세,상해없음,승용,남,54세,경상
2023031100100386,2023년 3월 11일 17시,토요일,인천광역시 강화군 불은면,중상사고,0,1,0,0,차대차 - 측면충돌,교차로운행방법위반,건조,맑음,교차로 - 교차로안,화물,남,66세,상해없음,이륜,남,60세,중상
2023031100100387,2023년 3월 11일 17시,토요일,인천광역시 남동구 만수동,경상사고,0,0,1,0,차대차 - 측면충돌,신호위반,건조,맑음,단일로 - 기타,화물,남,58세,상해없음,승용,남,28세,경상
2023031100100413,2023년 3월 11일 18시,토요일,인천광역시 미추홀구 숭의동,중상사고,0,4,0,0,차대차 - 측면충돌,안전운전불이행,건조,맑음,단일로 - 기타,승합,여,49세,상해없음,승용,남,29세,중상
2023031100100414,2023년 3월 11일 18시,토요일,인천광역시 남동구 만수동,경상사고,0,0,3,0,차대차 - 측면충돌,안전거리미확보,건조,맑음,교차로 - 교차로부근,화물,남,42세,상해없음,승용,남,32세,경상
2023031100100415,2023년 3월 11일 18시,토요일,인천광역시 남동구 만수동,중상사고,0,1,0,0,차량단독 - 기타,기타,건조,맑음,단일로 - 기타,승합,남,61세,상해없음,,,,
2023031100100472,2023년 3월 11일 20시,토요일,인천광역시 강화군 강화읍,경상사고,0,0,1,0,차대사람 - 차도통행중,안전운전불이행,건조,흐림,단일로 - 지하차도(도로)내,화물,남,56세,상해없음,보행자,여,18세,경상
2023031100100473,2023년 3월 11일 20시,토요일,인천광역시 남동구 논현동,경상사고,0,0,1,0,차대사람 - 횡단중,보행자보호의무위반,건조,맑음,교차로 - 교차로안,승용,남,36세,상해없음,보행자,여,22세,경상
2023031100100518,2023년 3월 11일 22시,토요일,인천광역시 서구 불로동,중상사고,0,1,1,0,차대차 - 추돌,안전운전불이행,건조,맑음,교차로 - 교차로부근,승용,남,49세,상해없음,승용,여,26세,경상
2023031200100036,2023년 3월 12일 02시,일요일,인천광역시 남동구 논현동,경상사고,0,0,1,0,차대차 - 측면충돌,안전거리미확보,건조,맑음,교차로 - 교차로부근,승용,남,77세,상해없음,승용,남,40세,경상
2023031200100042,2023년 3월 12일 03시,일요일,인천광역시 서구 금곡동,중상사고,0,1,0,0,차량단독 - 공작물충돌,안전운전불이행,건조,맑음,단일로 - 고가도로위,승용,남,27세,상해없음,,,,
2023031200100049,2023년 3월 12일 05시,일요일,인천광역시 부평구 십정동,중상사고,0,1,0,0,차대사람 - 차도통행중,안전운전불이행,건조,맑음,교차로 - 교차로부근,이륜,남,41세,상해없음,보행자,남,33세,중상
2023031200100077,2023년 3월 12일 09시,일요일,인천광역시 남동구 수산동,부상신고사고,0,0,0,1,차대차 - 정면충돌,안전운전불이행,젖음/습기,비,단일로 - 지하차도(도로)내,승용,남,40세,상해없음,승용,남,59세,부상신고
2023031200100094,2023년 3월 12일 10시,일요일,인천광역시 중구 을왕동,부상신고사고,0,0,0,1,차량단독 - 공작물충돌,안전운전불이행,젖음/습기,비,교차로 - 교차로안,승용,남,58세,부상신고,,,,
2023031200100095,2023년 3월 12일 10시,일요일,인천광역시 계양구 계산동,경상사고,0,0,2,0,차대차 - 기타,안전운전불이행,건조,흐림,단일로 - 기타,승합,남,56세,상해없음,승용,여,36세,경상
2023031200100096,2023년 3월 12일 10시,일요일,인천광역시 남동구 논현동,경상사고,0,0,2,0,차대차 - 측면충돌,신호위반,젖음/습기,비,교차로 - 교차로안,승용,남,71세,상해없음,승합,여,35세,경상
2023031200100147,2023년 3월 12일 12시,일요일,인천광역시 중구 운서동,중상사고,0,1,1,0,차대차 - 정면충돌,신호위반,젖음/습기,흐림,교차로 - 교차로안,승용,남,57세,상해없음,승용,남,59세,경상