사고번호,사고일시,요일,시군구,사고내용,사망자수,중상자수,경상자수,부상신고자수,사고유형,법규위반,노면상태,기상상태,도로형태,가해운전자 차종,가해운전자 성별,가해운전자 연령,가해운전자 상해정도,피해운전자 차종,피해운전자 성별,피해운전자 연령,피해운전자 상해정도
2023042000100379,2023년 4월 20일 16시,목요일,인천광역시 미추홀구 주안동,경상사고,0,0,2,0,차대차 - 측면충돌,안전거리미확보,건조,맑음,단일로 - 기타,승용,남,47세,상해없음,승용,여,33세,경상
2023042000100427,2023년 4월 20일 17시,목요일,인천광역시 부평구 부평동,중상사고,0,1,0,0,차대사람 - 기타,안전운전불이행,건조,맑음,단일로 - 기타,승합,남,49세,상해없음,보행자,여,86세,중상
2023042000100540,2023년 4월 20일 20시,목요일,인천광역시 미추홀구 주안동,경상사고,0,0,1,0,차대차 - 측면충돌,기타,건조,맑음,교차로 - 교차로안,승용,여,48세,상해없음,승용,남,38세,경상
2023042000100541,2023년 4월 20일 20시,목요일,인천광역시 남동구 논현동,경상사고,0,0,1,0,차대차 - 추돌,안전운전불이행,건조,맑음,교차로 - 교차로부근,승용,남,50세,상해없음,승용,남,42세,경상
2023042000100561,2023년 4월 20일 21시,목요일,인천광역시 서구 청라동,경상사고,0,0,1,0,차대차 - 측면충돌,신호위반,건조,맑음,기타 - 기타,자전거,여,33세,경상,기타불명,기타불명,미분류,기타불명
2023042000100576,2023년 4월 20일 22시,목요일,인천광역시 부평구 삼산동,경상사고,0,0,1,0,차대차 - 기타,안전운전불이행,건조,흐림,교차로 - 교차로부근,승용,남,38세,상해없음,승용,여,52세,경상
2023042000100594,2023년 4월 20일 23시,목요일,인천광역시 서구 가좌동,경상사고,0,0,1,0,차대차 - 기타,신호위반,건조,맑음,기타 - 기타,화물,남,28세,상해없음,승용,남,52세,경상
2023042100100028,2023년 4월 21일 04시,금요일,인천광역시 중구 신흥동3가,경상사고,0,0,1,0,차대차 - 측면충돌,안전운전불이행,건조,맑음,교차로 - 교차로안,승용,남,71세,상해없음,화물,남,50세,경상
2023042100100098,2023년 4월 21일 08시,금요일,인천광역시 남동구 구월동,중상사고,0,2,1,0,차대차 - 측면충돌,안전운전불이행,건조,맑음,단일로 - 기타,승용,여,27세,중상,승용,남,47세,중상
2023042100100099,2023년 4월 21일 08시,금요일,인천광역시 남동구 남촌동,경상사고,0,0,1,0,차대차 - 정면충돌,안전운전불이행,건조,맑음,교차로 - 교차로부근,승용,여,55세,상해없음,승용,여,50세,경상
2023042100100144,2023년 4월 21일 09시,금요일,인천광역시 부평구 십정동,경상사고,0,0,1,0,차대차 - 기타,안전운전불이행,건조,맑음,단일로 - 기타,승용,남,34세,경상,승용,남,34세,상해없음
2023042100100145,2023년 4월 21일 09시,금요일,인천광역시 계양구 계산동,경상사고,0,0,1,0,차대차 - 측면충돌,신호위반,건조,맑음,단일로 - 기타,승합,남,61세,상해없음,승용,여,32세,경상
2023042100100239,2023년 4월 21일 12시,금요일,인천광역시 미추홀구 용현동,부상신고사고,0,0,0,1,차대사람 - 기타,안전운전불이행,건조,맑음,기타 - 기타,승용,여,62세,기타불명,보행자,남,33세,부상신고
2023042100100240,2023년 4월 21일 12시,금요일,인천광역시 서구 청라동,경상사고,0,0,1,0,차대차 - 기타,안전운전불이행,건조,맑음,교차로 - 교차로안,승용,여,34세,상해없음,이륜,남,42세,경상
2023042100100310,2023년 4월 21일 14시,금요일,인천광역시 계양구 계산동,경상사고,0,0,1,0,차대차 - 추돌,안전운전불이행,건조,맑음,기타 - 기타,승용,남,76세,기타불명,이륜,남,33세,경상
2023042100100311,2023년 4월 21일 14시,금요일,인천광역시 연수구 송도동,경상사고,0,0,1,0,차대차 - 측면충돌,안전거리미확보,건조,맑음,단일로 - 기타,승용,여,65세,상해없음,승용,여,50세,경상
2023042100100394,2023년 4월 21일 16시,금요일,인천광역시 부평구 부평동,경상사고,0,0,1,0,차대차 - 기타,안전운전불이행,건조,맑음,교차로 - 교차로안,승용,남,38세,상해없음,승합,남,37세,경상
2023042100100395,2023년 4월 21일 16시,금요일,인천광역시 연수구 송도동,경상사고,0,0,2,0,차대차 - 측면충돌,교차로운행방법위반,건조,맑음,단일로 - 기타,승용,남,53세,경상,승용,여,47세,경상
2023042100100454,2023년 4월 21일 17시,금요일,인천광역시 동구 송림동,경상사고,0,0,1,0,차대차 - 추돌,안전운전불이행,건조,맑음,단일로 - 기타,승용,남,18세,상해없음,승용,남,34세,경상
2023042100100512,2023년 4월 21일 18시,금요일,인천광역시 동구 만석동,경상사고,0,0,1,0,차대차 - 추돌,안전운전불이행,건조,맑음,단일로 - 지하차도(도로)내,승용,남,57세,상해없음,승용,남,33세,경상
2023042100100513,2023년 4월 21일 18시,금요일,인천광역시 미추홀구 도화동,경상사고,0,0,1,0,차대차 - 후진중충돌,안전운전불이행,건조,맑음,기타 - 기타,승합,남,60세,상해없음,승용,여,37세,경상
2023042100100514,2023년 4월 21일 18시,금요일,인천광역시 남동구 장수동,경상사고,0,0,1,0,차대차 - 측면충돌,안전거리미확보,건조,맑음,단일로 - 지하차도(도로)내,승용,남,39세,상해없음,승용,남,38세,경상
2023042100100565,2023년 4월 21일 19시,금요일,인천광역시 남동구 만수동,경상사고,0,0,2,0,차대사람 - 횡단중,안전운전불이행,건조,맑음,교차로 - 교차로횡단보도내,원동기,남,37세,상해없음,보행자,여,71세,경상
2023042100100566,2023년 4월 21일 19시,금요일,인천광역시 서구 가정동,경상사고,0,0,4,0,차대차 - 추돌,안전운전불이행,건조,맑음,교차로 - 교차로부근,승합,남,56세,상해없음,승합,남,29세,경상
2023042100100567,2023년 4월 21일 19시,금요일,인천광역시 남동구 수산동,경상사고,0,0,1,0,차대차 - 추돌,안전거리미확보,건조,맑음,단일로 - 기타,승용,남,60세,기타불명,승용,남,41세,경상
2023042100100611,2023년 4월 21일 20시,금요일,인천광역시 서구 가좌동,중상사고,0,1,0,0,차대차 - 측면충돌,안전운전불이행,건조,맑음,단일로 - 기타,승용,남,24세,상해없음,이륜,남,19세,중상
2023042100100637,2023년 4월 21일 21시,금요일,인천광역시 미추홀구 주안동,경상사고,0,0,1,0,차대차 - 추돌,안전운전불이행,건조,맑음,교차로 - 교차로부근,화물,남,28세,기타불명,승용,여,42세,경상
2023042100100638,2023년 4월 21일 21시,금요일,인천광역시 남동구 구월동,경상사고,0,0,2,0,차대차 - 측면충돌,안전운전불이행,건조,맑음,교차로 - 교차로안,승용,남,59세,상해없음,승용,남,23세,경상
2023042200100021,2023년 4월 22일 01시,토요일,인천광역시 남동구 간석동,중상사고,0,1,0,0,차량단독 - 공작물충돌,안전운전불이행,건조,맑음,교차로 - 교차로부근,승용,남,63세,상해없음,,,,
2023042200100042,2023년 4월 22일 03시,토요일,인천광역시 서구 가정동,경상사고,0,0,1,0,차대차 - 추돌,안전운전불이행,건조,맑음,교차로 - 교차로안,승용,남,34세,상해없음,승용,남,53세,경상
2023042200100073,2023년 4월 22일 07시,토요일,인천광역시 미추홀구 도화동,부상신고사고,0,0,0,2,차대차 - 측면충돌,안전운전불이행,건조,맑음,기타 - 기타,이륜,기타불명,미분류,기타불명,승용,남,29세,부상신고
2023042200100074,2023년 4월 22일 07시,토요일,인천광역시 남동구 구월동,경상사고,0,0,1,0,차대사람 - 횡단중,보행자보호의무위반,건조,맑음,교차로 - 교차로부근,승용,여,59세,상해없음,보행자,남,26세,경상
2023042200100075,2023년 4월 22일 07시,토요일,인천광역시 계양구 귤현동,경상사고,0,0,1,0,차대차 - 정면충돌,안전운전불이행,건조,맑음,교차로 - 교차로안,승용,여,60세,상해없음,승용,여,42세,경상
2023042200100076,2023년 4월 22일 07시,토요일,인천광역시 연수구 연수동,경상사고,0,0,2,0,차대차 - 측면충돌,중앙선침범,건조,맑음,교차로 - 교차로횡단보도내,승용,남,23세,상해없음,화물,남,30세,경상
2023042200100092,2023년 4월 22일 08시,토요일,인천광역시 서구 원당동,경상사고,0,0,1,0,차대차 - 추돌,안전운전불이행,건조,맑음,단일로 - 기타,승용,남,26세,상해없음,승용,여,61세,경상
2023042200100143,2023년 4월 22일 10시,토요일,인천광역시 중구 운서동,경상사고,0,0,1,0,차대사람 - 기타,안전운전불이행,건조,맑음,단일로 - 기타,승용,남,49세,상해없음,보행자,남,61세,경상
2023042200100144,2023년 4월 22일 10시,토요일,인천광역시 서구 가좌동,경상사고,0,0,1,0,차대차 - 기타,안전운전불이행,건조,맑음,단일로 - 기타,승용,여,65세,상해없음,승용,여,44세,경상
2023042200100218,2023년 4월 22일 12시,토요일,인천광역시 부평구 산곡동,경상사고,0,0,1,0,차대사람 - 길가장자리구역통행중,안전운전불이행,건조,맑음,교차로 - 교차로부근,승용,남,70세,상해없음,보행자,여,65세,경상
2023042200100259,2023년 4월 22일 13시,토요일,인천광역시 서구 청라동,경상사고,0,0,2,0,차대차 - 측면충돌,신호위반,건조,맑음,교차로 - 교차로안,승용,남,57세,상해없음,승용,여,29세,경상
2023042200100304,2023년 4월 22일 14시,토요일,인천광역시 미추홀구 숭의동,경상사고,0,0,1,0,차대차 - 측면충돌,안전운전불이행,건조,맑음,교차로 - 교차로안,승용,여,52세,상해없음,승용,여,71세,경상
2023042200100305,2023년 4월 22일 14시,토요일,인천광역시 부평구 부평동,경상사고,0,0,2,0,차대차 - 측면충돌,안전운전불이행,건조,맑음,단일로 - 기타,승용,남,65세,경상,이륜,남,32세,경상
2023042200100306,2023년 4월 22일 14시,토요일,인천광역시 서구 경서동,경상사고,0,0,1,0,차대차 - 추돌,안전운전불이행,건조,맑음,단일로 - 기타,건설기계,남,48세,상해없음,승용,여,38세,경상
2023042200100383,2023년 4월 22일 16시,토요일,인천광역시 미추홀구 학익동,경상사고,0,0,1,0,차대차 - 측면충돌,직진우회전진행방해,건조,맑음,교차로 - 교차로안,승용,여,58세,상해없음,화물,남,41세,경상
2023042200100384,2023년 4월 22일 16시,토요일,인천광역시 남동구 장수동,중상사고,0,1,2,0,차대차 - 측면충돌,안전운전불이행,건조,맑음,단일로 - 기타,승용,남,26세,경상,승용,남,51세,경상
2023042200100425,2023년 4월 22일 17시,토요일,인천광역시 미추홀구 숭의동,중상사고,0,1,0,0,차대차 - 추돌,안전운전불이행,건조,맑음,단일로 - 기타,개인형이동수단(PM),남,45세,상해없음,개인형이동수단(PM),남,16세,상해없음
2023042200100463,2023년 4월 22일 18시,토요일,인천광역시 남동구 남촌동,경상사고,0,0,1,0,차대차 - 추돌,안전거리미확보,건조,맑음,단일로 - 교량,승용,남,34세,상해없음,승용,여,67세,경상
2023042200100509,2023년 4월 22일 19시,토요일,인천광역시 미추홀구 도화동,경상사고,0,0,1,0,차대차 - 추돌,안전운전불이행,건조,맑음,교차로 - 교차로부근,승용,남,34세,상해없음,승용,남,70세,상해없음
2023042200100510,2023년 4월 22일 19시,토요일,인천광역시 남동구 간석동,경상사고,0,0,2,0,차대차 - 측면충돌,신호위반,건조,맑음,교차로 - 교차로안,승용,남,22세,상해없음,승용,여,40세,경상
2023042200100598,2023년 4월 22일 23시,토요일,인천광역시 중구 신흥동3가,부상신고사고,0,0,0,1,차대차 - 추돌,신호위반,건조,맑음,교차로 - 교차로부근,승용,남,27세,상해없음,승합,남,50세,부상신고
2023042200100599,2023년 4월 22일 23시,토요일,인천광역시 연수구 송도동,경상사고,0,0,3,0,차대차 - 기타,중앙선침범,건조,맑음,단일로 - 교량,승용,남,40세,상해없음,승용,남,42세,경상
2023042300100032,2023년 4월 23일 02시,일요일,인천광역시 미추홀구 문학동,경상사고,0,0,1,0,차대차 - 측면충돌,안전운전불이행,건조,맑음,교차로 - 교차로부근,승용,남,66세,상해없음,승용,남,40세,경상
2023042300100041,2023년 4월 23일 04시,일요일,인천광역시 부평구 청천동,경상사고,0,0,1,0,차대차 - 추돌,안전운전불이행,건조,맑음,단일로 - 기타,승용,남,24세,상해없음,화물,남,66세,경상
2023042300100059,2023년 4월 23일 07시,일요일,인천광역시 미추홀구 용현동,경상사고,0,0,1,0,차대차 - 측면충돌,안전운전불이행,건조,맑음,단일로 - 지하차도(도로)내,승용,여,32세,상해없음,승용,남,41세,경상
2023042300100150,2023년 4월 23일 12시,일요일,인천광역시 미추홀구 주안동,경상사고,0,0,1,0,차대차 - 후진중충돌,안전운전불이행,건조,맑음,교차로 - 교차로부근,이륜,남,24세,기타불명,승용,남,30세,경상
2023042300100216,2023년 4월 23일 14시,일요일,인천광역시 부평구 갈산동,중상사고,0,1,0,0,차량단독 - 기타,안전운전불이행,건조,맑음,단일로 - 기타,승합,남,38세,상해없음,,,,
2023042300100238,2023년 4월 23일 15시,일요일,인천광역시 부평구 산곡동,경상사고,0,0,1,0,차대차 - 측면충돌,안전운전불이행,건조,맑음,기타 - 기타,승용,여,42세,상해없음,승용,여,54세,경상
2023042300100239,2023년 4월 23일 15시,일요일,인천광역시 남동구 논현동,경상사고,0,0,2,0,차대차 - 측면충돌,안전운전불이행,건조,맑음,교차로 - 교차로부근,승용,남,67세,상해없음,승용,여,45세,경상
2023042300100267,2023년 4월 23일 16시,일요일,인천광역시 미추홀구 학익동,중상사고,0,1,0,0,차대차 - 측면충돌,안전거리미확보,건조,맑음,단일로 - 기타,승합,남,47세,상해없음,승용,남,25세,중상
2023042300100388,2023년 4월 23일 21시,일요일,인천광역시 서구 가정동,경상사고,0,0,5,0,차대차 - 측면충돌,신호위반,건조,맑음,단일로 - 기타,승용,남,58세,상해없음,승용,남,24세,경상
2023042400100031,2023년 4월 24일 06시,월요일,인천광역시 부평구 부평동,경상사고,0,0,1,0,차대차 - 측면충돌,안전운전불이행,건조,맑음,교차로 - 교차로안,건설기계,남,57세,상해없음,승용,남,70세,경상
2023042400100032,2023년 4월 24일 06시,월요일,인천광역시 남동구 구월동,경상사고,0,0,1,0,차대차 - 추돌,안전거리미확보,건조,맑음,교차로 - 교차로부근,승용,남,59세,상해없음,승용,남,53세,경상
2023042400100058,2023년 4월 24일 07시,월요일,인천광역시 연수구 동춘동,경상사고,0,0,2,0,차대차 - 추돌,안전운전불이행,건조,맑음,교차로 - 교차로부근,승용,여,57세,기타불명,승용,여,44세,경상
2023042400100095,2023년 4월 24일 08시,월요일,인천광역시 미추홀구 주안동,부상신고사고,0,0,0,1,차대차 - 기타,안전운전불이행,건조,맑음,기타 - 기타,기타불명,기타불명,미분류,기타불명,승용,여,53세,부상신고
2023042400100096,2023년 4월 24일 08시,월요일,인천광역시 계양구 작전동,중상사고,0,1,0,0,차대사람 - 보도통행중,보행자보호의무위반,건조,맑음,단일로 - 기타,화물,남,52세,상해없음,보행자,여,68세,중상
2023042400100097,2023년 4월 24일 08시,월요일,인천광역시 연수구 송도동,경상사고,0,0,1,0,차대차 - 측면충돌,신호위반,건조,맑음,교차로 - 교차로횡단보도내,승용,여,45세,상해없음,승용,여,34세,경상
2023042400100132,2023년 4월 24일 09시,월요일,인천광역시 미추홀구 주안동,중상사고,0,1,0,0,차대차 - 정면충돌,중앙선침범,건조,맑음,교차로 - 교차로부근,자전거,남,21세,상해없음,이륜,남,49세,중상
2023042400100188,2023년 4월 24일 11시,월요일,인천광역시 서구 가정동,경상사고,0,0,2,0,차대차 - 기타,안전운전불이행,건조,맑음,단일로 - 기타,건설기계,남,62세,상해없음,승용,남,40세,경상
2023042400100250,2023년 4월 24일 13시,월요일,인천광역시 남동구 간석동,경상사고,0,0,1,0,차대차 - 측면충돌,안전운전불이행,건조,맑음,단일로 - 지하차도(도로)내,승용,남,62세,상해없음,승용,남,32세,경상
2023042400100282,2023년 4월 24일 14시,월요일,인천광역시 남동구 논현동,경상사고,0,0,1,0,차대사람 - 보도통행중,기타,건조,맑음,교차로 - 교차로부근,화물,남,52세,상해없음,보행자,여,9세,경상
2023042400100314,2023년 4월 24일 15시,월요일,인천광역시 중구 항동7가,경상사고,0,0,2,0,차대차 - 추돌,안전거리미확보,건조,맑음,교차로 - 교차로부근,화물,남,67세,기타불명,승용,여,50세,경상
2023042400100315,2023년 4월 24일 15시,월요일,인천광역시 미추홀구 용현동,중상사고,0,1,0,0,차대사람 - 횡단중,신호위반,건조,맑음,교차로 - 교차로횡단보도내,승용,남,75세,상해없음,보행자,여,78세,중상
2023042400100316,2023년 4월 24일 15시,월요일,인천광역시 남동구 구월동,경상사고,0,0,2,0,차대차 - 측면충돌,안전거리미확보,건조,맑음,단일로 - 기타,승용,남,46세,상해없음,승용,남,21세,경상
2023042400100317,2023년 4월 24일 15시,월요일,인천광역시 서구 가좌동,경상사고,0,0,1,0,차대사람 - 횡단중,보행자보호의무위반,건조,맑음,교차로 - 교차로횡단보도내,승용,여,51세,상해없음,보행자,여,34세,경상
2023042400100349,2023년 4월 24일 16시,월요일,인천광역시 부평구 십정동,경상사고,0,0,1,0,차대차 - 추돌,안전운전불이행,건조,맑음,단일로 - 기타,화물,남,50세,상해없음,승용,여,31세,경상
2023042400100385,2023년 4월 24일 17시,월요일,인천광역시 부평구 청천동,중상사고,0,1,0,0,차량단독 - 기타,안전운전불이행,건조,맑음,교차로 - 교차로부근,승용,남,62세,상해없음,,,,
2023042400100426,2023년 4월 24일 18시,월요일,인천광역시 서구 오류동,경상사고,0,0,1,0,차대차 - 기타,안전운전불이행,건조,맑음,기타 - 기타,승용,남,38세,상해없음,승용,남,33세,경상
2023042400100449,2023년 4월 24일 19시,월요일,인천광역시 서구 청라동,중상사고,0,1,0,0,차대차 - 정면충돌,안전운전불이행,건조,맑음,교차로 - 교차로안,승용,남,22세,상해없음,승용,남,43세,중상
2023042400100450,2023년 4월 24일 19시,월요일,인천광역시 계양구 작전동,중상사고,0,1,0,0,차대사람 - 기타,안전운전불이행,건조,맑음,단일로 - 기타,승용,남,49세,상해없음,보행자,여,61세,중상
2023042400100503,2023년 4월 24일 21시,월요일,인천광역시 부평구 부평동,경상사고,0,0,1,0,차대차 - 추돌,신호위반,건조,맑음,교차로 - 교차로안,승용,남,64세,기타불명,승용,남,30세,경상
2023042500100018,2023년 4월 25일 02시,화요일,인천광역시 부평구 삼산동,중상사고,0,1,0,0,차대차 - 기타,신호위반,건조,흐림,기타 - 기타,승용,여,48세,상해없음,이륜,남,31세,중상
2023042500100019,2023년 4월 25일 02시,화요일,인천광역시 남동구 도림동,경상사고,0,0,1,0,차대차 - 측면충돌,안전운전불이행,건조,흐림,교차로 - 교차로안,승용,여,60세,상해없음,승용,남,54세,경상
2023042500100061,2023년 4월 25일 07시,화요일,인천광역시 부평구 청천동,경상사고,0,0,2,0,차대차 - 측면충돌,안전운전불이행,건조,맑음,교차로 - 교차로부근,화물,남,39세,상해없음,승용,남,36세,경상
2023042500100113,2023년 4월 25일 08시,화요일,인천광역시 남동구 만수동,경상사고,0,0,1,0,차대사람 - 횡단중,보행자보호의무위반,건조,맑음,교차로 - 교차로부근,승용,여,49세,상해없음,보행자,남,62세,경상
2023042500100114,2023년 4월 25일 08시,화요일,인천광역시 서구 원창동,중상사고,0,1,0,0,차대차 - 정면충돌,교차로운행방법위반,건조,맑음,교차로 - 교차로안,승용,여,42세,상해없음,이륜,남,50세,중상
2023042500100149,2023년 4월 25일 09시,화요일,인천광역시 부평구 부평동,경상사고,0,0,2,0,차대차 - 추돌,안전운전불이행,건조,맑음,단일로 - 기타,승용,남,28세,상해없음,승용,여,51세,경상
2023042500100150,2023년 4월 25일 09시,화요일,인천광역시 부평구 부평동,경상사고,0,0,1,0,차대차 - 정면충돌,신호위반,건조,맑음,단일로 - 기타,승용,남,41세,상해없음,승용,남,26세,경상
2023042500100218,2023년 4월 25일 11시,화요일,인천광역시 중구 인현동,중상사고,0,1,0,0,차대사람 - 차도통행중,안전운전불이행,건조,맑음,단일로 - 지하차도(도로)내,승용,남,64세,기타불명,보행자,여,68세,중상
2023042500100245,2023년 4월 25일 12시,화요일,인천광역시 남동구 간석동,경상사고,0,0,1,0,차대차 - 추돌,안전운전불이행,젖음/습기,비,단일로 - 기타,승용,여,55세,상해없음,승용,남,41세,경상
2023042500100246,2023년 4월 25일 12시,화요일,인천광역시 남동구 만수동,중상사고,0,1,0,0,차대차 - 후진중충돌,불법유턴,건조,맑음,교차로 - 교차로부근,승용,남,76세,상해없음,이륜,남,37세,중상
2023042500100322,2023년 4월 25일 14시,화요일,인천광역시 남동구 논현동,경상사고,0,0,1,0,차대차 - 정면충돌,신호위반,건조,맑음,교차로 - 교차로안,승용,여,63세,상해없음,승용,남,41세,경상
2023042500100353,2023년 4월 25일 15시,화요일,인천광역시 계양구 계산동,중상사고,0,1,1,0,차대차 - 측면충돌,안전운전불이행,건조,맑음,단일로 - 기타,승용,여,51세,상해없음,승용,여,48세,중상
2023042500100387,2023년 4월 25일 16시,화요일,인천광역시 중구 전동,경상사고,0,0,1,0,차대차 - 측면충돌,교차로운행방법위반,건조,맑음,교차로 - 교차로안,승합,남,74세,상해없음,화물,남,64세,경상
2023042500100422,2023년 4월 25일 17시,화요일,인천광역시 미추홀구 용현동,중상사고,0,1,0,0,차대차 - 추돌,안전운전불이행,건조,맑음,단일로 - 기타,승용,남,28세,상해없음,승용,남,64세,상해없음
2023042500100423,2023년 4월 25일 17시,화요일,인천광역시 남동구 구월동,경상사고,0,0,2,0,차대차 - 측면충돌,안전거리미확보,건조,맑음,단일로 - 지하차도(도로)내,승합,남,61세,상해없음,승용,남,50세,경상
2023042500100464,2023년 4월 25일 18시,화요일,인천광역시 미추홀구 학익동,중상사고,0,1,0,0,차대사람 - 기타,안전운전불이행,건조,맑음,단일로 - 기타,승용,남,55세,상해없음,보행자,남,25세,중상
2023042500100501,2023년 4월 25일 19시,화요일,인천광역시 남동구 만수동,중상사고,0,1,0,0,차대차 - 측면충돌,교차로운행방법위반,건조,맑음,교차로 - 교차로안,승용,남,54세,상해없음,이륜,남,78세,중상
2023042500100502,2023년 4월 25일 19시,화요일,인천광역시 서구 가정동,경상사고,0,0,1,0,차대차 - 측면충돌,안전운전불이행,건조,맑음,교차로 - 교차로부근,승용,남,28세,상해없음,승용,남,30세,경상
2023042500100580,2023년 4월 25일 22시,화요일,인천광역시 서구 검암동,경상사고,0,0,1,0,차대차 - 추돌,안전운전불이행,건조,맑음,단일로 - 기타,승용,남,58세,상해없음,승용,남,45세,경상
2023042600100041,2023년 4월 26일 06시,수요일,인천광역시 남동구 남촌동,경상사고,0,0,1,0,차대차 - 후진중충돌,안전운전불이행,건조,흐림,교차로 - 교차로부근,화물,남,62세,상해없음,승용,남,27세,경상
2023042600100064,2023년 4월 26일 07시,수요일,인천광역시 미추홀구 용현동,중상사고,0,1,0,0,차대차 - 추돌,안전거리미확보,건조,맑음,단일로 - 기타,화물,남,32세,상해없음,승용,남,58세,중상
2023042600100111,2023년 4월 26일 08시,수요일,인천광역시 미추홀구 학익동,경상사고,0,0,1,0,차대사람 - 기타,안전운전불이행,건조,맑음,단일로 - 기타,승합,남,58세,상해없음,보행자,남,62세,경상
2023042600100112,2023년 4월 26일 08시,수요일,인천광역시 부평구 청천동,경상사고,0,0,1,0,차대차 - 추돌,기타,건조,맑음,교차로 - 교차로안,승용,남,25세,상해없음,승용,여,55세,경상
2023042600100199,2023년 4월 26일 11시,수요일,인천광역시 미추홀구 주안동,경상사고,0,0,1,0,차대차 - 측면충돌,신호위반,건조,맑음,교차로 - 교차로부근,이륜,남,27세,상해없음,승용,남,63세,경상
2023042600100233,2023년 4월 26일 12시,수요일,인천광역시 서구 청라동,중상사고,0,4,0,0,차대차 - 측면충돌,안전운전불이행,건조,맑음,교차로 - 교차로안,승용,여,63세,상해없음,승용,여,39세,중상
2023042600100234,2023년 4월 26일 12시,수요일,인천광역시 남동구 남촌동,경상사고,0,0,1,0,차대차 - 측면충돌,안전운전불이행,건조,맑음,단일로 - 기타,승용,남,35세,상해없음,승용,남,68세,경상
2023042600100421,2023년 4월 26일 17시,수요일,인천광역시 서구 가정동,경상사고,0,0,1,0,차대차 - 측면충돌,안전운전불이행,건조,맑음,교차로 - 교차로안,승용,남,33세,상해없음,이륜,남,25세,경상
2023042600100474,2023년 4월 26일 18시,수요일,인천광역시 남동구 간석동,중상사고,0,1,0,0,차대차 - 측면충돌,신호위반,건조,맑음,단일로 - 기타,승용,남,69세,상해없음,승합,남,65세,상해없음
2023042600100515,2023년 4월 26일 19시,수요일,인천광역시 미추홀구 용현동,경상사고,0,0,1,0,차대사람 - 기타,안전운전불이행,건조,기타,기타 - 기타,기타불명,기타불명,미분류,기타불명,보행자,남,39세,경상
2023042600100549,2023년 4월 26일 20시,수요일,인천광역시 부평구 부평동,중상사고,0,1,0,0,차대차 - 기타,신호위반,건조,맑음,교차로 - 교차로안,승용,남,55세,상해없음,이륜,남,37세,중상
2023042600100578,2023년 4월 26일 21시,수요일,인천광역시 중구 항동3가,경상사고,0,0,1,0,차대차 - 측면충돌,안전운전불이행,건조,맑음,교차로 - 교차로안,이륜,남,44세,상해없음,승용,여,36세,경상
2023042600100579,2023년 4월 26일 21시,수요일,인천광역시 미추홀구 주안동,중상사고,0,1,0,0,차대차 - 기타,안전운전불이행,건조,맑음,단일로 - 기타,승용,남,71세,상해없음,승용,남,27세,중상
2023042600100596,2023년 4월 26일 22시,수요일,인천광역시 부평구 부평동,경상사고,0,0,1,0,차대차 - 추돌,안전운전불이행,건조,맑음,교차로 - 교차로부근,승용,남,22세,상해없음,승용,남,53세,경상
2023042700100008,2023년 4월 27일 00시,목요일,인천광역시 서구 가정동,중상사고,0,1,0,0,차대차 - 추돌,안전운전불이행,건조,맑음,단일로 - 교량,승용,남,57세,상해없음,화물,남,50세,중상
2023042700100031,2023년 4월 27일 05시,목요일,인천광역시 연수구 동춘동,중상사고,0,1,0,0,차대사람 - 횡단중,기타,건조,맑음,교차로 - 교차로횡단보도내,승용,남,71세,상해없음,보행자,남,40세,중상
2023042700100044,2023년 4월 27일 06시,목요일,인천광역시 남동구 만수동,경상사고,0,0,1,0,차대사람 - 차도통행중,신호위반,건조,맑음,교차로 - 교차로부근,건설기계,남,61세,상해없음,보행자,여,60세,경상
2023042700100066,2023년 4월 27일 07시,목요일,인천광역시 서구 심곡동,경상사고,0,0,1,0,차대차 - 측면충돌,안전거리미확보,건조,맑음,기타 - 기타,승용,여,64세,상해없음,승용,여,32세,경상
2023042700100128,2023년 4월 27일 09시,목요일,인천광역시 계양구 작전동,경상사고,0,0,1,0,차대차 - 측면충돌,안전거리미확보,건조,맑음,단일로 - 기타,승용,남,74세,상해없음,화물,남,59세,경상
2023042700100153,2023년 4월 27일 10시,목요일,인천광역시 계양구 효성동,중상사고,0,1,0,0,차대차 - 측면충돌,신호위반,건조,맑음,단일로 - 기타,승용,남,70세,상해없음,자전거,남,78세,중상
2023042700100209,2023년 4월 27일 12시,목요일,인천광역시 남동구 서창동,중상사고,0,1,0,0,차량단독 - 기타,기타,건조,맑음,교차로 - 교차로부근,승합,남,67세,상해없음,,,,
2023042700100242,2023년 4월 27일 13시,목요일,인천광역시 부평구 산곡동,경상사고,0,0,1,0,차대사람 - 기타,안전운전불이행,건조,맑음,단일로 - 기타,화물,남,25세,상해없음,보행자,남,37세,경상
2023042700100243,2023년 4월 27일 13시,목요일,인천광역시 계양구 계산동,경상사고,0,0,1,0,차대차 - 측면충돌,안전운전불이행,건조,맑음,교차로 - 교차로부근,승합,남,64세,상해없음,승용,여,55세,경상