사고번호,사고일시,요일,시군구,사고내용,사망자수,중상자수,경상자수,부상신고자수,사고유형,법규위반,노면상태,기상상태,도로형태,가해운전자 차종,가해운전자 성별,가해운전자 연령,가해운전자 상해정도,피해운전자 차종,피해운전자 성별,피해운전자 연령,피해운전자 상해정도
2023042700100316,2023년 4월 27일 15시,목요일,인천광역시 미추홀구 주안동,경상사고,0,0,1,0,차대차 - 측면충돌,안전운전불이행,건조,맑음,단일로 - 기타,승용,남,37세,상해없음,승용,남,47세,경상
2023042700100317,2023년 4월 27일 15시,목요일,인천광역시 미추홀구 주안동,경상사고,0,0,2,0,차대차 - 측면충돌,기타,건조,맑음,단일로 - 기타,승용,여,56세,상해없음,승용,여,40세,경상
2023042700100366,2023년 4월 27일 16시,목요일,인천광역시 남동구 구월동,중상사고,0,1,0,0,차대사람 - 횡단중,보행자보호의무위반,건조,맑음,교차로 - 교차로안,승용,여,49세,상해없음,보행자,남,74세,중상
2023042700100367,2023년 4월 27일 16시,목요일,인천광역시 서구 불로동,경상사고,0,0,1,0,차대사람 - 기타,안전운전불이행,건조,맑음,교차로 - 교차로부근,승합,여,28세,상해없음,보행자,남,7세,경상
2023042700100368,2023년 4월 27일 16시,목요일,인천광역시 연수구 송도동,경상사고,0,0,4,0,차대차 - 측면충돌,안전운전불이행,건조,맑음,교차로 - 교차로부근,승용,여,37세,경상,승용,남,48세,경상
2023042700100418,2023년 4월 27일 17시,목요일,인천광역시 남동구 남촌동,중상사고,0,1,0,0,차대차 - 측면충돌,신호위반,건조,맑음,교차로 - 교차로안,승용,여,61세,상해없음,이륜,남,22세,중상
2023042700100464,2023년 4월 27일 18시,목요일,인천광역시 중구 운북동,경상사고,0,0,1,0,차대사람 - 보도통행중,보행자보호의무위반,건조,맑음,단일로 - 기타,승용,남,66세,상해없음,보행자,여,28세,경상
2023042700100465,2023년 4월 27일 18시,목요일,인천광역시 남동구 만수동,경상사고,0,0,1,0,차대차 - 추돌,안전운전불이행,건조,맑음,교차로 - 교차로부근,승용,남,40세,상해없음,승용,여,36세,경상
2023042700100534,2023년 4월 27일 20시,목요일,인천광역시 서구 석남동,경상사고,0,0,1,0,차대차 - 기타,안전거리미확보,건조,맑음,기타 - 기타,화물,남,60세,상해없음,이륜,남,24세,경상
2023042700100535,2023년 4월 27일 20시,목요일,인천광역시 남동구 논현동,경상사고,0,0,1,0,차대차 - 측면충돌,안전운전불이행,건조,맑음,교차로 - 교차로부근,승용,남,68세,상해없음,승용,남,56세,경상
2023042700100561,2023년 4월 27일 21시,목요일,인천광역시 부평구 부개동,경상사고,0,0,2,0,차대차 - 추돌,안전운전불이행,건조,맑음,교차로 - 교차로부근,승용,남,24세,상해없음,승용,남,39세,경상
2023042800100017,2023년 4월 28일 01시,금요일,인천광역시 부평구 청천동,경상사고,0,0,2,0,차대차 - 후진중충돌,안전운전불이행,젖음/습기,비,교차로 - 교차로부근,승용,남,58세,상해없음,승용,남,58세,경상
2023042800100028,2023년 4월 28일 04시,금요일,인천광역시 남동구 구월동,경상사고,0,0,1,0,차대차 - 추돌,안전운전불이행,건조,맑음,교차로 - 교차로부근,원동기,남,26세,상해없음,승용,남,33세,경상
2023042800100082,2023년 4월 28일 07시,금요일,인천광역시 동구 송현동,경상사고,0,0,2,0,차대차 - 측면충돌,차로위반,건조,맑음,교차로 - 교차로부근,승용,남,59세,경상,승용,남,68세,경상
2023042800100083,2023년 4월 28일 07시,금요일,인천광역시 남동구 구월동,중상사고,0,1,13,0,차대차 - 측면충돌,차로위반,건조,맑음,교차로 - 교차로부근,승합,남,47세,상해없음,승합,남,67세,상해없음
2023042800100084,2023년 4월 28일 07시,금요일,인천광역시 남동구 고잔동,경상사고,0,0,1,0,차대차 - 추돌,안전운전불이행,건조,맑음,단일로 - 터널,승용,남,25세,상해없음,승용,여,40세,경상
2023042800100145,2023년 4월 28일 08시,금요일,인천광역시 부평구 십정동,경상사고,0,0,1,0,차대차 - 기타,차로위반,건조,맑음,교차로 - 교차로부근,승합,여,51세,상해없음,승용,여,38세,경상
2023042800100182,2023년 4월 28일 09시,금요일,인천광역시 미추홀구 도화동,중상사고,0,1,0,0,차대사람 - 기타,안전운전불이행,건조,맑음,교차로 - 교차로안,승용,남,66세,상해없음,보행자,여,72세,중상
2023042800100183,2023년 4월 28일 09시,금요일,인천광역시 남동구 장수동,경상사고,0,0,1,0,차대차 - 측면충돌,안전운전불이행,건조,맑음,단일로 - 기타,화물,남,67세,상해없음,승용,남,33세,경상
2023042800100244,2023년 4월 28일 11시,금요일,인천광역시 남동구 만수동,경상사고,0,0,1,0,차대차 - 추돌,안전운전불이행,건조,맑음,교차로 - 교차로부근,승용,남,62세,상해없음,승용,여,37세,경상
2023042800100268,2023년 4월 28일 12시,금요일,인천광역시 미추홀구 주안동,경상사고,0,0,1,0,차대사람 - 기타,안전운전불이행,건조,맑음,단일로 - 기타,승합,남,58세,기타불명,보행자,남,29세,경상
2023042800100304,2023년 4월 28일 13시,금요일,인천광역시 서구 당하동,중상사고,0,1,0,0,차량단독 - 기타,안전운전불이행,건조,맑음,단일로 - 기타,승합,남,56세,상해없음,,,,
2023042800100337,2023년 4월 28일 14시,금요일,인천광역시 남동구 고잔동,경상사고,0,0,1,0,차대차 - 측면충돌,안전거리미확보,건조,맑음,단일로 - 지하차도(도로)내,건설기계,남,60세,상해없음,승용,남,42세,경상
2023042800100375,2023년 4월 28일 15시,금요일,인천광역시 부평구 삼산동,경상사고,0,0,2,0,차대차 - 측면충돌,안전거리미확보,건조,맑음,단일로 - 교량,화물,남,47세,상해없음,승용,남,26세,경상
2023042800100419,2023년 4월 28일 16시,금요일,인천광역시 부평구 산곡동,부상신고사고,0,0,0,1,차대사람 - 기타,안전운전불이행,기타,맑음,기타 - 기타,원동기,남,60세,상해없음,보행자,남,9세,부상신고
2023042800100420,2023년 4월 28일 16시,금요일,인천광역시 서구 당하동,경상사고,0,0,1,0,차대차 - 측면충돌,안전운전불이행,건조,맑음,교차로 - 교차로안,승용,남,28세,상해없음,승용,여,33세,경상
2023042800100421,2023년 4월 28일 16시,금요일,인천광역시 서구 석남동,경상사고,0,0,3,0,차대차 - 측면충돌,안전운전불이행,건조,맑음,기타 - 기타,화물,남,60세,경상,승용,남,65세,경상
2023042800100422,2023년 4월 28일 16시,금요일,인천광역시 연수구 선학동,중상사고,0,1,0,0,차대사람 - 횡단중,기타,건조,맑음,기타 - 기타,자전거,남,62세,상해없음,보행자,여,58세,중상
2023042800100560,2023년 4월 28일 19시,금요일,인천광역시 부평구 부평동,중상사고,0,1,0,0,차대차 - 후진중충돌,안전운전불이행,건조,맑음,기타 - 기타,승용,여,47세,상해없음,승용,남,46세,중상
2023042800100561,2023년 4월 28일 19시,금요일,인천광역시 연수구 선학동,경상사고,0,0,1,0,차대차 - 측면충돌,안전운전불이행,건조,맑음,교차로 - 교차로안,승용,남,63세,상해없음,자전거,남,41세,경상
2023042800100562,2023년 4월 28일 19시,금요일,인천광역시 부평구 삼산동,중상사고,0,1,0,0,차대차 - 기타,안전거리미확보,건조,맑음,교차로 - 교차로부근,이륜,남,63세,기타불명,이륜,남,38세,중상
2023042800100634,2023년 4월 28일 21시,금요일,인천광역시 남동구 만수동,경상사고,0,0,1,0,차대사람 - 횡단중,보행자보호의무위반,젖음/습기,비,교차로 - 교차로횡단보도내,승용,여,50세,상해없음,보행자,여,18세,경상
2023042800100635,2023년 4월 28일 21시,금요일,인천광역시 남동구 간석동,중상사고,0,1,1,0,차대사람 - 횡단중,신호위반,젖음/습기,비,교차로 - 교차로부근,승용,남,61세,상해없음,보행자,남,20세,경상
2023042800100664,2023년 4월 28일 22시,금요일,인천광역시 연수구 선학동,경상사고,0,0,2,0,차대차 - 추돌,안전운전불이행,젖음/습기,비,단일로 - 지하차도(도로)내,화물,남,29세,상해없음,승용,남,67세,경상
2023042800100665,2023년 4월 28일 22시,금요일,인천광역시 부평구 일신동,경상사고,0,0,1,0,차대차 - 측면충돌,안전운전불이행,젖음/습기,비,단일로 - 기타,화물,남,61세,상해없음,승용,남,29세,경상
2023042800100689,2023년 4월 28일 23시,금요일,인천광역시 미추홀구 학익동,경상사고,0,0,1,0,차대차 - 측면충돌,안전운전불이행,젖음/습기,비,단일로 - 기타,승용,남,30세,상해없음,승용,여,65세,경상
2023042800100690,2023년 4월 28일 23시,금요일,인천광역시 부평구 부평동,경상사고,0,0,2,0,차대차 - 후진중충돌,안전운전불이행,젖음/습기,비,교차로 - 교차로부근,승용,남,25세,상해없음,승용,남,28세,경상
2023042800100691,2023년 4월 28일 23시,금요일,인천광역시 연수구 동춘동,중상사고,0,1,0,0,차대차 - 측면충돌,안전거리미확보,젖음/습기,비,단일로 - 기타,승용,남,67세,상해없음,승용,남,27세,중상
2023042800100692,2023년 4월 28일 23시,금요일,인천광역시 남동구 고잔동,경상사고,0,0,2,0,차대차 - 측면충돌,안전운전불이행,젖음/습기,비,교차로 - 교차로부근,승용,남,45세,상해없음,승용,남,32세,경상
2023042900100015,2023년 4월 29일 00시,토요일,인천광역시 미추홀구 용현동,경상사고,0,0,1,0,차대사람 - 보도통행중,기타,젖음/습기,비,단일로 - 기타,개인형이동수단(PM),남,22세,상해없음,보행자,남,25세,경상
2023042900100030,2023년 4월 29일 01시,토요일,인천광역시 미추홀구 주안동,경상사고,0,0,1,0,차대사람 - 횡단중,안전운전불이행,젖음/습기,비,기타 - 기타,승용,남,29세,상해없음,보행자,남,65세,경상
2023042900100041,2023년 4월 29일 02시,토요일,인천광역시 미추홀구 문학동,경상사고,0,0,2,0,차대차 - 추돌,안전운전불이행,건조,맑음,교차로 - 교차로부근,승용,여,44세,상해없음,승용,남,51세,상해없음
2023042900100042,2023년 4월 29일 02시,토요일,인천광역시 연수구 연수동,중상사고,0,1,0,0,차대사람 - 횡단중,보행자보호의무위반,젖음/습기,비,교차로 - 교차로부근,승용,남,26세,상해없음,보행자,여,49세,중상
2023042900100052,2023년 4월 29일 03시,토요일,인천광역시 계양구 작전동,중상사고,0,1,0,0,차대차 - 기타,신호위반,젖음/습기,비,교차로 - 교차로안,승용,남,60세,상해없음,승용,여,43세,중상
2023042900100111,2023년 4월 29일 08시,토요일,인천광역시 강화군 강화읍,부상신고사고,0,0,0,1,차량단독 - 기타,안전운전불이행,건조,흐림,단일로 - 지하차도(도로)내,승합,남,50세,상해없음,,,,
2023042900100195,2023년 4월 29일 11시,토요일,인천광역시 부평구 청천동,경상사고,0,0,1,0,차대차 - 측면충돌,안전운전불이행,젖음/습기,비,교차로 - 교차로부근,승용,남,27세,상해없음,화물,남,55세,경상
2023042900100196,2023년 4월 29일 11시,토요일,인천광역시 부평구 구산동,경상사고,0,0,1,0,차대차 - 측면충돌,차로위반,젖음/습기,비,단일로 - 교량,화물,남,64세,상해없음,승용,여,76세,경상
2023042900100238,2023년 4월 29일 12시,토요일,인천광역시 계양구 효성동,중상사고,0,1,0,0,차대차 - 측면충돌,교차로운행방법위반,젖음/습기,비,교차로 - 교차로안,자전거,남,95세,중상,승용,남,36세,상해없음
2023042900100305,2023년 4월 29일 14시,토요일,인천광역시 부평구 일신동,경상사고,0,0,1,0,차대차 - 추돌,기타,건조,맑음,단일로 - 기타,승용,남,31세,상해없음,승용,남,52세,경상
2023042900100306,2023년 4월 29일 14시,토요일,인천광역시 부평구 청천동,부상신고사고,0,0,0,1,차대차 - 추돌,안전거리미확보,건조,맑음,단일로 - 기타,승용,남,28세,상해없음,승용,남,55세,부상신고
2023042900100347,2023년 4월 29일 15시,토요일,인천광역시 중구 운서동,중상사고,0,1,0,0,차량단독 - 기타,안전운전불이행,건조,맑음,교차로 - 교차로부근,승합,남,53세,상해없음,,,,
2023042900100348,2023년 4월 29일 15시,토요일,인천광역시 부평구 청천동,경상사고,0,0,2,0,차대차 - 추돌,안전운전불이행,건조,맑음,단일로 - 기타,승용,남,61세,상해없음,승용,남,27세,경상
2023042900100378,2023년 4월 29일 16시,토요일,인천광역시 미추홀구 문학동,부상신고사고,0,0,0,1,차대사람 - 기타,안전운전불이행,건조,맑음,단일로 - 기타,승합,남,52세,상해없음,보행자,남,43세,부상신고
2023042900100379,2023년 4월 29일 16시,토요일,인천광역시 서구 왕길동,경상사고,0,0,2,0,차대차 - 기타,안전운전불이행,건조,맑음,교차로 - 교차로부근,승용,남,29세,경상,승용,여,54세,경상
2023042900100412,2023년 4월 29일 17시,토요일,인천광역시 미추홀구 주안동,경상사고,0,0,2,0,차대차 - 측면충돌,안전운전불이행,건조,맑음,단일로 - 기타,승용,여,54세,상해없음,승용,여,53세,경상
2023042900100439,2023년 4월 29일 18시,토요일,인천광역시 남동구 구월동,경상사고,0,0,1,0,차대차 - 후진중충돌,안전운전불이행,건조,맑음,교차로 - 교차로부근,승용,남,56세,상해없음,이륜,남,41세,경상
2023042900100440,2023년 4월 29일 18시,토요일,인천광역시 서구 마전동,경상사고,0,0,2,0,차대차 - 추돌,안전운전불이행,건조,맑음,기타 - 기타,이륜,남,14세,상해없음,승용,여,41세,경상
2023042900100483,2023년 4월 29일 20시,토요일,인천광역시 부평구 청천동,경상사고,0,0,1,0,차대차 - 측면충돌,안전운전불이행,건조,흐림,단일로 - 지하차도(도로)내,승용,여,54세,상해없음,이륜,남,52세,경상
2023042900100504,2023년 4월 29일 21시,토요일,인천광역시 계양구 귤현동,경상사고,0,0,2,0,차대차 - 측면충돌,안전운전불이행,젖음/습기,흐림,교차로 - 교차로안,승용,남,58세,상해없음,승용,남,48세,경상
2023043000100012,2023년 4월 30일 00시,일요일,인천광역시 부평구 부평동,경상사고,0,0,1,0,차대차 - 추돌,안전운전불이행,건조,맑음,교차로 - 교차로부근,승용,여,19세,상해없음,이륜,남,24세,기타불명
2023043000100061,2023년 4월 30일 06시,일요일,인천광역시 미추홀구 주안동,경상사고,0,0,1,0,차대차 - 측면충돌,안전거리미확보,건조,맑음,단일로 - 기타,승용,여,56세,상해없음,승용,남,60세,경상
2023043000100121,2023년 4월 30일 10시,일요일,인천광역시 미추홀구 용현동,경상사고,0,0,2,0,차대차 - 측면충돌,신호위반,건조,맑음,교차로 - 교차로부근,승용,여,74세,기타불명,승용,남,69세,경상
2023043000100122,2023년 4월 30일 10시,일요일,인천광역시 남동구 논현동,중상사고,0,1,0,0,차대차 - 측면충돌,신호위반,건조,맑음,교차로 - 교차로안,승용,남,23세,상해없음,승용,남,38세,중상
2023043000100157,2023년 4월 30일 11시,일요일,인천광역시 서구 가정동,경상사고,0,0,3,0,차대차 - 측면충돌,신호위반,건조,맑음,교차로 - 교차로안,승용,남,70세,상해없음,승용,남,42세,상해없음
2023043000100207,2023년 4월 30일 13시,일요일,인천광역시 서구 가좌동,경상사고,0,0,1,0,차대차 - 기타,안전운전불이행,건조,맑음,교차로 - 교차로안,승용,남,73세,상해없음,승용,남,40세,경상
2023043000100281,2023년 4월 30일 15시,일요일,인천광역시 남동구 만수동,경상사고,0,0,1,0,차대차 - 측면충돌,안전운전불이행,건조,맑음,교차로 - 교차로부근,승용,남,36세,상해없음,이륜,남,45세,경상
2023043000100322,2023년 4월 30일 16시,일요일,인천광역시 부평구 십정동,중상사고,0,1,0,0,차대차 - 측면충돌,안전운전불이행,건조,맑음,교차로 - 교차로안,승용,남,54세,상해없음,이륜,남,36세,중상
2023043000100323,2023년 4월 30일 16시,일요일,인천광역시 계양구 동양동,경상사고,0,0,2,0,차대차 - 측면충돌,안전운전불이행,건조,맑음,교차로 - 교차로안,승용,남,52세,상해없음,승용,남,25세,경상
2023043000100429,2023년 4월 30일 20시,일요일,인천광역시 미추홀구 도화동,경상사고,0,0,1,0,차대차 - 추돌,안전운전불이행,건조,맑음,교차로 - 교차로부근,승용,남,48세,기타불명,승용,남,72세,경상
2023043000100445,2023년 4월 30일 21시,일요일,인천광역시 서구 가정동,경상사고,0,0,2,0,차대차 - 추돌,신호위반,건조,맑음,교차로 - 교차로안,승용,남,33세,상해없음,승용,여,45세,경상
2023043000100447,2023년 4월 30일 21시,일요일,인천광역시 연수구 송도동,중상사고,0,1,0,0,차대차 - 측면충돌,교차로운행방법위반,건조,맑음,교차로 - 교차로안,이륜,남,24세,중상,이륜,남,52세,상해없음
2023043000100474,2023년 4월 30일 23시,일요일,인천광역시 부평구 부개동,경상사고,0,0,1,0,차대사람 - 차도통행중,안전운전불이행,건조,맑음,교차로 - 교차로부근,승용,여,25세,상해없음,보행자,남,44세,경상
2023050100100026,2023년 5월 1일 03시,월요일,인천광역시 미추홀구 숭의동,경상사고,0,0,1,0,차대사람 - 기타,기타,건조,맑음,기타 - 기타,승용,남,51세,상해없음,보행자,남,57세,경상
2023050100100059,2023년 5월 1일 07시,월요일,인천광역시 서구 불로동,경상사고,0,0,1,0,차대차 - 측면충돌,안전운전불이행,건조,맑음,교차로 - 교차로안,화물,남,56세,상해없음,승용,남,48세,경상
2023050100100079,2023년 5월 1일 08시,월요일,인천광역시 남동구 간석동,경상사고,0,0,1,0,차대차 - 측면충돌,교차로운행방법위반,건조,맑음,교차로 - 교차로안,승용,남,32세,상해없음,승용,남,39세,상해없음
2023050100100210,2023년 5월 1일 12시,월요일,인천광역시 중구 운북동,경상사고,0,0,2,0,차대차 - 측면충돌,신호위반,건조,맑음,교차로 - 교차로안,승용,남,59세,기타불명,승용,남,31세,경상
2023050100100211,2023년 5월 1일 12시,월요일,인천광역시 남동구 고잔동,중상사고,0,1,0,0,차대차 - 측면충돌,안전거리미확보,건조,맑음,단일로 - 지하차도(도로)내,승합,남,59세,상해없음,승용,남,47세,중상
2023050100100290,2023년 5월 1일 14시,월요일,인천광역시 미추홀구 숭의동,중상사고,0,1,0,0,차대차 - 기타,안전운전불이행,건조,맑음,교차로 - 교차로안,승용,여,50세,기타불명,이륜,남,67세,중상
2023050100100336,2023년 5월 1일 15시,월요일,인천광역시 남동구 간석동,경상사고,0,0,1,0,차대차 - 추돌,안전운전불이행,건조,맑음,단일로 - 지하차도(도로)내,승용,여,63세,상해없음,승용,여,54세,경상
2023050100100337,2023년 5월 1일 15시,월요일,인천광역시 남동구 간석동,경상사고,0,0,2,0,차대차 - 측면충돌,신호위반,건조,맑음,교차로 - 교차로부근,승용,남,58세,기타불명,승용,남,49세,경상
2023050100100338,2023년 5월 1일 15시,월요일,인천광역시 서구 당하동,중상사고,0,1,1,0,차대차 - 추돌,안전운전불이행,건조,맑음,기타 - 기타,승용,남,74세,상해없음,이륜,남,53세,중상
2023050100100339,2023년 5월 1일 15시,월요일,인천광역시 서구 오류동,경상사고,0,0,1,0,차대사람 - 기타,안전운전불이행,건조,맑음,단일로 - 기타,자전거,남,24세,상해없음,보행자,여,66세,경상
2023050100100340,2023년 5월 1일 15시,월요일,인천광역시 연수구 연수동,중상사고,0,1,0,0,차대차 - 측면충돌,교차로운행방법위반,건조,맑음,교차로 - 교차로안,원동기,남,35세,상해없음,원동기,남,30세,중상
2023050100100387,2023년 5월 1일 16시,월요일,인천광역시 동구 송림동,경상사고,0,0,1,0,차대차 - 기타,안전거리미확보,건조,맑음,단일로 - 기타,승용,여,65세,상해없음,이륜,남,43세,경상
2023050100100432,2023년 5월 1일 17시,월요일,인천광역시 강화군 하점면,경상사고,0,0,1,0,차대차 - 기타,중앙선침범,건조,맑음,기타 - 기타,화물,남,58세,상해없음,승용,남,20세,경상
2023050100100500,2023년 5월 1일 19시,월요일,인천광역시 연수구 선학동,부상신고사고,0,0,0,1,차대차 - 측면충돌,교차로운행방법위반,건조,맑음,교차로 - 교차로안,승용,남,52세,상해없음,승용,남,31세,부상신고
2023050100100520,2023년 5월 1일 20시,월요일,인천광역시 서구 청라동,중상사고,0,1,0,0,차대차 - 측면충돌,신호위반,건조,맑음,기타 - 기타,이륜,남,28세,상해없음,자전거,남,15세,중상
2023050200100005,2023년 5월 2일 00시,화요일,인천광역시 미추홀구 학익동,경상사고,0,0,2,0,차대차 - 추돌,안전운전불이행,건조,맑음,교차로 - 교차로부근,승용,남,43세,상해없음,승용,여,57세,경상
2023050200100022,2023년 5월 2일 04시,화요일,인천광역시 미추홀구 주안동,경상사고,0,0,1,0,차대사람 - 횡단중,안전운전불이행,건조,맑음,단일로 - 기타,승용,남,63세,상해없음,보행자,남,28세,경상
2023050200100027,2023년 5월 2일 05시,화요일,인천광역시 미추홀구 관교동,중상사고,0,1,0,0,차대차 - 측면충돌,안전운전불이행,건조,맑음,단일로 - 기타,화물,남,65세,상해없음,이륜,남,59세,중상
2023050200100040,2023년 5월 2일 06시,화요일,인천광역시 계양구 서운동,경상사고,0,0,1,0,차대차 - 추돌,안전운전불이행,건조,맑음,단일로 - 교량,화물,남,53세,상해없음,승용,남,41세,경상
2023050200100112,2023년 5월 2일 08시,화요일,인천광역시 부평구 산곡동,경상사고,0,0,2,0,차대차 - 추돌,안전운전불이행,건조,맑음,교차로 - 교차로안,승용,남,66세,기타불명,승용,여,46세,경상
2023050200100113,2023년 5월 2일 08시,화요일,인천광역시 서구 신현동,경상사고,0,0,1,0,차대차 - 후진중충돌,안전운전불이행,건조,맑음,기타 - 기타,승용,남,21세,상해없음,승용,남,36세,경상
2023050200100114,2023년 5월 2일 08시,화요일,인천광역시 남동구 만수동,경상사고,0,0,1,0,차대차 - 측면충돌,안전거리미확보,건조,맑음,교차로 - 교차로부근,승용,여,64세,상해없음,승용,여,57세,경상
2023050200100149,2023년 5월 2일 09시,화요일,인천광역시 중구 신흥동3가,경상사고,0,0,1,0,차대차 - 측면충돌,안전운전불이행,건조,맑음,교차로 - 교차로안,승용,남,37세,상해없음,승합,남,63세,경상
2023050200100150,2023년 5월 2일 09시,화요일,인천광역시 미추홀구 용현동,경상사고,0,0,2,0,차대차 - 측면충돌,안전운전불이행,건조,맑음,교차로 - 교차로부근,승용,남,29세,상해없음,승용,남,33세,경상
2023050200100187,2023년 5월 2일 10시,화요일,인천광역시 서구 가좌동,경상사고,0,0,1,0,차대차 - 측면충돌,안전운전불이행,건조,맑음,단일로 - 기타,승용,여,60세,상해없음,승용,남,55세,경상
2023050200100219,2023년 5월 2일 11시,화요일,인천광역시 미추홀구 문학동,경상사고,0,0,1,0,차대차 - 측면충돌,안전운전불이행,건조,맑음,단일로 - 기타,이륜,남,74세,상해없음,승용,남,33세,경상
2023050200100220,2023년 5월 2일 11시,화요일,인천광역시 부평구 십정동,경상사고,0,0,1,0,차대차 - 측면충돌,안전운전불이행,건조,맑음,단일로 - 기타,화물,남,71세,상해없음,승용,남,68세,경상
2023050200100260,2023년 5월 2일 12시,화요일,인천광역시 서구 왕길동,중상사고,0,1,0,0,차대사람 - 횡단중,안전운전불이행,건조,맑음,단일로 - 기타,승용,남,52세,상해없음,보행자,남,71세,중상
2023050200100261,2023년 5월 2일 12시,화요일,인천광역시 강화군 하점면,경상사고,0,0,2,0,차대차 - 측면충돌,신호위반,건조,맑음,교차로 - 교차로안,화물,남,64세,상해없음,기타불명,남,20세,경상
2023050200100377,2023년 5월 2일 15시,화요일,인천광역시 중구 북성동1가,중상사고,0,3,0,0,차대차 - 측면충돌,안전거리미확보,건조,맑음,교차로 - 교차로안,승용,남,30세,상해없음,승용,남,42세,중상
2023050200100421,2023년 5월 2일 16시,화요일,인천광역시 미추홀구 관교동,중상사고,0,1,0,0,차대사람 - 횡단중,안전운전불이행,건조,맑음,기타 - 기타,승합,남,47세,상해없음,보행자,남,7세,중상
2023050200100422,2023년 5월 2일 16시,화요일,인천광역시 연수구 송도동,경상사고,0,0,1,0,차대사람 - 보도통행중,안전운전불이행,건조,맑음,단일로 - 기타,개인형이동수단(PM),여,15세,상해없음,보행자,여,13세,경상
2023050200100423,2023년 5월 2일 16시,화요일,인천광역시 연수구 송도동,경상사고,0,0,1,0,차대사람 - 횡단중,신호위반,건조,맑음,교차로 - 교차로안,승용,남,68세,상해없음,보행자,여,8세,경상
2023050200100466,2023년 5월 2일 17시,화요일,인천광역시 부평구 청천동,경상사고,0,0,1,0,차대차 - 기타,안전운전불이행,건조,맑음,단일로 - 기타,승용,남,77세,상해없음,승용,남,29세,경상
2023050200100467,2023년 5월 2일 17시,화요일,인천광역시 연수구 선학동,경상사고,0,0,1,0,차대차 - 측면충돌,안전운전불이행,건조,맑음,기타 - 기타,승용,남,56세,상해없음,이륜,남,41세,경상
2023050200100510,2023년 5월 2일 18시,화요일,인천광역시 동구 송현동,경상사고,0,0,1,0,차대차 - 추돌,차로위반,기타,맑음,단일로 - 기타,승용,여,49세,상해없음,승용,남,30세,경상
2023050200100511,2023년 5월 2일 18시,화요일,인천광역시 서구 검암동,경상사고,0,0,1,0,차대차 - 측면충돌,안전거리미확보,건조,맑음,교차로 - 교차로안,승용,남,60세,상해없음,승용,남,28세,경상
2023050200100512,2023년 5월 2일 18시,화요일,인천광역시 서구 청라동,경상사고,0,0,1,0,차대차 - 측면충돌,신호위반,건조,맑음,교차로 - 교차로안,승용,여,37세,상해없음,화물,남,55세,경상
2023050200100513,2023년 5월 2일 18시,화요일,인천광역시 서구 경서동,경상사고,0,0,1,0,차대차 - 측면충돌,교차로운행방법위반,건조,맑음,교차로 - 교차로안,승용,남,22세,상해없음,승용,남,44세,경상
2023050200100514,2023년 5월 2일 18시,화요일,인천광역시 남동구 만수동,경상사고,0,0,1,0,차대차 - 측면충돌,안전거리미확보,건조,맑음,단일로 - 기타,승용,남,50세,상해없음,승용,남,52세,경상
2023050200100541,2023년 5월 2일 19시,화요일,인천광역시 서구 석남동,경상사고,0,0,1,0,차대차 - 추돌,안전거리미확보,건조,맑음,단일로 - 기타,승용,남,55세,상해없음,화물,남,58세,경상
2023050200100542,2023년 5월 2일 19시,화요일,인천광역시 서구 심곡동,경상사고,0,0,1,0,차대차 - 측면충돌,안전운전불이행,건조,맑음,단일로 - 기타,이륜,남,32세,상해없음,승용,남,52세,경상
2023050200100543,2023년 5월 2일 19시,화요일,인천광역시 남동구 만수동,중상사고,0,1,0,0,차대사람 - 보도통행중,기타,건조,맑음,단일로 - 지하차도(도로)내,개인형이동수단(PM),남,29세,상해없음,보행자,여,68세,중상
2023050200100544,2023년 5월 2일 19시,화요일,인천광역시 남동구 논현동,경상사고,0,0,2,0,차대차 - 측면충돌,안전운전불이행,건조,맑음,단일로 - 지하차도(도로)내,승용,남,31세,상해없음,승용,여,42세,경상
2023050200100545,2023년 5월 2일 19시,화요일,인천광역시 남동구 수산동,경상사고,0,0,1,0,차대차 - 측면충돌,신호위반,건조,맑음,교차로 - 교차로안,승용,남,54세,상해없음,승용,남,43세,경상
2023050200100602,2023년 5월 2일 21시,화요일,인천광역시 연수구 연수동,경상사고,0,0,1,0,차대사람 - 횡단중,보행자보호의무위반,건조,맑음,교차로 - 교차로안,개인형이동수단(PM),남,36세,상해없음,보행자,여,16세,경상
2023050300100006,2023년 5월 3일 00시,수요일,인천광역시 미추홀구 주안동,경상사고,0,0,1,0,차대차 - 측면충돌,안전거리미확보,건조,맑음,단일로 - 기타,승용,남,43세,상해없음,승용,남,60세,경상
2023050300100018,2023년 5월 3일 03시,수요일,인천광역시 남동구 구월동,경상사고,0,0,1,0,차대차 - 측면충돌,교차로운행방법위반,건조,맑음,교차로 - 교차로안,승용,남,31세,상해없음,이륜,남,31세,경상
2023050300100105,2023년 5월 3일 08시,수요일,인천광역시 중구 운남동,경상사고,0,0,2,0,차대차 - 측면충돌,안전거리미확보,건조,맑음,교차로 - 교차로부근,건설기계,남,64세,상해없음,승용,여,45세,경상
2023050300100106,2023년 5월 3일 08시,수요일,인천광역시 미추홀구 용현동,경상사고,0,0,1,0,차량단독 - 기타,기타,건조,맑음,단일로 - 기타,승합,남,62세,상해없음,,,,