사고번호,사고일시,요일,시군구,사고내용,사망자수,중상자수,경상자수,부상신고자수,사고유형,법규위반,노면상태,기상상태,도로형태,가해운전자 차종,가해운전자 성별,가해운전자 연령,가해운전자 상해정도,피해운전자 차종,피해운전자 성별,피해운전자 연령,피해운전자 상해정도
2023050300100107,2023년 5월 3일 08시,수요일,인천광역시 서구 왕길동,중상사고,0,1,0,0,차대사람 - 차도통행중,안전운전불이행,건조,맑음,기타 - 기타,화물,여,50세,상해없음,보행자,남,13세,중상
2023050300100144,2023년 5월 3일 09시,수요일,인천광역시 계양구 작전동,경상사고,0,0,1,0,차대차 - 후진중충돌,안전운전불이행,건조,맑음,단일로 - 기타,승용,남,74세,기타불명,승용,여,45세,경상
2023050300100198,2023년 5월 3일 11시,수요일,인천광역시 부평구 삼산동,중상사고,0,1,0,0,차대차 - 기타,신호위반,건조,맑음,단일로 - 기타,이륜,남,39세,상해없음,자전거,남,87세,중상
2023050300100264,2023년 5월 3일 13시,수요일,인천광역시 중구 항동7가,경상사고,0,0,1,0,차대차 - 추돌,안전운전불이행,기타,기타,기타 - 기타,승용,남,82세,기타불명,승용,여,36세,경상
2023050300100265,2023년 5월 3일 13시,수요일,인천광역시 남동구 구월동,경상사고,0,0,1,0,차대차 - 측면충돌,교차로운행방법위반,건조,맑음,교차로 - 교차로안,이륜,남,61세,경상,승용,여,31세,상해없음
2023050300100266,2023년 5월 3일 13시,수요일,인천광역시 서구 가정동,경상사고,0,0,1,0,차대차 - 후진중충돌,안전운전불이행,건조,맑음,교차로 - 교차로부근,승용,남,31세,상해없음,승용,남,63세,경상
2023050300100329,2023년 5월 3일 15시,수요일,인천광역시 남동구 구월동,경상사고,0,0,1,0,차대차 - 추돌,안전운전불이행,건조,맑음,교차로 - 교차로부근,승용,남,34세,상해없음,승용,남,46세,경상
2023050300100372,2023년 5월 3일 16시,수요일,인천광역시 중구 중산동,경상사고,0,0,1,0,차대차 - 측면충돌,안전운전불이행,건조,맑음,교차로 - 교차로횡단보도내,승용,여,41세,상해없음,자전거,남,9세,경상
2023050300100373,2023년 5월 3일 16시,수요일,인천광역시 남동구 만수동,경상사고,0,0,2,0,차대차 - 추돌,안전운전불이행,건조,맑음,단일로 - 기타,화물,남,65세,상해없음,승용,남,19세,경상
2023050300100414,2023년 5월 3일 17시,수요일,인천광역시 부평구 십정동,경상사고,0,0,2,0,차대차 - 추돌,안전운전불이행,기타,맑음,기타 - 기타,승용,남,58세,상해없음,승용,남,19세,경상
2023050300100415,2023년 5월 3일 17시,수요일,인천광역시 부평구 청천동,경상사고,0,0,2,0,차대차 - 측면충돌,안전운전불이행,건조,맑음,교차로 - 교차로안,승용,남,71세,기타불명,화물,남,39세,기타불명
2023050300100416,2023년 5월 3일 17시,수요일,인천광역시 계양구 작전동,경상사고,0,0,1,0,차대차 - 측면충돌,안전운전불이행,건조,맑음,단일로 - 기타,승용,남,62세,상해없음,승용,남,30세,경상
2023050300100447,2023년 5월 3일 18시,수요일,인천광역시 서구 가좌동,경상사고,0,0,2,0,차대차 - 측면충돌,안전운전불이행,건조,맑음,교차로 - 교차로부근,승합,남,79세,상해없음,승용,남,33세,경상
2023050300100528,2023년 5월 3일 21시,수요일,인천광역시 동구 화수동,경상사고,0,0,1,0,차대차 - 추돌,안전운전불이행,건조,맑음,교차로 - 교차로부근,승용,남,31세,상해없음,화물,남,55세,경상
2023050300100529,2023년 5월 3일 21시,수요일,인천광역시 부평구 십정동,경상사고,0,0,1,0,차대차 - 추돌,안전운전불이행,건조,맑음,단일로 - 고가도로위,승용,여,52세,상해없음,승용,남,38세,경상
2023050400100008,2023년 5월 4일 00시,목요일,인천광역시 부평구 부평동,중상사고,0,1,0,0,차대사람 - 기타,안전운전불이행,건조,맑음,단일로 - 기타,승합,여,63세,상해없음,보행자,남,49세,중상
2023050400100043,2023년 5월 4일 06시,목요일,인천광역시 미추홀구 도화동,경상사고,0,0,1,0,차대차 - 기타,안전운전불이행,건조,맑음,단일로 - 기타,승용,남,72세,상해없음,화물,남,69세,경상
2023050400100044,2023년 5월 4일 06시,목요일,인천광역시 남동구 고잔동,경상사고,0,0,1,0,차대차 - 정면충돌,중앙선침범,건조,맑음,교차로 - 교차로부근,승용,남,48세,상해없음,화물,남,63세,경상
2023050400100065,2023년 5월 4일 07시,목요일,인천광역시 부평구 부개동,경상사고,0,0,1,0,차대차 - 측면충돌,안전운전불이행,건조,맑음,교차로 - 교차로안,승용,남,67세,상해없음,화물,남,27세,경상
2023050400100066,2023년 5월 4일 07시,목요일,인천광역시 남동구 논현동,부상신고사고,0,0,0,1,차대사람 - 보도통행중,안전운전불이행,건조,맑음,단일로 - 기타,자전거,기타불명,미분류,기타불명,보행자,여,76세,부상신고
2023050400100107,2023년 5월 4일 08시,목요일,인천광역시 미추홀구 용현동,중상사고,0,1,0,0,차대사람 - 기타,안전운전불이행,건조,맑음,교차로 - 교차로안,승용,남,48세,상해없음,보행자,여,52세,중상
2023050400100206,2023년 5월 4일 11시,목요일,인천광역시 서구 청라동,경상사고,0,0,1,0,차대차 - 측면충돌,안전거리미확보,건조,맑음,단일로 - 지하차도(도로)내,승합,남,63세,상해없음,이륜,남,47세,경상
2023050400100207,2023년 5월 4일 11시,목요일,인천광역시 강화군 교동면,중상사고,0,3,0,0,차대차 - 측면충돌,직진우회전진행방해,건조,맑음,교차로 - 교차로안,승용,남,62세,중상,화물,남,56세,중상
2023050400100248,2023년 5월 4일 12시,목요일,인천광역시 서구 가좌동,경상사고,0,0,1,0,차대사람 - 기타,안전운전불이행,건조,맑음,단일로 - 기타,승용,남,56세,상해없음,보행자,여,80세,경상
2023050400100279,2023년 5월 4일 13시,목요일,인천광역시 중구 을왕동,중상사고,0,1,0,0,차대사람 - 기타,안전운전불이행,건조,맑음,단일로 - 기타,사륜오토바이(ATV),남,17세,상해없음,보행자,여,64세,중상
2023050400100311,2023년 5월 4일 14시,목요일,인천광역시 미추홀구 도화동,경상사고,0,0,1,0,차대사람 - 보도통행중,안전운전불이행,건조,맑음,단일로 - 기타,승용,여,53세,상해없음,보행자,여,58세,경상
2023050400100312,2023년 5월 4일 14시,목요일,인천광역시 서구 오류동,경상사고,0,0,2,0,차대차 - 측면충돌,안전운전불이행,건조,맑음,교차로 - 교차로안,화물,남,28세,경상,화물,남,60세,경상
2023050400100313,2023년 5월 4일 14시,목요일,인천광역시 남동구 논현동,경상사고,0,0,1,0,차대사람 - 보도통행중,기타,건조,맑음,기타 - 기타,특수,남,52세,상해없음,보행자,여,20세,경상
2023050400100348,2023년 5월 4일 15시,목요일,인천광역시 동구 창영동,중상사고,0,1,0,0,차대사람 - 기타,안전운전불이행,기타,맑음,기타 - 기타,승용,여,40세,상해없음,보행자,여,89세,중상
2023050400100349,2023년 5월 4일 15시,목요일,인천광역시 서구 연희동,경상사고,0,0,1,0,차대차 - 측면충돌,안전운전불이행,건조,맑음,교차로 - 교차로안,화물,남,54세,상해없음,승용,여,22세,경상
2023050400100350,2023년 5월 4일 15시,목요일,인천광역시 연수구 옥련동,중상사고,0,1,0,0,차대차 - 추돌,안전운전불이행,건조,맑음,단일로 - 기타,특수,남,59세,기타불명,승용,남,58세,중상
2023050400100396,2023년 5월 4일 16시,목요일,인천광역시 미추홀구 주안동,중상사고,0,1,0,0,차대차 - 측면충돌,신호위반,건조,맑음,교차로 - 교차로횡단보도내,승합,남,64세,상해없음,개인형이동수단(PM),남,14세,중상
2023050400100397,2023년 5월 4일 16시,목요일,인천광역시 계양구 작전동,중상사고,0,1,0,0,차량단독 - 기타,안전운전불이행,건조,맑음,단일로 - 기타,승합,남,56세,상해없음,,,,
2023050400100433,2023년 5월 4일 17시,목요일,인천광역시 미추홀구 도화동,경상사고,0,0,1,0,차대차 - 측면충돌,기타,건조,맑음,단일로 - 기타,승용,남,50세,상해없음,개인형이동수단(PM),남,26세,상해없음
2023050400100435,2023년 5월 4일 17시,목요일,인천광역시 계양구 방축동,경상사고,0,0,2,0,차대차 - 추돌,직진우회전진행방해,건조,맑음,기타 - 기타,화물,남,57세,상해없음,승용,여,45세,경상
2023050400100436,2023년 5월 4일 17시,목요일,인천광역시 남동구 만수동,부상신고사고,0,0,0,1,차대차 - 측면충돌,안전운전불이행,건조,맑음,교차로 - 교차로안,승용,남,53세,상해없음,승용,남,29세,부상신고
2023050400100491,2023년 5월 4일 18시,목요일,인천광역시 부평구 십정동,부상신고사고,0,0,0,1,차대사람 - 기타,안전운전불이행,건조,맑음,단일로 - 기타,승용,남,47세,상해없음,보행자,남,43세,부상신고
2023050400100492,2023년 5월 4일 18시,목요일,인천광역시 서구 왕길동,경상사고,0,0,1,0,차대차 - 측면충돌,안전운전불이행,건조,맑음,단일로 - 기타,승용,여,64세,상해없음,승용,여,47세,경상
2023050400100556,2023년 5월 4일 20시,목요일,인천광역시 미추홀구 용현동,경상사고,0,0,1,0,차대차 - 측면충돌,안전운전불이행,건조,맑음,단일로 - 기타,화물,남,56세,상해없음,승용,여,33세,경상
2023050400100557,2023년 5월 4일 20시,목요일,인천광역시 부평구 십정동,경상사고,0,0,1,0,차대사람 - 길가장자리구역통행중,안전운전불이행,건조,맑음,단일로 - 기타,승용,여,30세,기타불명,보행자,남,43세,경상
2023050400100558,2023년 5월 4일 20시,목요일,인천광역시 서구 원당동,경상사고,0,0,1,0,차대차 - 추돌,안전운전불이행,건조,맑음,교차로 - 교차로부근,승용,여,57세,상해없음,승용,여,34세,경상
2023050400100592,2023년 5월 4일 21시,목요일,인천광역시 미추홀구 도화동,중상사고,0,1,0,0,차대사람 - 차도통행중,교차로운행방법위반,건조,맑음,교차로 - 교차로안,특수,남,36세,상해없음,보행자,여,48세,중상
2023050400100632,2023년 5월 4일 23시,목요일,인천광역시 중구 운북동,경상사고,0,0,1,0,차대차 - 측면충돌,교차로운행방법위반,건조,맑음,교차로 - 교차로안,승합,남,63세,상해없음,승용,남,52세,경상
2023050400100633,2023년 5월 4일 23시,목요일,인천광역시 서구 청라동,경상사고,0,0,2,0,차대차 - 추돌,안전운전불이행,건조,맑음,교차로 - 교차로부근,승용,여,44세,상해없음,승용,남,24세,경상
2023050400100634,2023년 5월 4일 23시,목요일,인천광역시 남동구 서창동,경상사고,0,0,1,0,차대차 - 기타,차로위반,건조,맑음,단일로 - 교량,기타불명,기타불명,미분류,기타불명,승용,여,38세,경상
2023050500100047,2023년 5월 5일 03시,금요일,인천광역시 미추홀구 용현동,경상사고,0,0,1,0,차대차 - 추돌,안전운전불이행,젖음/습기,비,기타 - 기타,기타불명,기타불명,미분류,기타불명,승용,남,27세,경상
2023050500100058,2023년 5월 5일 05시,금요일,인천광역시 부평구 부평동,경상사고,0,0,1,1,차대사람 - 횡단중,안전운전불이행,건조,맑음,교차로 - 교차로안,승용,남,72세,경상,보행자,여,29세,부상신고
2023050500100059,2023년 5월 5일 05시,금요일,인천광역시 서구 청라동,경상사고,0,0,1,0,차대차 - 추돌,안전운전불이행,젖음/습기,비,단일로 - 터널,승용,남,22세,상해없음,건설기계,남,39세,상해없음
2023050500100070,2023년 5월 5일 06시,금요일,인천광역시 미추홀구 도화동,경상사고,0,0,1,0,차대차 - 추돌,안전운전불이행,젖음/습기,비,교차로 - 교차로부근,화물,남,35세,상해없음,승용,남,25세,경상
2023050500100118,2023년 5월 5일 10시,금요일,인천광역시 미추홀구 관교동,경상사고,0,0,1,0,차대차 - 측면충돌,안전거리미확보,젖음/습기,흐림,단일로 - 기타,승용,남,51세,상해없음,승용,남,29세,경상
2023050500100238,2023년 5월 5일 15시,금요일,인천광역시 연수구 연수동,경상사고,0,0,1,0,차대사람 - 차도통행중,안전운전불이행,젖음/습기,비,단일로 - 지하차도(도로)내,승용,여,40세,상해없음,보행자,여,31세,경상
2023050500100294,2023년 5월 5일 17시,금요일,인천광역시 남동구 논현동,경상사고,0,0,1,0,차대차 - 측면충돌,신호위반,건조,맑음,교차로 - 교차로안,개인형이동수단(PM),남,25세,상해없음,이륜,남,35세,경상
2023050500100349,2023년 5월 5일 19시,금요일,인천광역시 중구 운서동,경상사고,0,0,3,0,차대차 - 기타,차로위반,젖음/습기,흐림,단일로 - 기타,승용,남,66세,상해없음,승용,남,66세,경상
2023050500100383,2023년 5월 5일 20시,금요일,인천광역시 부평구 청천동,경상사고,0,0,1,0,차대차 - 측면충돌,안전운전불이행,건조,맑음,기타 - 기타,승용,여,33세,상해없음,이륜,남,42세,경상
2023050500100384,2023년 5월 5일 20시,금요일,인천광역시 부평구 부평동,부상신고사고,0,0,0,1,차대사람 - 길가장자리구역통행중,안전운전불이행,젖음/습기,비,교차로 - 교차로부근,승용,여,27세,상해없음,보행자,남,25세,부상신고
2023050600100018,2023년 5월 6일 01시,토요일,인천광역시 부평구 일신동,경상사고,0,0,1,0,차대차 - 측면충돌,신호위반,젖음/습기,비,교차로 - 교차로안,이륜,남,36세,상해없음,승용,여,38세,경상
2023050600100027,2023년 5월 6일 02시,토요일,인천광역시 연수구 연수동,경상사고,0,0,1,0,차대사람 - 기타,안전운전불이행,젖음/습기,비,단일로 - 기타,승용,남,20세,기타불명,보행자,남,41세,경상
2023050600100036,2023년 5월 6일 03시,토요일,인천광역시 계양구 효성동,경상사고,0,0,1,0,차대사람 - 횡단중,신호위반,젖음/습기,비,교차로 - 교차로횡단보도내,승용,여,59세,상해없음,보행자,여,68세,경상
2023050600100045,2023년 5월 6일 04시,토요일,인천광역시 남동구 구월동,경상사고,0,0,1,0,차대사람 - 기타,안전운전불이행,젖음/습기,맑음,단일로 - 기타,화물,남,55세,상해없음,보행자,남,24세,경상
2023050600100064,2023년 5월 6일 06시,토요일,인천광역시 계양구 효성동,경상사고,0,0,1,0,차대차 - 추돌,직진우회전진행방해,젖음/습기,비,교차로 - 교차로안,승용,남,64세,상해없음,승용,남,70세,경상
2023050600100116,2023년 5월 6일 10시,토요일,인천광역시 남동구 구월동,부상신고사고,0,0,0,1,차대사람 - 기타,안전운전불이행,건조,맑음,단일로 - 기타,기타불명,기타불명,미분류,기타불명,보행자,남,75세,부상신고
2023050600100117,2023년 5월 6일 10시,토요일,인천광역시 연수구 송도동,중상사고,0,1,0,0,차대차 - 측면충돌,신호위반,젖음/습기,비,교차로 - 교차로안,승용,남,31세,상해없음,이륜,남,22세,중상
2023050600100148,2023년 5월 6일 11시,토요일,인천광역시 연수구 선학동,경상사고,0,0,1,0,차대차 - 측면충돌,안전운전불이행,젖음/습기,비,교차로 - 교차로안,승용,남,43세,상해없음,승용,여,36세,경상
2023050600100181,2023년 5월 6일 12시,토요일,인천광역시 중구 중산동,경상사고,0,0,1,0,차대차 - 측면충돌,안전운전불이행,젖음/습기,비,교차로 - 교차로안,승용,여,62세,상해없음,승용,남,31세,경상
2023050600100212,2023년 5월 6일 13시,토요일,인천광역시 서구 가좌동,중상사고,0,2,0,0,차대차 - 정면충돌,중앙선침범,젖음/습기,비,단일로 - 기타,승용,남,65세,상해없음,승용,남,66세,중상
2023050600100213,2023년 5월 6일 13시,토요일,인천광역시 계양구 용종동,경상사고,0,0,1,0,차대차 - 기타,안전운전불이행,건조,맑음,단일로 - 기타,승용,여,56세,상해없음,승용,남,29세,경상
2023050600100284,2023년 5월 6일 15시,토요일,인천광역시 중구 북성동1가,경상사고,0,0,1,0,차대사람 - 횡단중,보행자보호의무위반,건조,맑음,단일로 - 기타,이륜,남,17세,상해없음,보행자,여,24세,경상
2023050600100308,2023년 5월 6일 16시,토요일,인천광역시 미추홀구 주안동,경상사고,0,0,2,0,차대차 - 측면충돌,안전운전불이행,건조,맑음,단일로 - 기타,화물,남,65세,상해없음,승용,남,30세,경상
2023050600100309,2023년 5월 6일 16시,토요일,인천광역시 남동구 논현동,경상사고,0,0,1,0,차대사람 - 횡단중,안전운전불이행,건조,맑음,교차로 - 교차로안,승용,여,36세,상해없음,보행자,여,17세,경상
2023050600100341,2023년 5월 6일 17시,토요일,인천광역시 부평구 산곡동,경상사고,0,0,1,0,차대차 - 정면충돌,신호위반,건조,맑음,교차로 - 교차로안,이륜,남,35세,기타불명,승용,남,31세,경상
2023050600100383,2023년 5월 6일 19시,토요일,인천광역시 중구 도원동,중상사고,0,1,0,0,차대사람 - 차도통행중,안전운전불이행,건조,맑음,교차로 - 교차로안,이륜,남,51세,상해없음,보행자,여,81세,중상
2023050600100384,2023년 5월 6일 19시,토요일,인천광역시 남동구 구월동,경상사고,0,0,1,0,차대사람 - 차도통행중,불법유턴,젖음/습기,비,단일로 - 기타,승합,남,44세,상해없음,보행자,남,42세,경상
2023050600100452,2023년 5월 6일 21시,토요일,인천광역시 미추홀구 주안동,경상사고,0,0,1,0,차대차 - 추돌,안전운전불이행,건조,맑음,단일로 - 기타,승용,여,30세,상해없음,승용,남,33세,경상
2023050600100474,2023년 5월 6일 22시,토요일,인천광역시 남동구 간석동,경상사고,0,0,1,0,차대차 - 측면충돌,안전운전불이행,건조,맑음,단일로 - 기타,이륜,남,41세,경상,승용,여,22세,상해없음
2023050700100011,2023년 5월 7일 00시,일요일,인천광역시 남동구 남촌동,경상사고,0,0,1,1,차대차 - 정면충돌,신호위반,건조,맑음,교차로 - 교차로안,승용,남,48세,상해없음,승용,남,69세,경상
2023050700100042,2023년 5월 7일 04시,일요일,인천광역시 서구 검암동,경상사고,0,0,1,0,차대차 - 정면충돌,중앙선침범,건조,맑음,단일로 - 기타,승용,남,24세,상해없음,승용,여,53세,경상
2023050700100056,2023년 5월 7일 06시,일요일,인천광역시 계양구 작전동,경상사고,0,0,1,0,차대사람 - 기타,안전운전불이행,건조,맑음,단일로 - 기타,승용,남,63세,상해없음,보행자,남,21세,경상
2023050700100085,2023년 5월 7일 09시,일요일,인천광역시 미추홀구 관교동,경상사고,0,0,1,0,차대차 - 측면충돌,교차로운행방법위반,건조,맑음,교차로 - 교차로안,승용,남,81세,상해없음,승용,여,33세,경상
2023050700100086,2023년 5월 7일 09시,일요일,인천광역시 계양구 계산동,경상사고,0,0,2,0,차대차 - 추돌,안전운전불이행,건조,맑음,교차로 - 교차로부근,승용,남,27세,상해없음,승용,여,31세,경상
2023050700100137,2023년 5월 7일 11시,일요일,인천광역시 연수구 송도동,경상사고,0,0,3,0,차대차 - 측면충돌,안전거리미확보,건조,맑음,교차로 - 교차로부근,승용,남,45세,상해없음,승용,남,39세,경상
2023050700100138,2023년 5월 7일 11시,일요일,인천광역시 남동구 만수동,경상사고,0,0,1,0,차대차 - 추돌,안전거리미확보,건조,맑음,교차로 - 교차로부근,승용,남,41세,상해없음,승용,남,56세,경상
2023050700100166,2023년 5월 7일 12시,일요일,인천광역시 중구 항동7가,경상사고,0,0,1,0,차대사람 - 보도통행중,기타,건조,맑음,교차로 - 교차로부근,화물,남,24세,상해없음,보행자,여,27세,경상
2023050700100167,2023년 5월 7일 12시,일요일,인천광역시 부평구 청천동,경상사고,0,0,2,0,차대차 - 추돌,안전운전불이행,건조,맑음,교차로 - 교차로부근,승용,여,41세,상해없음,승용,남,42세,경상
2023050700100168,2023년 5월 7일 12시,일요일,인천광역시 남동구 남촌동,경상사고,0,0,3,0,차대차 - 기타,안전거리미확보,건조,흐림,단일로 - 기타,승용,남,26세,상해없음,승용,남,68세,경상
2023050700100204,2023년 5월 7일 13시,일요일,인천광역시 서구 왕길동,경상사고,0,0,1,0,차대차 - 측면충돌,차로위반,건조,맑음,교차로 - 교차로안,승용,남,28세,기타불명,승용,남,20세,경상
2023050700100232,2023년 5월 7일 14시,일요일,인천광역시 미추홀구 도화동,경상사고,0,0,1,0,차대차 - 후진중충돌,안전운전불이행,건조,맑음,단일로 - 기타,승용,남,26세,기타불명,승용,남,62세,경상
2023050700100233,2023년 5월 7일 14시,일요일,인천광역시 서구 가좌동,경상사고,0,0,1,0,차대차 - 추돌,안전운전불이행,건조,맑음,교차로 - 교차로부근,승용,여,29세,상해없음,승용,남,26세,경상
2023050700100328,2023년 5월 7일 18시,일요일,인천광역시 계양구 작전동,경상사고,0,0,2,0,차대차 - 추돌,안전운전불이행,건조,흐림,교차로 - 교차로안,화물,남,79세,상해없음,승용,남,36세,경상
2023050700100329,2023년 5월 7일 18시,일요일,인천광역시 연수구 동춘동,중상사고,0,2,0,0,차대차 - 추돌,안전운전불이행,건조,맑음,교차로 - 교차로안,승용,남,51세,기타불명,이륜,남,64세,중상
2023050700100360,2023년 5월 7일 19시,일요일,인천광역시 부평구 산곡동,경상사고,0,0,1,0,차대차 - 측면충돌,안전운전불이행,기타,흐림,교차로 - 교차로부근,승용,남,63세,기타불명,승용,남,62세,경상
2023050700100403,2023년 5월 7일 21시,일요일,인천광역시 미추홀구 도화동,경상사고,0,0,1,0,차대차 - 측면충돌,안전운전불이행,건조,맑음,교차로 - 교차로부근,개인형이동수단(PM),여,42세,경상,승용,여,48세,기타불명
2023050700100404,2023년 5월 7일 21시,일요일,인천광역시 서구 석남동,경상사고,0,0,2,1,차대차 - 측면충돌,안전운전불이행,건조,맑음,교차로 - 교차로부근,승용,여,24세,상해없음,승용,여,36세,경상
2023050700100419,2023년 5월 7일 22시,일요일,인천광역시 서구 가정동,중상사고,0,1,0,0,차대차 - 기타,신호위반,건조,맑음,교차로 - 교차로안,승용,남,27세,상해없음,원동기,남,40세,중상
2023050800100022,2023년 5월 8일 04시,월요일,인천광역시 중구 운북동,경상사고,0,0,3,0,차대차 - 추돌,안전운전불이행,건조,맑음,교차로 - 교차로부근,승용,남,25세,상해없음,승용,남,63세,상해없음
2023050800100081,2023년 5월 8일 07시,월요일,인천광역시 동구 만석동,경상사고,0,0,2,0,차대차 - 추돌,안전운전불이행,건조,맑음,교차로 - 교차로안,승용,남,30세,상해없음,승용,남,56세,경상
2023050800100082,2023년 5월 8일 07시,월요일,인천광역시 계양구 작전동,경상사고,0,0,1,0,차대사람 - 횡단중,신호위반,건조,맑음,교차로 - 교차로횡단보도내,승용,남,50세,상해없음,보행자,여,16세,경상
2023050800100126,2023년 5월 8일 08시,월요일,인천광역시 남동구 서창동,경상사고,0,0,1,0,차대차 - 측면충돌,안전거리미확보,건조,맑음,단일로 - 기타,화물,남,58세,상해없음,화물,남,57세,경상
2023050800100169,2023년 5월 8일 09시,월요일,인천광역시 남동구 구월동,중상사고,0,1,0,0,차대사람 - 길가장자리구역통행중,안전운전불이행,건조,맑음,교차로 - 교차로부근,승용,여,64세,상해없음,보행자,여,56세,중상
2023050800100170,2023년 5월 8일 09시,월요일,인천광역시 서구 가정동,경상사고,0,0,1,0,차대차 - 측면충돌,안전거리미확보,건조,맑음,기타 - 기타,승용,여,42세,상해없음,승용,여,45세,경상
2023050800100204,2023년 5월 8일 10시,월요일,인천광역시 서구 왕길동,경상사고,0,0,1,0,차대차 - 추돌,안전운전불이행,건조,맑음,단일로 - 기타,화물,남,36세,상해없음,승용,여,34세,경상
2023050800100244,2023년 5월 8일 11시,월요일,인천광역시 남동구 간석동,경상사고,0,0,1,0,차대차 - 후진중충돌,안전운전불이행,건조,맑음,교차로 - 교차로부근,화물,남,51세,상해없음,원동기,남,45세,경상
2023050800100272,2023년 5월 8일 12시,월요일,인천광역시 남동구 구월동,경상사고,0,0,1,0,차대차 - 측면충돌,안전운전불이행,건조,맑음,교차로 - 교차로부근,승용,여,34세,상해없음,이륜,남,28세,경상
2023050800100273,2023년 5월 8일 12시,월요일,인천광역시 계양구 임학동,경상사고,0,0,1,0,차량단독 - 기타,안전운전불이행,건조,맑음,교차로 - 교차로안,승합,남,59세,상해없음,,,,
2023050800100316,2023년 5월 8일 13시,월요일,인천광역시 미추홀구 관교동,경상사고,0,0,1,0,차대차 - 추돌,안전운전불이행,건조,맑음,교차로 - 교차로부근,승용,남,66세,상해없음,승용,여,62세,경상
2023050800100317,2023년 5월 8일 13시,월요일,인천광역시 부평구 청천동,경상사고,0,0,1,0,차대차 - 기타,신호위반,건조,맑음,교차로 - 교차로안,승용,여,58세,상해없음,승용,여,27세,경상
2023050800100397,2023년 5월 8일 15시,월요일,인천광역시 미추홀구 도화동,중상사고,0,1,0,0,차대사람 - 기타,안전운전불이행,건조,맑음,단일로 - 기타,자전거,남,13세,상해없음,보행자,여,66세,중상
2023050800100497,2023년 5월 8일 17시,월요일,인천광역시 미추홀구 용현동,경상사고,0,0,1,0,차대차 - 측면충돌,교차로운행방법위반,건조,맑음,교차로 - 교차로안,승용,남,64세,상해없음,승용,남,63세,경상
2023050800100498,2023년 5월 8일 17시,월요일,인천광역시 남동구 간석동,경상사고,0,0,2,0,차대차 - 추돌,안전운전불이행,건조,맑음,교차로 - 교차로부근,승용,남,27세,상해없음,승용,남,46세,경상
2023050800100499,2023년 5월 8일 17시,월요일,인천광역시 서구 왕길동,경상사고,0,0,3,0,차대차 - 측면충돌,안전운전불이행,건조,맑음,교차로 - 교차로부근,화물,남,59세,기타불명,승용,남,31세,경상
2023050800100547,2023년 5월 8일 18시,월요일,인천광역시 연수구 연수동,경상사고,0,0,1,0,차대차 - 후진중충돌,안전운전불이행,건조,맑음,교차로 - 교차로부근,승합,남,32세,상해없음,이륜,남,24세,경상
2023050800100548,2023년 5월 8일 18시,월요일,인천광역시 남동구 만수동,경상사고,0,0,3,0,차대차 - 추돌,안전운전불이행,건조,맑음,단일로 - 기타,승용,남,54세,상해없음,승용,남,58세,경상
2023050800100577,2023년 5월 8일 19시,월요일,인천광역시 중구 중산동,경상사고,0,0,1,0,차대차 - 추돌,안전운전불이행,건조,맑음,단일로 - 지하차도(도로)내,승용,남,45세,상해없음,승용,여,25세,경상
2023050800100578,2023년 5월 8일 19시,월요일,인천광역시 미추홀구 용현동,경상사고,0,0,2,0,차대차 - 추돌,안전운전불이행,건조,맑음,단일로 - 기타,승용,남,79세,상해없음,승용,여,27세,경상
2023050800100605,2023년 5월 8일 20시,월요일,인천광역시 서구 당하동,중상사고,0,1,0,0,차대사람 - 횡단중,보행자보호의무위반,건조,맑음,교차로 - 교차로안,승용,여,65세,상해없음,보행자,여,24세,중상
2023050800100629,2023년 5월 8일 21시,월요일,인천광역시 중구 중산동,경상사고,0,0,1,0,차량단독 - 공작물충돌,안전운전불이행,건조,맑음,교차로 - 교차로부근,이륜,남,61세,경상,,,,
2023050800100631,2023년 5월 8일 21시,월요일,인천광역시 남동구 구월동,중상사고,0,2,0,0,차대사람 - 횡단중,보행자보호의무위반,건조,맑음,교차로 - 교차로횡단보도내,승용,여,58세,상해없음,보행자,여,53세,중상
2023050900100011,2023년 5월 9일 00시,화요일,인천광역시 부평구 부평동,경상사고,0,0,3,0,차대차 - 측면충돌,신호위반,건조,맑음,교차로 - 교차로부근,승용,남,66세,경상,승합,남,67세,경상
2023050900100031,2023년 5월 9일 03시,화요일,인천광역시 남동구 도림동,경상사고,0,0,1,0,차량단독 - 전도전복 - 전도,안전운전불이행,건조,맑음,교차로 - 교차로부근,이륜,남,28세,경상,,,,
2023050900100111,2023년 5월 9일 08시,화요일,인천광역시 남동구 간석동,경상사고,0,0,3,0,차대차 - 측면충돌,신호위반,건조,맑음,교차로 - 교차로부근,승용,남,28세,상해없음,승용,여,35세,경상
2023050900100112,2023년 5월 9일 08시,화요일,인천광역시 서구 연희동,경상사고,0,0,1,0,차대차 - 정면충돌,안전운전불이행,건조,맑음,교차로 - 교차로안,승용,여,32세,상해없음,승합,남,42세,경상
2023050900100148,2023년 5월 9일 09시,화요일,인천광역시 서구 왕길동,중상사고,0,1,0,0,차대차 - 정면충돌,안전운전불이행,건조,맑음,교차로 - 교차로안,승용,여,58세,상해없음,자전거,남,60세,중상
2023050900100183,2023년 5월 9일 10시,화요일,인천광역시 미추홀구 문학동,경상사고,0,0,3,0,차대차 - 추돌,기타,건조,맑음,단일로 - 기타,승용,남,58세,상해없음,승용,남,32세,경상