사고번호,사고일시,요일,시군구,사고내용,사망자수,중상자수,경상자수,부상신고자수,사고유형,법규위반,노면상태,기상상태,도로형태,가해운전자 차종,가해운전자 성별,가해운전자 연령,가해운전자 상해정도,피해운전자 차종,피해운전자 성별,피해운전자 연령,피해운전자 상해정도
2023050900100219,2023년 5월 9일 11시,화요일,인천광역시 미추홀구 문학동,경상사고,0,0,1,0,차대차 - 측면충돌,신호위반,건조,맑음,단일로 - 기타,승용,남,41세,상해없음,승용,여,27세,경상
2023050900100220,2023년 5월 9일 11시,화요일,인천광역시 남동구 간석동,부상신고사고,0,0,0,1,차대차 - 측면충돌,신호위반,건조,맑음,교차로 - 교차로안,이륜,남,69세,부상신고,화물,남,40세,상해없음
2023050900100253,2023년 5월 9일 12시,화요일,인천광역시 미추홀구 용현동,경상사고,0,0,1,0,차대차 - 추돌,안전운전불이행,건조,맑음,단일로 - 기타,승용,남,39세,상해없음,승용,남,63세,경상
2023050900100277,2023년 5월 9일 13시,화요일,인천광역시 서구 청라동,경상사고,0,0,1,0,차대차 - 정면충돌,신호위반,건조,맑음,교차로 - 교차로안,화물,남,47세,상해없음,승용,여,54세,경상
2023050900100278,2023년 5월 9일 13시,화요일,인천광역시 서구 청라동,중상사고,0,1,1,0,차대차 - 후진중충돌,안전운전불이행,건조,맑음,기타 - 기타,승용,여,40세,상해없음,승용,남,33세,중상
2023050900100279,2023년 5월 9일 13시,화요일,인천광역시 부평구 부평동,경상사고,0,0,2,0,차대차 - 후진중충돌,안전운전불이행,건조,맑음,주차장 - 주차장,승용,여,63세,상해없음,승용,남,31세,경상
2023050900100314,2023년 5월 9일 14시,화요일,인천광역시 부평구 부평동,경상사고,0,0,1,0,차대차 - 추돌,안전운전불이행,건조,맑음,교차로 - 교차로부근,승용,남,73세,상해없음,승용,남,26세,경상
2023050900100315,2023년 5월 9일 14시,화요일,인천광역시 부평구 부평동,경상사고,0,0,1,0,차대사람 - 보도통행중,안전운전불이행,건조,맑음,교차로 - 교차로안,승용,남,62세,상해없음,보행자,남,38세,경상
2023050900100343,2023년 5월 9일 15시,화요일,인천광역시 동구 송림동,경상사고,0,0,1,0,차대사람 - 횡단중,안전운전불이행,건조,맑음,교차로 - 교차로부근,이륜,남,40세,상해없음,보행자,남,8세,경상
2023050900100381,2023년 5월 9일 16시,화요일,인천광역시 서구 검암동,사망사고,1,0,0,0,차대사람 - 기타,안전운전불이행,건조,맑음,교차로 - 교차로안,승용,남,42세,상해없음,보행자,남,6세,사망
2023050900100441,2023년 5월 9일 17시,화요일,인천광역시 미추홀구 주안동,경상사고,0,0,1,0,차대차 - 추돌,안전운전불이행,건조,맑음,단일로 - 기타,승용,남,38세,상해없음,승용,남,25세,경상
2023050900100480,2023년 5월 9일 18시,화요일,인천광역시 미추홀구 도화동,경상사고,0,0,2,0,차대차 - 측면충돌,안전운전불이행,건조,맑음,교차로 - 교차로안,승용,남,30세,상해없음,승용,남,23세,경상
2023050900100481,2023년 5월 9일 18시,화요일,인천광역시 연수구 선학동,경상사고,0,0,1,0,차대차 - 정면충돌,안전운전불이행,건조,맑음,교차로 - 교차로부근,자전거,여,51세,상해없음,자전거,여,54세,경상
2023050900100544,2023년 5월 9일 20시,화요일,인천광역시 강화군 화도면,사망사고,1,0,0,0,차량단독 - 전도전복 - 전복,안전운전불이행,건조,맑음,단일로 - 기타,승용,남,62세,사망,,,,
2023050900100564,2023년 5월 9일 21시,화요일,인천광역시 서구 청라동,경상사고,0,0,1,0,차대차 - 측면충돌,신호위반,건조,맑음,교차로 - 교차로안,승합,남,44세,상해없음,원동기,남,21세,경상
2023050900100594,2023년 5월 9일 23시,화요일,인천광역시 부평구 부평동,경상사고,0,0,1,0,차대차 - 측면충돌,중앙선침범,건조,맑음,단일로 - 고가도로위,승용,남,32세,상해없음,승용,여,55세,경상
2023050900100595,2023년 5월 9일 23시,화요일,인천광역시 남동구 간석동,중상사고,0,1,0,0,차대차 - 추돌,안전운전불이행,건조,맑음,단일로 - 기타,승용,남,33세,상해없음,승합,남,55세,중상
2023051000100007,2023년 5월 10일 00시,수요일,인천광역시 서구 청라동,경상사고,0,0,1,0,차대차 - 추돌,안전운전불이행,건조,맑음,교차로 - 교차로부근,승용,남,57세,상해없음,승용,남,30세,경상
2023051000100030,2023년 5월 10일 04시,수요일,인천광역시 중구 중산동,경상사고,0,0,1,0,차대차 - 측면충돌,안전거리미확보,건조,맑음,단일로 - 기타,건설기계,남,63세,상해없음,승용,남,39세,경상
2023051000100063,2023년 5월 10일 07시,수요일,인천광역시 서구 경서동,중상사고,0,1,1,0,차대차 - 측면충돌,신호위반,건조,맑음,교차로 - 교차로부근,화물,남,51세,상해없음,승용,여,29세,상해없음
2023051000100120,2023년 5월 10일 08시,수요일,인천광역시 중구 운서동,경상사고,0,0,1,0,차대차 - 기타,안전운전불이행,건조,맑음,교차로 - 교차로부근,승용,여,44세,상해없음,승용,여,34세,경상
2023051000100121,2023년 5월 10일 08시,수요일,인천광역시 연수구 송도동,경상사고,0,0,1,0,차대차 - 추돌,안전운전불이행,건조,맑음,교차로 - 교차로안,승용,여,42세,상해없음,승용,여,33세,경상
2023051000100165,2023년 5월 10일 09시,수요일,인천광역시 미추홀구 용현동,중상사고,0,1,0,0,차대사람 - 보도통행중,기타,건조,맑음,교차로 - 교차로부근,승용,여,58세,상해없음,보행자,여,47세,중상
2023051000100237,2023년 5월 10일 11시,수요일,인천광역시 서구 경서동,경상사고,0,0,1,0,차대차 - 측면충돌,안전거리미확보,건조,맑음,단일로 - 기타,건설기계,남,56세,상해없음,승용,남,33세,경상
2023051000100378,2023년 5월 10일 15시,수요일,인천광역시 서구 석남동,경상사고,0,0,1,0,차대차 - 기타,안전운전불이행,건조,맑음,단일로 - 기타,승합,남,60세,상해없음,승용,남,32세,경상
2023051000100379,2023년 5월 10일 15시,수요일,인천광역시 연수구 옥련동,중상사고,0,1,2,0,차대차 - 추돌,신호위반,건조,맑음,교차로 - 교차로안,화물,남,57세,상해없음,이륜,남,27세,경상
2023051000100481,2023년 5월 10일 17시,수요일,인천광역시 남동구 간석동,중상사고,0,1,0,0,차량단독 - 기타,안전운전불이행,건조,맑음,단일로 - 기타,승합,남,55세,상해없음,,,,
2023051000100520,2023년 5월 10일 18시,수요일,인천광역시 부평구 십정동,경상사고,0,0,1,0,차대차 - 측면충돌,신호위반,건조,맑음,단일로 - 터널,승용,남,25세,상해없음,승용,남,27세,경상
2023051000100551,2023년 5월 10일 19시,수요일,인천광역시 동구 송현동,경상사고,0,0,1,0,차대사람 - 차도통행중,안전운전불이행,건조,맑음,단일로 - 기타,승용,남,61세,상해없음,보행자,여,73세,경상
2023051000100552,2023년 5월 10일 19시,수요일,인천광역시 부평구 부평동,경상사고,0,0,1,0,차대사람 - 횡단중,안전운전불이행,건조,맑음,교차로 - 교차로횡단보도내,이륜,남,14세,기타불명,보행자,남,32세,경상
2023051000100582,2023년 5월 10일 20시,수요일,인천광역시 연수구 송도동,경상사고,0,0,1,0,차대차 - 추돌,안전운전불이행,건조,맑음,단일로 - 기타,승용,남,62세,상해없음,승용,여,26세,상해없음
2023051000100637,2023년 5월 10일 22시,수요일,인천광역시 남동구 논현동,경상사고,0,0,1,0,차대사람 - 횡단중,안전운전불이행,건조,맑음,단일로 - 지하차도(도로)내,승용,남,71세,상해없음,보행자,남,38세,경상
2023051000100651,2023년 5월 10일 23시,수요일,인천광역시 중구 북성동1가,경상사고,0,0,2,0,차대차 - 측면충돌,중앙선침범,건조,맑음,교차로 - 교차로안,승용,남,21세,상해없음,승용,남,37세,경상
2023051100100018,2023년 5월 11일 01시,목요일,인천광역시 서구 가좌동,경상사고,0,0,1,0,차대사람 - 기타,안전운전불이행,건조,맑음,기타 - 기타,승용,남,55세,상해없음,보행자,남,65세,경상
2023051100100025,2023년 5월 11일 03시,목요일,인천광역시 서구 석남동,경상사고,0,0,2,0,차대차 - 추돌,안전운전불이행,건조,맑음,교차로 - 교차로부근,승용,남,47세,상해없음,승용,남,55세,경상
2023051100100030,2023년 5월 11일 04시,목요일,인천광역시 미추홀구 주안동,경상사고,0,0,1,0,차대차 - 추돌,안전운전불이행,건조,맑음,단일로 - 기타,승용,남,40세,상해없음,화물,남,44세,경상
2023051100100031,2023년 5월 11일 04시,목요일,인천광역시 서구 연희동,경상사고,0,0,2,0,차대차 - 기타,신호위반,건조,맑음,교차로 - 교차로안,승용,남,68세,경상,화물,남,60세,경상
2023051100100078,2023년 5월 11일 07시,목요일,인천광역시 연수구 동춘동,경상사고,0,0,1,1,차대사람 - 횡단중,신호위반,건조,맑음,교차로 - 교차로횡단보도내,자전거,남,48세,부상신고,보행자,여,42세,경상
2023051100100133,2023년 5월 11일 08시,목요일,인천광역시 미추홀구 도화동,경상사고,0,0,1,0,차대차 - 측면충돌,중앙선침범,건조,맑음,단일로 - 기타,승용,여,31세,상해없음,화물,남,47세,상해없음
2023051100100134,2023년 5월 11일 08시,목요일,인천광역시 연수구 동춘동,중상사고,0,1,0,0,차대차 - 측면충돌,안전운전불이행,건조,맑음,교차로 - 교차로부근,승용,남,60세,상해없음,승용,여,41세,중상
2023051100100171,2023년 5월 11일 09시,목요일,인천광역시 중구 신흥동3가,경상사고,0,0,1,0,차대사람 - 길가장자리구역통행중,안전운전불이행,건조,맑음,단일로 - 교량,승용,남,62세,상해없음,보행자,여,75세,경상
2023051100100172,2023년 5월 11일 09시,목요일,인천광역시 미추홀구 주안동,경상사고,0,0,1,0,차대사람 - 차도통행중,안전운전불이행,건조,맑음,교차로 - 교차로안,개인형이동수단(PM),여,50세,상해없음,보행자,여,64세,경상
2023051100100173,2023년 5월 11일 09시,목요일,인천광역시 남동구 간석동,경상사고,0,0,1,0,차대사람 - 길가장자리구역통행중,안전운전불이행,건조,맑음,단일로 - 기타,승용,여,50세,상해없음,보행자,남,81세,경상
2023051100100236,2023년 5월 11일 11시,목요일,인천광역시 미추홀구 숭의동,중상사고,0,1,0,0,차량단독 - 전도전복 - 전도,안전운전불이행,건조,맑음,교차로 - 교차로안,원동기,남,36세,중상,,,,
2023051100100237,2023년 5월 11일 11시,목요일,인천광역시 계양구 귤현동,중상사고,0,1,0,0,차대차 - 측면충돌,안전거리미확보,건조,맑음,단일로 - 교량,승용,여,51세,상해없음,승용,여,65세,중상
2023051100100268,2023년 5월 11일 12시,목요일,인천광역시 중구 항동7가,경상사고,0,0,1,0,차대차 - 측면충돌,안전거리미확보,건조,맑음,교차로 - 교차로안,승용,남,73세,상해없음,승합,남,24세,상해없음
2023051100100293,2023년 5월 11일 13시,목요일,인천광역시 남동구 간석동,경상사고,0,0,1,0,차량단독 - 기타,신호위반,건조,맑음,교차로 - 교차로부근,승용,남,54세,상해없음,,,,
2023051100100330,2023년 5월 11일 14시,목요일,인천광역시 부평구 청천동,중상사고,0,1,0,0,차대차 - 측면충돌,안전운전불이행,건조,맑음,교차로 - 교차로부근,화물,남,63세,상해없음,자전거,남,65세,중상
2023051100100353,2023년 5월 11일 15시,목요일,인천광역시 중구 전동,경상사고,0,0,1,0,차대사람 - 기타,안전운전불이행,건조,맑음,단일로 - 지하차도(도로)내,화물,남,59세,상해없음,보행자,남,77세,경상
2023051100100398,2023년 5월 11일 16시,목요일,인천광역시 중구 인현동,중상사고,0,1,0,0,차대사람 - 기타,안전운전불이행,건조,맑음,단일로 - 지하차도(도로)내,승합,남,43세,상해없음,보행자,남,83세,중상
2023051100100446,2023년 5월 11일 17시,목요일,인천광역시 연수구 송도동,경상사고,0,0,1,0,차대사람 - 보도통행중,신호위반,건조,맑음,교차로 - 교차로안,이륜,남,35세,상해없음,보행자,여,24세,경상
2023051100100447,2023년 5월 11일 17시,목요일,인천광역시 부평구 청천동,경상사고,0,0,1,0,차대차 - 측면충돌,차로위반,건조,맑음,단일로 - 교량,화물,남,72세,상해없음,승용,여,38세,경상
2023051100100495,2023년 5월 11일 18시,목요일,인천광역시 미추홀구 용현동,경상사고,0,0,1,0,차대차 - 기타,안전운전불이행,건조,맑음,기타 - 기타,승용,남,47세,기타불명,자전거,남,11세,경상
2023051100100496,2023년 5월 11일 18시,목요일,인천광역시 부평구 부개동,경상사고,0,0,1,0,차대사람 - 보도통행중,안전운전불이행,건조,흐림,단일로 - 기타,자전거,기타불명,미분류,기타불명,보행자,남,10세,경상
2023051100100497,2023년 5월 11일 18시,목요일,인천광역시 계양구 병방동,경상사고,0,0,2,0,차대차 - 추돌,안전운전불이행,건조,맑음,단일로 - 교량,승용,여,61세,상해없음,승용,남,49세,경상
2023051100100536,2023년 5월 11일 19시,목요일,인천광역시 서구 마전동,경상사고,0,0,4,0,차대차 - 측면충돌,안전운전불이행,건조,맑음,교차로 - 교차로안,승용,남,33세,상해없음,승용,남,30세,경상
2023051100100570,2023년 5월 11일 20시,목요일,인천광역시 동구 송현동,경상사고,0,0,1,0,차대차 - 측면충돌,차로위반,건조,맑음,단일로 - 지하차도(도로)내,화물,남,69세,상해없음,이륜,남,41세,경상
2023051200100006,2023년 5월 12일 00시,금요일,인천광역시 부평구 구산동,경상사고,0,0,1,0,차대사람 - 길가장자리구역통행중,안전운전불이행,건조,맑음,단일로 - 기타,원동기,남,28세,상해없음,보행자,남,36세,경상
2023051200100018,2023년 5월 12일 01시,금요일,인천광역시 남동구 장수동,경상사고,0,0,2,0,차대차 - 측면충돌,신호위반,건조,맑음,교차로 - 교차로안,화물,남,46세,상해없음,승용,남,55세,경상
2023051200100028,2023년 5월 12일 04시,금요일,인천광역시 서구 원창동,경상사고,0,0,1,0,차대차 - 측면충돌,안전운전불이행,건조,맑음,교차로 - 교차로안,화물,남,49세,상해없음,화물,남,71세,경상
2023051200100072,2023년 5월 12일 07시,금요일,인천광역시 미추홀구 주안동,경상사고,0,0,1,0,차대차 - 기타,안전거리미확보,건조,맑음,교차로 - 교차로부근,승용,남,24세,상해없음,승용,남,46세,경상
2023051200100073,2023년 5월 12일 07시,금요일,인천광역시 부평구 부평동,경상사고,0,0,1,0,차대사람 - 길가장자리구역통행중,안전운전불이행,건조,맑음,단일로 - 기타,승용,남,26세,상해없음,보행자,남,51세,경상
2023051200100118,2023년 5월 12일 08시,금요일,인천광역시 미추홀구 주안동,경상사고,0,0,1,0,차대차 - 기타,안전운전불이행,건조,맑음,단일로 - 기타,승용,남,57세,상해없음,화물,남,67세,경상
2023051200100119,2023년 5월 12일 08시,금요일,인천광역시 서구 왕길동,중상사고,0,1,1,0,차대차 - 추돌,안전운전불이행,건조,맑음,단일로 - 기타,승용,남,24세,상해없음,승용,여,40세,중상
2023051200100120,2023년 5월 12일 08시,금요일,인천광역시 서구 마전동,경상사고,0,0,1,0,차대차 - 정면충돌,안전운전불이행,건조,맑음,주차장 - 주차장,승용,여,50세,상해없음,승용,여,53세,경상
2023051200100150,2023년 5월 12일 09시,금요일,인천광역시 계양구 효성동,경상사고,0,0,1,0,차대사람 - 횡단중,신호위반,건조,맑음,교차로 - 교차로횡단보도내,승용,남,63세,상해없음,보행자,남,70세,경상
2023051200100151,2023년 5월 12일 09시,금요일,인천광역시 강화군 내가면,경상사고,0,0,1,0,차대차 - 측면충돌,안전운전불이행,건조,맑음,단일로 - 지하차도(도로)내,승용,여,46세,상해없음,승용,남,62세,경상
2023051200100182,2023년 5월 12일 10시,금요일,인천광역시 서구 왕길동,중상사고,0,1,0,0,차대사람 - 기타,안전운전불이행,건조,맑음,기타 - 기타,화물,남,68세,상해없음,보행자,남,47세,중상
2023051200100215,2023년 5월 12일 11시,금요일,인천광역시 남동구 구월동,경상사고,0,0,1,0,차대차 - 추돌,교차로운행방법위반,건조,맑음,교차로 - 교차로부근,승용,남,75세,상해없음,승용,여,34세,경상
2023051200100254,2023년 5월 12일 12시,금요일,인천광역시 동구 화평동,경상사고,0,0,1,0,차대차 - 측면충돌,안전운전불이행,건조,맑음,교차로 - 교차로안,화물,남,54세,상해없음,승용,남,43세,경상
2023051200100255,2023년 5월 12일 12시,금요일,인천광역시 서구 가좌동,중상사고,0,1,0,0,차대사람 - 보도통행중,안전운전불이행,건조,맑음,기타 - 기타,화물,남,50세,상해없음,보행자,여,50세,중상
2023051200100256,2023년 5월 12일 12시,금요일,인천광역시 서구 백석동,경상사고,0,0,4,0,차대차 - 추돌,안전운전불이행,건조,맑음,단일로 - 기타,건설기계,남,46세,상해없음,화물,남,56세,상해없음
2023051200100257,2023년 5월 12일 12시,금요일,인천광역시 연수구 송도동,경상사고,0,0,1,0,차대차 - 추돌,신호위반,건조,맑음,교차로 - 교차로안,승용,남,37세,상해없음,승용,남,48세,경상
2023051200100258,2023년 5월 12일 12시,금요일,인천광역시 남동구 고잔동,중상사고,0,1,0,0,차대사람 - 보도통행중,보행자보호의무위반,건조,맑음,교차로 - 교차로횡단보도내,화물,남,62세,상해없음,보행자,남,34세,중상
2023051200100294,2023년 5월 12일 13시,금요일,인천광역시 중구 항동7가,중상사고,0,1,0,0,차대사람 - 기타,안전운전불이행,기타,맑음,단일로 - 기타,화물,남,53세,상해없음,보행자,여,67세,중상
2023051200100335,2023년 5월 12일 14시,금요일,인천광역시 미추홀구 도화동,경상사고,0,0,3,0,차대차 - 측면충돌,중앙선침범,건조,맑음,교차로 - 교차로부근,승용,여,64세,상해없음,승용,남,28세,경상
2023051200100370,2023년 5월 12일 15시,금요일,인천광역시 중구 신흥동3가,경상사고,0,0,2,0,차대차 - 측면충돌,안전운전불이행,건조,맑음,교차로 - 교차로부근,승용,남,52세,기타불명,승용,여,51세,경상
2023051200100371,2023년 5월 12일 15시,금요일,인천광역시 계양구 효성동,중상사고,0,1,2,0,차대차 - 기타,차로위반,건조,맑음,단일로 - 고가도로위,승용,남,68세,상해없음,승용,남,34세,경상
2023051200100405,2023년 5월 12일 16시,금요일,인천광역시 남동구 간석동,경상사고,0,0,1,0,차대차 - 측면충돌,신호위반,건조,맑음,교차로 - 교차로부근,승용,남,58세,상해없음,승용,남,46세,경상
2023051200100458,2023년 5월 12일 17시,금요일,인천광역시 옹진군 영흥면,경상사고,0,0,1,0,차대사람 - 기타,안전운전불이행,건조,맑음,단일로 - 교량,화물,남,53세,상해없음,보행자,남,59세,경상
2023051200100459,2023년 5월 12일 17시,금요일,인천광역시 남동구 구월동,경상사고,0,0,1,0,차대차 - 측면충돌,신호위반,건조,맑음,교차로 - 교차로부근,화물,남,27세,상해없음,승용,여,62세,경상
2023051200100460,2023년 5월 12일 17시,금요일,인천광역시 남동구 간석동,중상사고,0,1,0,0,차대사람 - 횡단중,보행자보호의무위반,건조,맑음,교차로 - 교차로부근,승합,남,54세,상해없음,보행자,여,51세,중상
2023051200100461,2023년 5월 12일 17시,금요일,인천광역시 강화군 양도면,경상사고,0,0,2,0,차대차 - 측면충돌,중앙선침범,건조,맑음,단일로 - 기타,승용,남,55세,상해없음,승용,여,43세,경상
2023051200100462,2023년 5월 12일 17시,금요일,인천광역시 연수구 송도동,중상사고,0,1,0,0,차대차 - 측면충돌,교차로운행방법위반,건조,맑음,교차로 - 교차로안,승용,여,37세,상해없음,승용,여,47세,중상
2023051200100463,2023년 5월 12일 17시,금요일,인천광역시 연수구 연수동,경상사고,0,0,1,0,차량단독 - 기타,안전운전불이행,건조,맑음,교차로 - 교차로안,승용,남,70세,상해없음,,,,
2023051200100464,2023년 5월 12일 17시,금요일,인천광역시 연수구 선학동,경상사고,0,0,1,0,차대차 - 추돌,안전운전불이행,건조,맑음,단일로 - 기타,승용,남,32세,상해없음,승용,남,34세,경상
2023051200100509,2023년 5월 12일 18시,금요일,인천광역시 미추홀구 문학동,경상사고,0,0,1,0,차대차 - 후진중충돌,신호위반,건조,맑음,교차로 - 교차로안,승용,남,65세,상해없음,자전거,남,83세,경상
2023051200100510,2023년 5월 12일 18시,금요일,인천광역시 미추홀구 관교동,경상사고,0,0,2,0,차대차 - 추돌,안전운전불이행,건조,맑음,단일로 - 기타,승용,여,49세,기타불명,승용,여,46세,경상
2023051200100511,2023년 5월 12일 18시,금요일,인천광역시 연수구 청학동,경상사고,0,0,3,0,차대차 - 측면충돌,안전거리미확보,건조,맑음,단일로 - 기타,승용,남,48세,상해없음,승합,남,70세,상해없음
2023051200100512,2023년 5월 12일 18시,금요일,인천광역시 남동구 고잔동,경상사고,0,0,2,0,차대차 - 추돌,안전운전불이행,건조,맑음,교차로 - 교차로부근,승용,남,20세,상해없음,승용,남,40세,경상
2023051200100547,2023년 5월 12일 19시,금요일,인천광역시 부평구 산곡동,경상사고,0,0,2,0,차대차 - 측면충돌,안전운전불이행,건조,맑음,단일로 - 기타,승용,남,50세,상해없음,승용,남,62세,경상
2023051200100599,2023년 5월 12일 21시,금요일,인천광역시 서구 연희동,경상사고,0,0,1,0,차대사람 - 기타,안전운전불이행,건조,맑음,단일로 - 기타,승용,여,33세,상해없음,보행자,여,22세,경상
2023051200100600,2023년 5월 12일 21시,금요일,인천광역시 남동구 고잔동,경상사고,0,0,1,0,차대차 - 정면충돌,안전운전불이행,건조,맑음,교차로 - 교차로부근,승용,남,53세,상해없음,승용,남,46세,경상
2023051200100627,2023년 5월 12일 22시,금요일,인천광역시 미추홀구 용현동,경상사고,0,0,3,0,차대차 - 측면충돌,교차로운행방법위반,건조,맑음,교차로 - 교차로안,승용,여,36세,경상,승합,남,36세,경상
2023051200100628,2023년 5월 12일 22시,금요일,인천광역시 서구 가좌동,경상사고,0,0,3,0,차대차 - 기타,안전운전불이행,건조,맑음,교차로 - 교차로안,승용,여,36세,경상,승용,남,63세,경상
2023051200100656,2023년 5월 12일 23시,금요일,인천광역시 남동구 구월동,경상사고,0,0,2,0,차대차 - 측면충돌,신호위반,건조,맑음,교차로 - 교차로부근,승용,남,42세,상해없음,승용,남,26세,경상
2023051200100657,2023년 5월 12일 23시,금요일,인천광역시 계양구 계산동,경상사고,0,0,1,0,차대사람 - 기타,안전운전불이행,건조,맑음,단일로 - 기타,승용,남,30세,상해없음,보행자,남,52세,경상
2023051200100658,2023년 5월 12일 23시,금요일,인천광역시 남동구 장수동,경상사고,0,0,1,0,차대차 - 측면충돌,기타,건조,맑음,교차로 - 교차로안,승용,남,27세,상해없음,승용,남,41세,경상
2023051300100048,2023년 5월 13일 04시,토요일,인천광역시 미추홀구 용현동,부상신고사고,0,0,0,1,차대차 - 측면충돌,안전운전불이행,건조,맑음,기타 - 기타,기타불명,기타불명,미분류,기타불명,화물,남,40세,부상신고
2023051300100103,2023년 5월 13일 08시,토요일,인천광역시 계양구 작전동,중상사고,0,1,0,0,차대차 - 측면충돌,안전운전불이행,건조,맑음,교차로 - 교차로부근,이륜,남,23세,중상,승용,남,60세,상해없음
2023051300100104,2023년 5월 13일 08시,토요일,인천광역시 연수구 옥련동,경상사고,0,0,1,0,차대차 - 측면충돌,안전운전불이행,건조,맑음,교차로 - 교차로부근,승용,남,39세,상해없음,승용,여,64세,경상
2023051300100162,2023년 5월 13일 10시,토요일,인천광역시 중구 항동7가,경상사고,0,0,1,0,차대차 - 기타,안전운전불이행,건조,맑음,단일로 - 기타,화물,남,58세,상해없음,승용,남,24세,경상
2023051300100238,2023년 5월 13일 12시,토요일,인천광역시 중구 운서동,경상사고,0,0,1,0,차대차 - 추돌,안전운전불이행,건조,맑음,단일로 - 기타,승용,남,57세,상해없음,승용,남,64세,경상
2023051300100239,2023년 5월 13일 12시,토요일,인천광역시 중구 항동7가,경상사고,0,0,1,0,차대차 - 측면충돌,안전운전불이행,건조,맑음,단일로 - 기타,승용,남,61세,상해없음,화물,남,43세,경상
2023051300100240,2023년 5월 13일 12시,토요일,인천광역시 강화군 길상면,경상사고,0,0,2,0,차대차 - 후진중충돌,안전운전불이행,건조,맑음,주차장 - 주차장,승용,여,32세,상해없음,승용,남,71세,경상
2023051300100241,2023년 5월 13일 12시,토요일,인천광역시 부평구 갈산동,경상사고,0,0,1,0,차대차 - 기타,신호위반,건조,맑음,기타 - 기타,승용,남,67세,상해없음,승용,남,33세,경상
2023051300100242,2023년 5월 13일 12시,토요일,인천광역시 남동구 만수동,경상사고,0,0,1,0,차대차 - 추돌,안전운전불이행,건조,맑음,교차로 - 교차로안,화물,남,62세,상해없음,승용,남,33세,경상
2023051300100283,2023년 5월 13일 13시,토요일,인천광역시 남동구 간석동,경상사고,0,0,2,0,차대차 - 측면충돌,안전운전불이행,건조,맑음,기타 - 기타,승용,여,34세,상해없음,승용,남,44세,경상
2023051300100284,2023년 5월 13일 13시,토요일,인천광역시 계양구 귤현동,경상사고,0,0,1,0,차대차 - 측면충돌,안전운전불이행,건조,맑음,단일로 - 기타,승용,남,50세,기타불명,승용,남,33세,경상
2023051300100371,2023년 5월 13일 15시,토요일,인천광역시 서구 신현동,경상사고,0,0,4,0,차대차 - 기타,안전거리미확보,건조,맑음,교차로 - 교차로안,승용,남,70세,상해없음,승용,남,37세,경상
2023051300100401,2023년 5월 13일 16시,토요일,인천광역시 미추홀구 학익동,중상사고,0,1,0,0,차대사람 - 횡단중,안전운전불이행,건조,맑음,교차로 - 교차로안,승용,여,58세,상해없음,보행자,여,70세,중상
2023051300100402,2023년 5월 13일 16시,토요일,인천광역시 부평구 산곡동,중상사고,0,1,0,0,차대사람 - 횡단중,보행자보호의무위반,건조,맑음,교차로 - 교차로횡단보도내,화물,남,67세,상해없음,보행자,여,90세,중상
2023051300100435,2023년 5월 13일 17시,토요일,인천광역시 동구 송현동,경상사고,0,0,1,0,차대차 - 측면충돌,안전운전불이행,건조,맑음,교차로 - 교차로횡단보도내,승용,남,24세,상해없음,승용,남,57세,경상
2023051300100436,2023년 5월 13일 17시,토요일,인천광역시 서구 가좌동,경상사고,0,0,1,0,차대사람 - 횡단중,보행자보호의무위반,건조,맑음,단일로 - 기타,승용,남,40세,상해없음,보행자,남,44세,경상
2023051300100437,2023년 5월 13일 17시,토요일,인천광역시 연수구 옥련동,경상사고,0,0,2,0,차대차 - 추돌,안전운전불이행,건조,맑음,교차로 - 교차로안,화물,남,67세,상해없음,승용,남,46세,경상
2023051300100469,2023년 5월 13일 18시,토요일,인천광역시 연수구 연수동,경상사고,0,0,1,0,차대차 - 추돌,안전운전불이행,건조,맑음,단일로 - 기타,승용,남,64세,상해없음,승용,남,52세,경상
2023051300100497,2023년 5월 13일 19시,토요일,인천광역시 중구 운서동,경상사고,0,0,1,0,차대차 - 기타,기타,건조,맑음,단일로 - 기타,승용,남,33세,경상,승용,남,44세,상해없음
2023051300100524,2023년 5월 13일 20시,토요일,인천광역시 연수구 송도동,중상사고,0,1,0,0,차대사람 - 횡단중,안전운전불이행,건조,맑음,교차로 - 교차로안,승용,여,50세,상해없음,보행자,여,57세,중상
2023051300100547,2023년 5월 13일 21시,토요일,인천광역시 남동구 만수동,경상사고,0,0,1,0,차대사람 - 기타,안전운전불이행,건조,맑음,단일로 - 기타,승용,여,41세,상해없음,보행자,남,39세,경상
2023051400100018,2023년 5월 14일 01시,일요일,인천광역시 미추홀구 관교동,중상사고,0,1,0,0,차대사람 - 횡단중,안전운전불이행,건조,맑음,단일로 - 기타,승용,남,60세,상해없음,보행자,남,35세,중상
2023051400100030,2023년 5월 14일 03시,일요일,인천광역시 남동구 만수동,중상사고,0,1,0,0,차대사람 - 기타,안전운전불이행,건조,맑음,주차장 - 주차장,승용,남,24세,상해없음,보행자,남,43세,중상
2023051400100116,2023년 5월 14일 11시,일요일,인천광역시 미추홀구 용현동,부상신고사고,0,0,0,1,차대차 - 측면충돌,안전운전불이행,건조,맑음,교차로 - 교차로안,승용,남,71세,상해없음,이륜,남,49세,부상신고