사고번호,사고일시,요일,시군구,사고내용,사망자수,중상자수,경상자수,부상신고자수,사고유형,법규위반,노면상태,기상상태,도로형태,가해운전자 차종,가해운전자 성별,가해운전자 연령,가해운전자 상해정도,피해운전자 차종,피해운전자 성별,피해운전자 연령,피해운전자 상해정도
2023051400100117,2023년 5월 14일 11시,일요일,인천광역시 서구 청라동,경상사고,0,0,2,0,차대차 - 추돌,중앙선침범,건조,맑음,교차로 - 교차로부근,승용,여,22세,상해없음,승용,남,23세,경상
2023051400100186,2023년 5월 14일 13시,일요일,인천광역시 미추홀구 학익동,경상사고,0,0,4,0,차대차 - 측면충돌,안전거리미확보,건조,맑음,단일로 - 기타,승용,여,64세,경상,승용,남,52세,경상
2023051400100187,2023년 5월 14일 13시,일요일,인천광역시 남동구 만수동,경상사고,0,0,1,0,차대차 - 후진중충돌,안전운전불이행,건조,맑음,단일로 - 기타,승용,남,21세,상해없음,이륜,남,44세,경상
2023051400100188,2023년 5월 14일 13시,일요일,인천광역시 남동구 남촌동,경상사고,0,0,2,1,차대차 - 측면충돌,안전거리미확보,건조,맑음,단일로 - 교량,승용,남,58세,상해없음,승용,남,25세,경상
2023051400100226,2023년 5월 14일 14시,일요일,인천광역시 부평구 산곡동,경상사고,0,0,2,0,차대차 - 추돌,안전운전불이행,건조,맑음,교차로 - 교차로부근,승용,여,50세,상해없음,승용,여,36세,경상
2023051400100336,2023년 5월 14일 17시,일요일,인천광역시 부평구 청천동,경상사고,0,0,2,0,차대차 - 후진중충돌,안전운전불이행,건조,맑음,단일로 - 기타,승용,여,61세,상해없음,승용,남,36세,경상
2023051500100005,2023년 5월 15일 01시,월요일,인천광역시 서구 가정동,경상사고,0,0,1,0,차대차 - 기타,안전운전불이행,건조,맑음,교차로 - 교차로안,승용,여,25세,상해없음,승용,남,72세,경상
2023051500100006,2023년 5월 15일 01시,월요일,인천광역시 연수구 선학동,경상사고,0,0,1,0,차대차 - 측면충돌,기타,건조,맑음,단일로 - 기타,승용,남,19세,상해없음,승용,남,26세,경상
2023051500100032,2023년 5월 15일 06시,월요일,인천광역시 미추홀구 주안동,경상사고,0,0,1,0,차대차 - 추돌,안전운전불이행,건조,맑음,단일로 - 기타,승용,남,55세,상해없음,승용,여,64세,경상
2023051500100033,2023년 5월 15일 06시,월요일,인천광역시 부평구 부개동,중상사고,0,1,0,0,차대차 - 측면충돌,안전운전불이행,건조,맑음,교차로 - 교차로안,승용,여,62세,상해없음,자전거,남,68세,중상
2023051500100071,2023년 5월 15일 07시,월요일,인천광역시 남동구 논현동,경상사고,0,0,2,0,차대차 - 측면충돌,교차로운행방법위반,건조,맑음,교차로 - 교차로부근,승용,여,43세,상해없음,승용,여,22세,경상
2023051500100117,2023년 5월 15일 08시,월요일,인천광역시 서구 경서동,중상사고,0,2,1,0,차대차 - 추돌,안전운전불이행,건조,맑음,단일로 - 기타,승용,남,49세,상해없음,화물,남,30세,중상
2023051500100118,2023년 5월 15일 08시,월요일,인천광역시 계양구 작전동,경상사고,0,0,1,0,차대차 - 추돌,안전운전불이행,건조,맑음,교차로 - 교차로안,승용,남,48세,상해없음,승용,남,57세,경상
2023051500100119,2023년 5월 15일 08시,월요일,인천광역시 남동구 고잔동,경상사고,0,0,1,0,차대차 - 후진중충돌,불법유턴,건조,맑음,단일로 - 기타,화물,남,60세,상해없음,승합,남,49세,경상
2023051500100148,2023년 5월 15일 09시,월요일,인천광역시 미추홀구 학익동,중상사고,0,1,0,0,차대차 - 측면충돌,안전운전불이행,건조,맑음,단일로 - 기타,원동기,남,61세,상해없음,화물,남,45세,상해없음
2023051500100149,2023년 5월 15일 09시,월요일,인천광역시 미추홀구 숭의동,경상사고,0,0,1,0,차대차 - 측면충돌,교차로운행방법위반,건조,맑음,단일로 - 기타,승용,남,75세,상해없음,승용,남,55세,경상
2023051500100150,2023년 5월 15일 09시,월요일,인천광역시 계양구 임학동,경상사고,0,0,1,0,차대차 - 측면충돌,차로위반,건조,맑음,단일로 - 기타,승용,남,44세,상해없음,승용,여,26세,경상
2023051500100151,2023년 5월 15일 09시,월요일,인천광역시 강화군 선원면,중상사고,0,1,0,0,차대차 - 측면충돌,중앙선침범,건조,맑음,단일로 - 기타,건설기계,남,58세,상해없음,농기계,남,88세,중상
2023051500100181,2023년 5월 15일 10시,월요일,인천광역시 미추홀구 주안동,중상사고,0,3,1,0,차대차 - 추돌,안전운전불이행,건조,맑음,단일로 - 기타,승용,여,60세,상해없음,승용,남,30세,중상
2023051500100248,2023년 5월 15일 12시,월요일,인천광역시 미추홀구 주안동,경상사고,0,0,1,0,차대차 - 측면충돌,안전운전불이행,건조,맑음,단일로 - 기타,승용,남,41세,상해없음,승용,여,56세,경상
2023051500100287,2023년 5월 15일 13시,월요일,인천광역시 부평구 청천동,경상사고,0,0,1,0,차대사람 - 보도통행중,보행자보호의무위반,건조,맑음,기타 - 기타,승용,남,67세,상해없음,보행자,남,51세,경상
2023051500100396,2023년 5월 15일 16시,월요일,인천광역시 중구 운서동,중상사고,0,1,0,0,차대사람 - 횡단중,보행자보호의무위반,건조,맑음,교차로 - 교차로횡단보도내,화물,남,70세,상해없음,보행자,여,25세,중상
2023051500100397,2023년 5월 15일 16시,월요일,인천광역시 미추홀구 용현동,중상사고,0,1,0,0,차대사람 - 횡단중,안전운전불이행,건조,맑음,단일로 - 기타,승용,여,52세,상해없음,보행자,여,20세,중상
2023051500100398,2023년 5월 15일 16시,월요일,인천광역시 계양구 작전동,중상사고,0,1,0,0,차대사람 - 보도통행중,기타,건조,맑음,기타 - 기타,자전거,남,88세,기타불명,보행자,여,64세,중상
2023051500100399,2023년 5월 15일 16시,월요일,인천광역시 연수구 송도동,경상사고,0,0,4,0,차대차 - 기타,차로위반,젖음/습기,맑음,단일로 - 기타,승합,남,69세,경상,승용,여,23세,경상
2023051500100400,2023년 5월 15일 16시,월요일,인천광역시 남동구 남촌동,중상사고,0,1,0,0,차대차 - 기타,신호위반,건조,맑음,교차로 - 교차로안,화물,남,66세,상해없음,승합,남,55세,상해없음
2023051500100543,2023년 5월 15일 20시,월요일,인천광역시 서구 원당동,경상사고,0,0,2,0,차대차 - 정면충돌,안전운전불이행,건조,맑음,기타 - 기타,승용,여,62세,상해없음,승용,남,58세,경상
2023051500100580,2023년 5월 15일 22시,월요일,인천광역시 미추홀구 숭의동,부상신고사고,0,0,0,1,차대사람 - 차도통행중,기타,건조,맑음,단일로 - 기타,승용,여,23세,상해없음,보행자,여,56세,부상신고
2023051500100581,2023년 5월 15일 22시,월요일,인천광역시 서구 청라동,경상사고,0,0,1,0,차대사람 - 횡단중,보행자보호의무위반,건조,맑음,단일로 - 기타,승용,여,42세,상해없음,보행자,여,51세,경상
2023051600100015,2023년 5월 16일 01시,화요일,인천광역시 서구 검암동,경상사고,0,0,1,0,차대차 - 측면충돌,안전거리미확보,건조,맑음,단일로 - 기타,승용,남,70세,상해없음,승용,여,53세,경상
2023051600100021,2023년 5월 16일 02시,화요일,인천광역시 부평구 청천동,경상사고,0,0,1,0,차대차 - 추돌,안전운전불이행,건조,맑음,교차로 - 교차로부근,승용,남,50세,상해없음,승용,남,65세,경상
2023051600100027,2023년 5월 16일 04시,화요일,인천광역시 서구 석남동,경상사고,0,0,1,0,차량단독 - 기타,기타,건조,맑음,교차로 - 교차로부근,승합,남,56세,상해없음,,,,
2023051600100110,2023년 5월 16일 08시,화요일,인천광역시 미추홀구 주안동,경상사고,0,0,2,0,차대차 - 추돌,안전운전불이행,건조,맑음,교차로 - 교차로부근,승용,남,58세,상해없음,화물,남,53세,경상
2023051600100111,2023년 5월 16일 08시,화요일,인천광역시 서구 석남동,경상사고,0,0,1,0,차대차 - 추돌,안전거리미확보,건조,맑음,교차로 - 교차로안,승용,남,57세,상해없음,승용,남,32세,경상
2023051600100225,2023년 5월 16일 11시,화요일,인천광역시 부평구 청천동,경상사고,0,0,3,0,차대차 - 기타,안전운전불이행,건조,맑음,단일로 - 기타,승용,남,66세,상해없음,승용,남,64세,경상
2023051600100226,2023년 5월 16일 11시,화요일,인천광역시 남동구 서창동,부상신고사고,0,0,0,1,차대차 - 측면충돌,안전운전불이행,건조,맑음,단일로 - 지하차도(도로)내,승용,남,22세,상해없음,자전거,여,26세,부상신고
2023051600100258,2023년 5월 16일 12시,화요일,인천광역시 서구 검암동,경상사고,0,0,1,0,차대차 - 측면충돌,차로위반,건조,맑음,단일로 - 고가도로위,승용,남,55세,상해없음,승용,여,32세,경상
2023051600100336,2023년 5월 16일 14시,화요일,인천광역시 남동구 간석동,부상신고사고,0,0,0,1,차대사람 - 길가장자리구역통행중,안전운전불이행,건조,맑음,단일로 - 기타,자전거,남,81세,상해없음,보행자,여,8세,부상신고
2023051600100337,2023년 5월 16일 14시,화요일,인천광역시 남동구 만수동,중상사고,0,1,1,0,차대차 - 측면충돌,교차로운행방법위반,건조,맑음,교차로 - 교차로안,승용,여,62세,경상,승용,남,64세,중상
2023051600100393,2023년 5월 16일 15시,화요일,인천광역시 계양구 작전동,경상사고,0,0,5,0,차대차 - 측면충돌,안전운전불이행,건조,맑음,단일로 - 기타,화물,남,59세,상해없음,승용,여,32세,경상
2023051600100551,2023년 5월 16일 18시,화요일,인천광역시 서구 청라동,부상신고사고,0,0,0,1,차대차 - 측면충돌,안전운전불이행,건조,맑음,단일로 - 기타,승용,여,58세,상해없음,화물,남,28세,부상신고
2023051600100552,2023년 5월 16일 18시,화요일,인천광역시 계양구 작전동,경상사고,0,0,1,0,차대차 - 측면충돌,안전운전불이행,건조,맑음,교차로 - 교차로안,승용,남,55세,상해없음,이륜,남,46세,경상
2023051600100587,2023년 5월 16일 19시,화요일,인천광역시 미추홀구 용현동,중상사고,0,1,0,0,차대차 - 정면충돌,중앙선침범,건조,맑음,교차로 - 교차로안,화물,남,44세,상해없음,이륜,남,43세,중상
2023051600100642,2023년 5월 16일 21시,화요일,인천광역시 남동구 구월동,중상사고,0,1,0,0,차대차 - 측면충돌,교차로운행방법위반,건조,맑음,교차로 - 교차로안,승용,여,63세,상해없음,승용,남,51세,중상
2023051600100668,2023년 5월 16일 23시,화요일,인천광역시 남동구 간석동,경상사고,0,0,1,0,차대사람 - 기타,안전운전불이행,건조,맑음,교차로 - 교차로안,승용,남,54세,상해없음,보행자,남,39세,경상
2023051700100028,2023년 5월 17일 04시,수요일,인천광역시 연수구 청학동,경상사고,0,0,1,0,차대차 - 추돌,안전거리미확보,건조,맑음,단일로 - 기타,화물,남,46세,상해없음,승용,남,23세,경상
2023051700100038,2023년 5월 17일 05시,수요일,인천광역시 미추홀구 도화동,중상사고,0,1,0,0,차대차 - 측면충돌,신호위반,건조,맑음,단일로 - 기타,화물,남,50세,상해없음,개인형이동수단(PM),남,43세,중상
2023051700100075,2023년 5월 17일 07시,수요일,인천광역시 미추홀구 주안동,중상사고,0,1,1,0,차대차 - 측면충돌,기타,건조,맑음,단일로 - 기타,승용,남,54세,상해없음,이륜,남,43세,중상
2023051700100076,2023년 5월 17일 07시,수요일,인천광역시 서구 가정동,경상사고,0,0,1,0,차대차 - 측면충돌,안전운전불이행,건조,맑음,기타 - 기타,승용,남,50세,상해없음,승용,남,68세,경상
2023051700100132,2023년 5월 17일 08시,수요일,인천광역시 중구 신흥동3가,경상사고,0,0,2,0,차대차 - 측면충돌,안전운전불이행,건조,맑음,교차로 - 교차로안,승용,여,35세,경상,특수,남,62세,경상
2023051700100133,2023년 5월 17일 08시,수요일,인천광역시 연수구 송도동,중상사고,0,2,0,0,차대차 - 측면충돌,안전운전불이행,건조,맑음,단일로 - 지하차도(도로)내,화물,남,66세,상해없음,승용,남,45세,중상
2023051700100186,2023년 5월 17일 09시,수요일,인천광역시 중구 신흥동2가,경상사고,0,0,1,0,차대차 - 측면충돌,신호위반,건조,맑음,교차로 - 교차로안,승용,여,44세,상해없음,승용,여,49세,경상
2023051700100187,2023년 5월 17일 09시,수요일,인천광역시 남동구 구월동,경상사고,0,0,1,0,차대차 - 추돌,안전운전불이행,건조,맑음,단일로 - 지하차도(도로)내,화물,남,31세,상해없음,승용,여,25세,경상
2023051700100229,2023년 5월 17일 10시,수요일,인천광역시 중구 운서동,경상사고,0,0,2,0,차대사람 - 기타,안전운전불이행,건조,맑음,단일로 - 기타,자전거,여,49세,경상,보행자,여,57세,경상
2023051700100230,2023년 5월 17일 10시,수요일,인천광역시 서구 경서동,경상사고,0,0,1,0,차대차 - 측면충돌,안전운전불이행,건조,맑음,기타 - 기타,화물,남,37세,상해없음,화물,남,68세,경상
2023051700100297,2023년 5월 17일 12시,수요일,인천광역시 부평구 부평동,경상사고,0,0,1,0,차량단독 - 기타,안전운전불이행,건조,맑음,단일로 - 기타,승합,남,62세,상해없음,,,,
2023051700100298,2023년 5월 17일 12시,수요일,인천광역시 부평구 부개동,경상사고,0,0,1,0,차대차 - 측면충돌,안전운전불이행,건조,맑음,교차로 - 교차로부근,승용,남,75세,상해없음,승합,남,59세,경상
2023051700100353,2023년 5월 17일 13시,수요일,인천광역시 계양구 작전동,중상사고,0,1,3,0,차대차 - 측면충돌,신호위반,건조,맑음,교차로 - 교차로안,승용,남,45세,상해없음,승합,남,29세,경상
2023051700100354,2023년 5월 17일 13시,수요일,인천광역시 강화군 교동면,사망사고,1,0,0,0,차량단독 - 도로외이탈 - 추락,안전운전불이행,건조,맑음,단일로 - 지하차도(도로)내,자전거,남,67세,사망,,,,
2023051700100395,2023년 5월 17일 14시,수요일,인천광역시 미추홀구 주안동,경상사고,0,0,1,0,차대사람 - 차도통행중,안전운전불이행,건조,맑음,단일로 - 기타,승용,여,40세,상해없음,보행자,남,8세,경상
2023051700100396,2023년 5월 17일 14시,수요일,인천광역시 서구 오류동,경상사고,0,0,1,0,차대차 - 기타,안전운전불이행,건조,맑음,기타 - 기타,승용,여,41세,상해없음,화물,남,39세,경상
2023051700100438,2023년 5월 17일 15시,수요일,인천광역시 미추홀구 용현동,경상사고,0,0,1,0,차대차 - 기타,신호위반,건조,맑음,교차로 - 교차로부근,이륜,남,59세,상해없음,개인형이동수단(PM),남,66세,경상
2023051700100439,2023년 5월 17일 15시,수요일,인천광역시 남동구 구월동,경상사고,0,0,2,0,차대차 - 후진중충돌,안전운전불이행,건조,맑음,교차로 - 교차로부근,화물,남,60세,상해없음,승용,남,32세,경상
2023051700100474,2023년 5월 17일 16시,수요일,인천광역시 서구 청라동,중상사고,0,1,0,0,차대차 - 측면충돌,불법유턴,건조,맑음,교차로 - 교차로안,승합,여,20세,상해없음,이륜,남,41세,중상
2023051700100533,2023년 5월 17일 17시,수요일,인천광역시 미추홀구 학익동,경상사고,0,0,3,0,차대차 - 측면충돌,안전운전불이행,건조,맑음,단일로 - 기타,승용,남,45세,상해없음,승용,남,41세,경상
2023051700100534,2023년 5월 17일 17시,수요일,인천광역시 부평구 부평동,경상사고,0,0,2,0,차대차 - 측면충돌,안전운전불이행,기타,맑음,기타 - 기타,승용,여,47세,기타불명,승용,남,33세,경상
2023051700100535,2023년 5월 17일 17시,수요일,인천광역시 서구 가좌동,경상사고,0,0,1,0,차대차 - 측면충돌,안전운전불이행,건조,맑음,기타 - 기타,승용,여,37세,상해없음,승합,남,66세,상해없음
2023051700100536,2023년 5월 17일 17시,수요일,인천광역시 연수구 동춘동,경상사고,0,0,1,0,차대차 - 측면충돌,안전운전불이행,건조,맑음,단일로 - 기타,승용,여,51세,상해없음,승용,남,45세,경상
2023051700100537,2023년 5월 17일 17시,수요일,인천광역시 남동구 서창동,경상사고,0,0,1,0,차대차 - 측면충돌,교차로운행방법위반,건조,맑음,교차로 - 교차로안,이륜,남,48세,상해없음,승용,여,62세,경상
2023051700100538,2023년 5월 17일 17시,수요일,인천광역시 계양구 용종동,경상사고,0,0,1,0,차대차 - 기타,안전운전불이행,건조,맑음,단일로 - 기타,승용,남,41세,상해없음,승용,남,59세,경상
2023051700100587,2023년 5월 17일 18시,수요일,인천광역시 중구 신흥동3가,경상사고,0,0,1,0,차대차 - 측면충돌,안전운전불이행,건조,맑음,교차로 - 교차로안,승용,여,60세,상해없음,승합,남,49세,경상
2023051700100588,2023년 5월 17일 18시,수요일,인천광역시 남동구 구월동,경상사고,0,0,1,0,차대차 - 추돌,안전운전불이행,건조,맑음,교차로 - 교차로부근,승용,남,64세,상해없음,승용,여,56세,경상
2023051700100625,2023년 5월 17일 19시,수요일,인천광역시 부평구 부평동,경상사고,0,0,1,0,차대차 - 측면충돌,직진우회전진행방해,건조,맑음,교차로 - 교차로안,자전거,남,56세,경상,승용,여,28세,상해없음
2023051700100627,2023년 5월 17일 19시,수요일,인천광역시 부평구 서운동,경상사고,0,0,1,0,차대차 - 측면충돌,안전운전불이행,건조,맑음,단일로 - 기타,승용,남,59세,상해없음,승용,남,28세,경상
2023051700100652,2023년 5월 17일 20시,수요일,인천광역시 부평구 갈산동,경상사고,0,0,1,0,차대사람 - 기타,기타,건조,맑음,교차로 - 교차로부근,개인형이동수단(PM),남,15세,상해없음,보행자,여,30세,경상
2023051700100676,2023년 5월 17일 21시,수요일,인천광역시 미추홀구 주안동,부상신고사고,0,0,0,3,차대차 - 추돌,안전운전불이행,건조,맑음,단일로 - 지하차도(도로)내,승용,여,31세,상해없음,승용,남,72세,부상신고
2023051700100677,2023년 5월 17일 21시,수요일,인천광역시 남동구 간석동,경상사고,0,0,1,0,차대차 - 측면충돌,신호위반,건조,맑음,단일로 - 기타,이륜,남,39세,상해없음,자전거,남,70세,경상
2023051700100678,2023년 5월 17일 21시,수요일,인천광역시 연수구 연수동,경상사고,0,0,1,0,차대차 - 측면충돌,안전운전불이행,건조,맑음,단일로 - 기타,승용,남,59세,상해없음,이륜,남,40세,경상
2023051700100679,2023년 5월 17일 21시,수요일,인천광역시 연수구 선학동,경상사고,0,0,2,0,차대차 - 기타,안전운전불이행,건조,흐림,단일로 - 고가도로위,승용,남,37세,상해없음,승용,남,33세,경상
2023051700100703,2023년 5월 17일 23시,수요일,인천광역시 중구 경동,경상사고,0,0,2,0,차량단독 - 기타,안전운전불이행,기타,기타,기타 - 기타,승용,남,40세,상해없음,,,,
2023051800100046,2023년 5월 18일 05시,목요일,인천광역시 부평구 갈산동,중상사고,0,1,0,0,차대사람 - 횡단중,보행자보호의무위반,건조,맑음,교차로 - 교차로안,승용,남,34세,상해없음,보행자,여,62세,중상
2023051800100062,2023년 5월 18일 06시,목요일,인천광역시 연수구 송도동,경상사고,0,0,1,0,차대차 - 측면충돌,교차로운행방법위반,건조,맑음,교차로 - 교차로부근,승용,남,29세,상해없음,화물,남,68세,경상
2023051800100127,2023년 5월 18일 08시,목요일,인천광역시 중구 송학동2가,경상사고,0,0,1,0,차대차 - 추돌,안전운전불이행,건조,맑음,단일로 - 지하차도(도로)내,승용,여,13세,상해없음,승용,남,63세,경상
2023051800100128,2023년 5월 18일 08시,목요일,인천광역시 연수구 송도동,경상사고,0,0,1,0,차대차 - 추돌,안전운전불이행,건조,맑음,교차로 - 교차로안,승용,여,50세,상해없음,승용,여,46세,경상
2023051800100129,2023년 5월 18일 08시,목요일,인천광역시 부평구 부개동,경상사고,0,0,1,0,차대차 - 추돌,안전거리미확보,건조,맑음,교차로 - 교차로부근,승용,여,73세,상해없음,이륜,남,20세,경상
2023051800100180,2023년 5월 18일 09시,목요일,인천광역시 연수구 청학동,중상사고,0,1,0,0,차대차 - 추돌,안전운전불이행,건조,맑음,교차로 - 교차로부근,승용,남,58세,상해없음,승용,남,30세,중상
2023051800100181,2023년 5월 18일 09시,목요일,인천광역시 부평구 삼산동,경상사고,0,0,1,0,차대차 - 측면충돌,중앙선침범,건조,맑음,교차로 - 교차로안,승용,여,53세,상해없음,화물,남,26세,경상
2023051800100202,2023년 5월 18일 10시,목요일,인천광역시 계양구 병방동,경상사고,0,0,1,0,차대차 - 추돌,안전운전불이행,건조,맑음,기타 - 기타,승용,남,65세,기타불명,승용,남,49세,경상
2023051800100230,2023년 5월 18일 11시,목요일,인천광역시 서구 마전동,경상사고,0,0,1,0,차대차 - 측면충돌,안전거리미확보,건조,맑음,단일로 - 기타,승합,남,54세,상해없음,승용,남,36세,경상
2023051800100260,2023년 5월 18일 12시,목요일,인천광역시 중구 신흥동3가,경상사고,0,0,1,0,차대차 - 측면충돌,신호위반,건조,맑음,교차로 - 교차로안,승용,남,64세,상해없음,승용,남,53세,경상
2023051800100371,2023년 5월 18일 15시,목요일,인천광역시 미추홀구 학익동,경상사고,0,0,1,0,차대차 - 측면충돌,안전거리미확보,건조,맑음,단일로 - 기타,승용,남,54세,상해없음,승용,남,53세,경상
2023051800100372,2023년 5월 18일 15시,목요일,인천광역시 미추홀구 주안동,경상사고,0,0,1,0,차대차 - 측면충돌,안전운전불이행,건조,맑음,단일로 - 기타,승합,남,60세,기타불명,승용,남,21세,경상
2023051800100410,2023년 5월 18일 16시,목요일,인천광역시 남동구 간석동,경상사고,0,0,3,0,차대차 - 추돌,신호위반,건조,맑음,교차로 - 교차로안,승용,남,21세,상해없음,승용,남,57세,경상
2023051800100411,2023년 5월 18일 16시,목요일,인천광역시 연수구 송도동,중상사고,0,1,0,0,차대차 - 측면충돌,중앙선침범,건조,맑음,단일로 - 기타,화물,남,55세,상해없음,이륜,남,21세,중상
2023051800100513,2023년 5월 18일 18시,목요일,인천광역시 연수구 동춘동,경상사고,0,0,1,0,차대차 - 측면충돌,신호위반,건조,맑음,단일로 - 터널,승용,여,46세,상해없음,승용,여,28세,경상
2023051800100570,2023년 5월 18일 20시,목요일,인천광역시 중구 중산동,경상사고,0,0,1,0,차대차 - 측면충돌,안전운전불이행,건조,맑음,교차로 - 교차로횡단보도내,승용,남,73세,상해없음,자전거,남,44세,경상
2023051900100043,2023년 5월 19일 05시,금요일,인천광역시 미추홀구 용현동,경상사고,0,0,1,0,차대차 - 측면충돌,안전거리미확보,건조,맑음,단일로 - 기타,승용,여,30세,기타불명,승용,남,63세,경상
2023051900100088,2023년 5월 19일 07시,금요일,인천광역시 미추홀구 도화동,경상사고,0,0,2,0,차대차 - 정면충돌,안전운전불이행,건조,맑음,교차로 - 교차로부근,승용,남,22세,상해없음,승용,남,35세,경상
2023051900100173,2023년 5월 19일 09시,금요일,인천광역시 부평구 십정동,경상사고,0,0,1,0,차대차 - 측면충돌,안전운전불이행,건조,맑음,기타 - 기타,자전거,남,66세,경상,승용,남,57세,상해없음
2023051900100174,2023년 5월 19일 09시,금요일,인천광역시 서구 청라동,경상사고,0,0,1,0,차대차 - 측면충돌,교차로운행방법위반,건조,맑음,교차로 - 교차로안,건설기계,남,56세,상해없음,이륜,남,43세,경상
2023051900100220,2023년 5월 19일 10시,금요일,인천광역시 남동구 수산동,경상사고,0,0,4,0,차대차 - 기타,기타,건조,맑음,단일로 - 교량,화물,남,56세,상해없음,승용,여,50세,경상
2023051900100263,2023년 5월 19일 11시,금요일,인천광역시 부평구 부평동,중상사고,0,1,0,0,차대차 - 기타,기타,건조,맑음,단일로 - 기타,화물,남,50세,기타불명,승용,남,29세,중상
2023051900100264,2023년 5월 19일 11시,금요일,인천광역시 연수구 송도동,경상사고,0,0,1,0,차대차 - 추돌,안전운전불이행,건조,맑음,단일로 - 기타,승용,남,37세,상해없음,승용,남,35세,경상
2023051900100265,2023년 5월 19일 11시,금요일,인천광역시 남동구 만수동,중상사고,0,1,0,0,차대사람 - 횡단중,신호위반,건조,맑음,교차로 - 교차로안,승용,남,62세,상해없음,보행자,남,69세,중상
2023051900100312,2023년 5월 19일 12시,금요일,인천광역시 남동구 만수동,경상사고,0,0,1,0,차대사람 - 차도통행중,안전운전불이행,건조,맑음,단일로 - 기타,승용,남,50세,상해없음,보행자,남,7세,경상
2023051900100355,2023년 5월 19일 13시,금요일,인천광역시 미추홀구 용현동,사망사고,1,0,0,0,차대차 - 추돌,안전운전불이행,건조,맑음,단일로 - 기타,건설기계,남,63세,기타불명,자전거,남,66세,사망
2023051900100390,2023년 5월 19일 14시,금요일,인천광역시 강화군 선원면,경상사고,0,0,3,0,차대차 - 측면충돌,안전운전불이행,건조,맑음,교차로 - 교차로안,승용,남,60세,상해없음,화물,남,62세,경상
2023051900100391,2023년 5월 19일 14시,금요일,인천광역시 남동구 고잔동,중상사고,0,1,0,0,차대차 - 측면충돌,안전거리미확보,건조,맑음,단일로 - 기타,화물,남,41세,상해없음,승용,남,46세,중상
2023051900100422,2023년 5월 19일 15시,금요일,인천광역시 미추홀구 용현동,경상사고,0,0,1,0,차대차 - 측면충돌,안전운전불이행,건조,맑음,교차로 - 교차로안,승용,여,54세,상해없음,승용,남,42세,경상
2023051900100423,2023년 5월 19일 15시,금요일,인천광역시 미추홀구 주안동,중상사고,0,1,1,0,차대차 - 추돌,안전거리미확보,건조,맑음,교차로 - 교차로안,승용,남,47세,상해없음,승용,여,57세,경상
2023051900100465,2023년 5월 19일 16시,금요일,인천광역시 중구 신흥동3가,경상사고,0,0,1,0,차대차 - 추돌,안전운전불이행,건조,맑음,단일로 - 기타,자전거,남,14세,경상,승용,여,36세,상해없음
2023051900100466,2023년 5월 19일 16시,금요일,인천광역시 서구 심곡동,중상사고,0,1,1,0,차대차 - 추돌,안전운전불이행,건조,맑음,단일로 - 기타,승용,남,39세,상해없음,승용,남,54세,중상
2023051900100467,2023년 5월 19일 16시,금요일,인천광역시 연수구 송도동,경상사고,0,0,1,0,차대차 - 측면충돌,신호위반,건조,맑음,단일로 - 기타,승합,남,58세,상해없음,개인형이동수단(PM),여,15세,경상
2023051900100468,2023년 5월 19일 16시,금요일,인천광역시 부평구 부평동,경상사고,0,0,3,0,차대사람 - 차도통행중,안전운전불이행,건조,맑음,교차로 - 교차로부근,승합,남,54세,상해없음,보행자,남,84세,경상
2023051900100525,2023년 5월 19일 17시,금요일,인천광역시 부평구 부평동,경상사고,0,0,1,0,차대차 - 측면충돌,안전운전불이행,건조,맑음,교차로 - 교차로안,승용,여,28세,기타불명,승용,여,48세,경상
2023051900100526,2023년 5월 19일 17시,금요일,인천광역시 남동구 구월동,경상사고,0,0,3,0,차대차 - 추돌,안전운전불이행,건조,맑음,단일로 - 기타,이륜,남,17세,상해없음,승용,남,45세,경상
2023051900100576,2023년 5월 19일 18시,금요일,인천광역시 중구 운서동,경상사고,0,0,1,0,차대차 - 기타,안전운전불이행,건조,맑음,교차로 - 교차로안,승용,남,53세,상해없음,승합,남,47세,경상
2023051900100577,2023년 5월 19일 18시,금요일,인천광역시 서구 신현동,경상사고,0,0,5,0,차대차 - 기타,신호위반,건조,맑음,교차로 - 교차로부근,승용,남,74세,상해없음,승용,여,58세,경상
2023051900100579,2023년 5월 19일 18시,금요일,인천광역시 남동구 남촌동,경상사고,0,0,1,0,차대차 - 측면충돌,안전운전불이행,건조,맑음,단일로 - 기타,승용,남,36세,상해없음,화물,남,37세,경상
2023051900100616,2023년 5월 19일 19시,금요일,인천광역시 미추홀구 용현동,부상신고사고,0,0,0,1,차대차 - 기타,안전거리미확보,건조,맑음,단일로 - 기타,이륜,남,30세,부상신고,승용,남,53세,상해없음
2023051900100651,2023년 5월 19일 20시,금요일,인천광역시 중구 유동,경상사고,0,0,1,0,차대차 - 측면충돌,신호위반,건조,맑음,교차로 - 교차로부근,승용,남,66세,상해없음,승용,여,27세,경상