사고번호,사고일시,요일,시군구,사고내용,사망자수,중상자수,경상자수,부상신고자수,사고유형,법규위반,노면상태,기상상태,도로형태,가해운전자 차종,가해운전자 성별,가해운전자 연령,가해운전자 상해정도,피해운전자 차종,피해운전자 성별,피해운전자 연령,피해운전자 상해정도
2023053100100102,2023년 5월 31일 08시,수요일,인천광역시 미추홀구 숭의동,경상사고,0,0,1,0,차량단독 - 기타,안전운전불이행,건조,맑음,단일로 - 기타,승용,남,63세,상해없음,,,,
2023053100100136,2023년 5월 31일 09시,수요일,인천광역시 남동구 간석동,경상사고,0,0,2,0,차대차 - 측면충돌,안전운전불이행,건조,맑음,교차로 - 교차로부근,승용,남,37세,상해없음,화물,남,55세,경상
2023053100100194,2023년 5월 31일 11시,수요일,인천광역시 서구 심곡동,중상사고,0,1,0,0,차대사람 - 횡단중,기타,건조,맑음,단일로 - 기타,이륜,남,37세,상해없음,보행자,남,64세,중상
2023053100100195,2023년 5월 31일 11시,수요일,인천광역시 남동구 고잔동,경상사고,0,0,1,0,차대차 - 측면충돌,안전거리미확보,건조,맑음,단일로 - 기타,특수,남,38세,상해없음,승용,남,43세,경상
2023053100100261,2023년 5월 31일 13시,수요일,인천광역시 서구 왕길동,경상사고,0,0,2,0,차대차 - 측면충돌,안전운전불이행,건조,맑음,교차로 - 교차로안,화물,남,52세,경상,승용,여,37세,경상
2023053100100303,2023년 5월 31일 14시,수요일,인천광역시 부평구 부평동,경상사고,0,0,1,0,차대차 - 후진중충돌,안전운전불이행,건조,맑음,기타 - 기타,승용,여,44세,상해없음,승용,남,51세,경상
2023053100100377,2023년 5월 31일 16시,수요일,인천광역시 연수구 송도동,경상사고,0,0,1,0,차대차 - 측면충돌,안전운전불이행,건조,맑음,교차로 - 교차로안,승용,남,66세,상해없음,승용,여,50세,경상
2023053100100433,2023년 5월 31일 17시,수요일,인천광역시 동구 송림동,경상사고,0,0,1,0,차대차 - 측면충돌,안전운전불이행,건조,맑음,교차로 - 교차로안,승용,여,44세,상해없음,화물,남,36세,경상
2023053100100482,2023년 5월 31일 18시,수요일,인천광역시 미추홀구 학익동,경상사고,0,0,1,0,차대차 - 측면충돌,중앙선침범,건조,맑음,교차로 - 교차로부근,이륜,남,60세,기타불명,승용,여,27세,경상
2023053100100484,2023년 5월 31일 18시,수요일,인천광역시 서구 청라동,중상사고,0,1,0,0,차대사람 - 차도통행중,안전운전불이행,건조,맑음,기타 - 기타,자전거,여,49세,상해없음,보행자,남,5세,중상
2023053100100514,2023년 5월 31일 19시,수요일,인천광역시 남동구 수산동,경상사고,0,0,2,0,차대차 - 추돌,안전운전불이행,건조,맑음,단일로 - 기타,승용,여,50세,상해없음,화물,남,42세,경상
2023053100100535,2023년 5월 31일 20시,수요일,인천광역시 연수구 송도동,중상사고,0,1,0,0,차대사람 - 보도통행중,안전운전불이행,건조,맑음,기타 - 기타,이륜,남,23세,상해없음,보행자,여,9세,중상
2023053100100563,2023년 5월 31일 21시,수요일,인천광역시 중구 운서동,경상사고,0,0,2,0,차대차 - 측면충돌,안전거리미확보,건조,맑음,단일로 - 기타,승용,여,22세,경상,승용,여,41세,경상
2023053100100564,2023년 5월 31일 21시,수요일,인천광역시 중구 운남동,경상사고,0,0,1,0,차대차 - 기타,안전운전불이행,건조,맑음,단일로 - 교량,승용,남,55세,상해없음,승용,여,34세,경상
2023053100100603,2023년 5월 31일 23시,수요일,인천광역시 부평구 청천동,중상사고,0,1,0,0,차대사람 - 횡단중,안전운전불이행,건조,맑음,교차로 - 교차로안,승용,남,48세,상해없음,보행자,남,88세,중상
2023053100100604,2023년 5월 31일 23시,수요일,인천광역시 서구 석남동,경상사고,0,0,1,0,차량단독 - 공작물충돌,안전운전불이행,건조,맑음,기타 - 기타,승용,남,56세,상해없음,,,,
2023060100100143,2023년 6월 1일 10시,목요일,인천광역시 서구 시천동,사망사고,1,1,0,0,차대차 - 추돌,안전운전불이행,건조,맑음,단일로 - 기타,화물,남,71세,사망,건설기계,남,55세,중상
2023060100100195,2023년 6월 1일 12시,목요일,인천광역시 미추홀구 도화동,경상사고,0,0,1,0,차대차 - 기타,안전거리미확보,건조,맑음,교차로 - 교차로안,화물,남,55세,상해없음,승합,남,29세,상해없음
2023060100100196,2023년 6월 1일 12시,목요일,인천광역시 남동구 간석동,경상사고,0,0,1,0,차량단독 - 기타,안전운전불이행,건조,맑음,교차로 - 교차로안,승용,남,72세,상해없음,,,,
2023060100100230,2023년 6월 1일 13시,목요일,인천광역시 동구 화수동,경상사고,0,0,1,0,차대차 - 측면충돌,교차로운행방법위반,건조,맑음,교차로 - 교차로안,승합,남,79세,상해없음,승용,남,57세,경상
2023060100100231,2023년 6월 1일 13시,목요일,인천광역시 남동구 만수동,경상사고,0,0,1,0,차대차 - 측면충돌,안전운전불이행,건조,맑음,단일로 - 기타,화물,남,69세,상해없음,승합,남,28세,경상
2023060100100232,2023년 6월 1일 13시,목요일,인천광역시 서구 마전동,경상사고,0,0,1,0,차대차 - 기타,안전거리미확보,건조,맑음,교차로 - 교차로부근,승용,여,62세,상해없음,승용,남,39세,경상
2023060100100253,2023년 6월 1일 14시,목요일,인천광역시 계양구 효성동,경상사고,0,0,1,0,차대차 - 측면충돌,안전운전불이행,건조,맑음,단일로 - 기타,승용,여,34세,상해없음,승합,남,63세,경상
2023060100100290,2023년 6월 1일 15시,목요일,인천광역시 남동구 구월동,경상사고,0,0,1,0,차대차 - 추돌,안전운전불이행,건조,맑음,교차로 - 교차로부근,화물,남,34세,상해없음,승용,여,29세,경상
2023060100100291,2023년 6월 1일 15시,목요일,인천광역시 서구 마전동,중상사고,0,1,0,0,차대차 - 정면충돌,중앙선침범,건조,맑음,단일로 - 기타,승용,남,55세,상해없음,승용,남,45세,중상
2023060100100292,2023년 6월 1일 15시,목요일,인천광역시 연수구 연수동,중상사고,0,1,0,0,차대사람 - 횡단중,보행자보호의무위반,건조,맑음,교차로 - 교차로횡단보도내,승용,여,25세,상해없음,보행자,여,61세,중상
2023060100100326,2023년 6월 1일 16시,목요일,인천광역시 미추홀구 숭의동,경상사고,0,0,1,0,차대차 - 측면충돌,신호위반,건조,맑음,교차로 - 교차로안,승용,여,72세,상해없음,승용,여,57세,경상
2023060100100327,2023년 6월 1일 16시,목요일,인천광역시 부평구 십정동,경상사고,0,0,2,0,차대차 - 추돌,안전운전불이행,건조,맑음,교차로 - 교차로부근,승용,남,48세,상해없음,화물,남,29세,경상
2023060100100367,2023년 6월 1일 17시,목요일,인천광역시 미추홀구 주안동,경상사고,0,0,3,0,차대사람 - 기타,안전운전불이행,건조,맑음,교차로 - 교차로안,승용,여,67세,상해없음,보행자,여,44세,경상
2023060100100368,2023년 6월 1일 17시,목요일,인천광역시 서구 가좌동,경상사고,0,0,1,0,차대차 - 정면충돌,중앙선침범,건조,맑음,교차로 - 교차로안,자전거,남,45세,상해없음,이륜,남,28세,경상
2023060100100407,2023년 6월 1일 18시,목요일,인천광역시 서구 가정동,경상사고,0,0,1,0,차대차 - 기타,안전운전불이행,건조,맑음,교차로 - 교차로부근,화물,남,42세,상해없음,승용,남,37세,경상
2023060100100433,2023년 6월 1일 19시,목요일,인천광역시 서구 마전동,중상사고,0,1,0,0,차대차 - 기타,안전운전불이행,건조,맑음,교차로 - 교차로안,승용,여,25세,상해없음,이륜,남,46세,중상
2023060100100455,2023년 6월 1일 20시,목요일,인천광역시 남동구 만수동,중상사고,0,1,0,0,차대차 - 측면충돌,신호위반,건조,맑음,교차로 - 교차로부근,승용,남,48세,기타불명,이륜,여,32세,중상
2023060100100506,2023년 6월 1일 22시,목요일,인천광역시 남동구 논현동,경상사고,0,0,1,0,차대차 - 측면충돌,안전운전불이행,건조,맑음,교차로 - 교차로부근,승합,남,51세,기타불명,이륜,여,21세,경상
2023060200100012,2023년 6월 2일 00시,금요일,인천광역시 미추홀구 용현동,경상사고,0,0,2,0,차대차 - 기타,안전거리미확보,건조,맑음,단일로 - 기타,화물,남,53세,상해없음,승용,남,23세,경상
2023060200100072,2023년 6월 2일 07시,금요일,인천광역시 중구 신흥동3가,경상사고,0,0,1,0,차대차 - 기타,안전운전불이행,건조,맑음,교차로 - 교차로안,승용,남,43세,상해없음,승용,남,59세,경상
2023060200100073,2023년 6월 2일 07시,금요일,인천광역시 남동구 구월동,중상사고,0,1,2,0,차대차 - 추돌,안전운전불이행,건조,맑음,교차로 - 교차로부근,화물,남,57세,상해없음,화물,남,56세,경상
2023060200100113,2023년 6월 2일 08시,금요일,인천광역시 중구 운남동,경상사고,0,0,2,0,차대차 - 측면충돌,신호위반,건조,맑음,단일로 - 지하차도(도로)내,승용,남,60세,상해없음,승용,남,41세,경상
2023060200100114,2023년 6월 2일 08시,금요일,인천광역시 미추홀구 용현동,부상신고사고,0,0,0,1,차대사람 - 횡단중,안전운전불이행,건조,맑음,교차로 - 교차로안,승용,여,45세,상해없음,보행자,여,6세,부상신고
2023060200100115,2023년 6월 2일 08시,금요일,인천광역시 부평구 구산동,경상사고,0,0,1,0,차대차 - 측면충돌,안전거리미확보,건조,맑음,단일로 - 기타,승용,남,67세,상해없음,승용,남,41세,경상
2023060200100177,2023년 6월 2일 10시,금요일,인천광역시 부평구 부평동,경상사고,0,0,1,0,차대차 - 추돌,안전운전불이행,건조,맑음,교차로 - 교차로안,승용,여,57세,상해없음,승용,여,27세,경상
2023060200100178,2023년 6월 2일 10시,금요일,인천광역시 연수구 옥련동,중상사고,0,1,1,0,차대사람 - 횡단중,신호위반,건조,맑음,단일로 - 지하차도(도로)내,승용,남,66세,상해없음,보행자,여,64세,중상
2023060200100179,2023년 6월 2일 10시,금요일,인천광역시 계양구 박촌동,경상사고,0,0,1,0,차대차 - 추돌,안전운전불이행,건조,맑음,단일로 - 기타,승용,남,56세,상해없음,화물,남,52세,경상
2023060200100207,2023년 6월 2일 11시,금요일,인천광역시 서구 마전동,경상사고,0,0,1,0,차대사람 - 기타,안전운전불이행,건조,맑음,단일로 - 기타,승합,남,39세,상해없음,보행자,남,86세,경상
2023060200100237,2023년 6월 2일 12시,금요일,인천광역시 부평구 산곡동,경상사고,0,0,3,0,차대차 - 후진중충돌,안전운전불이행,기타,맑음,주차장 - 주차장,승용,남,71세,상해없음,승용,여,52세,경상
2023060200100271,2023년 6월 2일 13시,금요일,인천광역시 남동구 간석동,경상사고,0,0,1,0,차대차 - 측면충돌,신호위반,건조,맑음,교차로 - 교차로안,이륜,여,57세,상해없음,승용,남,69세,경상
2023060200100272,2023년 6월 2일 13시,금요일,인천광역시 계양구 동양동,경상사고,0,0,1,0,차대사람 - 횡단중,안전운전불이행,건조,맑음,교차로 - 교차로안,승용,여,48세,상해없음,보행자,여,19세,경상
2023060200100310,2023년 6월 2일 14시,금요일,인천광역시 부평구 부평동,경상사고,0,0,1,0,차대차 - 측면충돌,안전운전불이행,건조,맑음,단일로 - 기타,승용,여,30세,상해없음,승용,여,32세,경상
2023060200100311,2023년 6월 2일 14시,금요일,인천광역시 계양구 계산동,경상사고,0,0,1,0,차대차 - 측면충돌,안전운전불이행,건조,맑음,단일로 - 기타,승용,남,49세,상해없음,승용,남,32세,경상
2023060200100358,2023년 6월 2일 15시,금요일,인천광역시 미추홀구 도화동,경상사고,0,0,2,0,차대차 - 추돌,안전운전불이행,건조,맑음,단일로 - 기타,승용,남,28세,상해없음,승용,남,39세,경상
2023060200100407,2023년 6월 2일 16시,금요일,인천광역시 연수구 선학동,경상사고,0,0,2,0,차대차 - 측면충돌,신호위반,건조,맑음,교차로 - 교차로안,승용,남,48세,상해없음,승용,남,40세,경상
2023060200100408,2023년 6월 2일 16시,금요일,인천광역시 남동구 서창동,중상사고,0,1,0,0,차대차 - 측면충돌,안전운전불이행,건조,맑음,단일로 - 지하차도(도로)내,승용,여,65세,기타불명,자전거,여,11세,중상
2023060200100470,2023년 6월 2일 17시,금요일,인천광역시 부평구 부개동,부상신고사고,0,0,0,1,차대차 - 기타,불법유턴,건조,맑음,교차로 - 교차로부근,자전거,남,44세,부상신고,승용,남,61세,상해없음
2023060200100523,2023년 6월 2일 18시,금요일,인천광역시 서구 원당동,경상사고,0,0,1,0,차대차 - 측면충돌,안전거리미확보,건조,맑음,단일로 - 기타,승용,남,30세,상해없음,승용,남,63세,경상
2023060200100524,2023년 6월 2일 18시,금요일,인천광역시 연수구 동춘동,중상사고,0,1,0,0,차대차 - 추돌,안전거리미확보,건조,맑음,교차로 - 교차로부근,승용,남,36세,상해없음,이륜,남,47세,중상
2023060200100555,2023년 6월 2일 19시,금요일,인천광역시 남동구 남촌동,경상사고,0,0,2,0,차대차 - 추돌,안전운전불이행,건조,맑음,교차로 - 교차로부근,승용,남,28세,상해없음,승용,여,32세,경상
2023060200100591,2023년 6월 2일 20시,금요일,인천광역시 서구 왕길동,경상사고,0,0,1,0,차대차 - 추돌,안전운전불이행,건조,맑음,교차로 - 교차로부근,승용,남,68세,상해없음,승용,남,47세,경상
2023060200100617,2023년 6월 2일 21시,금요일,인천광역시 미추홀구 용현동,중상사고,0,1,0,0,차대차 - 기타,교차로운행방법위반,건조,맑음,교차로 - 교차로부근,승용,남,61세,상해없음,이륜,남,33세,중상
2023060200100618,2023년 6월 2일 21시,금요일,인천광역시 서구 석남동,경상사고,0,0,1,0,차대차 - 추돌,안전운전불이행,건조,맑음,단일로 - 기타,승용,남,38세,상해없음,승용,남,73세,경상
2023060200100642,2023년 6월 2일 22시,금요일,인천광역시 남동구 남촌동,경상사고,0,0,1,0,차대차 - 추돌,안전운전불이행,건조,맑음,교차로 - 교차로부근,승용,남,39세,상해없음,승합,남,68세,경상
2023060300100022,2023년 6월 3일 02시,토요일,인천광역시 남동구 만수동,중상사고,0,1,0,0,차대차 - 측면충돌,안전운전불이행,건조,맑음,교차로 - 교차로안,승용,남,64세,상해없음,이륜,남,33세,중상
2023060300100044,2023년 6월 3일 05시,토요일,인천광역시 부평구 효성동,경상사고,0,0,1,0,차대차 - 추돌,안전운전불이행,건조,맑음,단일로 - 기타,승용,남,40세,상해없음,화물,남,76세,경상
2023060300100086,2023년 6월 3일 08시,토요일,인천광역시 남동구 구월동,중상사고,0,1,0,0,차대차 - 기타,안전운전불이행,건조,맑음,교차로 - 교차로안,승용,남,66세,상해없음,자전거,남,82세,중상
2023060300100087,2023년 6월 3일 08시,토요일,인천광역시 부평구 갈산동,경상사고,0,0,1,0,차대사람 - 기타,안전운전불이행,기타,기타,기타 - 기타,화물,남,47세,상해없음,보행자,남,39세,경상
2023060300100114,2023년 6월 3일 09시,토요일,인천광역시 서구 청라동,경상사고,0,0,1,0,차대차 - 기타,신호위반,건조,맑음,교차로 - 교차로안,승용,남,60세,상해없음,자전거,여,11세,경상
2023060300100175,2023년 6월 3일 11시,토요일,인천광역시 부평구 부평동,경상사고,0,0,2,0,차대차 - 추돌,안전운전불이행,건조,맑음,교차로 - 교차로부근,승용,남,48세,상해없음,승용,여,31세,경상
2023060300100268,2023년 6월 3일 13시,토요일,인천광역시 옹진군 영흥면,경상사고,0,0,2,0,차대차 - 추돌,교차로운행방법위반,건조,맑음,교차로 - 교차로안,승용,남,46세,상해없음,승용,여,29세,경상
2023060300100269,2023년 6월 3일 13시,토요일,인천광역시 부평구 청천동,경상사고,0,0,1,0,차대차 - 기타,안전운전불이행,건조,맑음,단일로 - 기타,화물,남,66세,상해없음,승합,남,57세,상해없음
2023060300100297,2023년 6월 3일 14시,토요일,인천광역시 미추홀구 주안동,경상사고,0,0,3,0,차대차 - 추돌,안전운전불이행,건조,맑음,기타 - 기타,화물,남,52세,상해없음,승용,남,47세,경상
2023060300100347,2023년 6월 3일 15시,토요일,인천광역시 남동구 구월동,경상사고,0,0,1,0,차대차 - 추돌,안전운전불이행,건조,맑음,교차로 - 교차로부근,승용,남,28세,상해없음,승용,남,36세,경상
2023060300100371,2023년 6월 3일 16시,토요일,인천광역시 남동구 구월동,경상사고,0,0,1,0,차대차 - 후진중충돌,안전운전불이행,건조,맑음,단일로 - 기타,승용,여,58세,상해없음,승용,남,40세,경상
2023060300100372,2023년 6월 3일 16시,토요일,인천광역시 서구 가좌동,경상사고,0,0,2,0,차대차 - 측면충돌,안전거리미확보,건조,맑음,교차로 - 교차로부근,화물,남,68세,상해없음,승용,남,32세,경상
2023060300100505,2023년 6월 3일 20시,토요일,인천광역시 부평구 부평동,경상사고,0,0,1,0,차대차 - 측면충돌,신호위반,건조,맑음,교차로 - 교차로부근,이륜,남,28세,상해없음,자전거,남,34세,경상
2023060300100506,2023년 6월 3일 20시,토요일,인천광역시 부평구 서운동,경상사고,0,0,1,0,차대차 - 측면충돌,안전운전불이행,건조,맑음,단일로 - 기타,승용,남,64세,상해없음,승용,여,60세,경상
2023060300100529,2023년 6월 3일 21시,토요일,인천광역시 미추홀구 용현동,경상사고,0,0,1,0,차대차 - 후진중충돌,안전운전불이행,건조,맑음,단일로 - 기타,승용,남,63세,상해없음,이륜,남,29세,경상
2023060300100530,2023년 6월 3일 21시,토요일,인천광역시 부평구 부평동,경상사고,0,0,1,0,차대차 - 정면충돌,신호위반,건조,맑음,교차로 - 교차로안,이륜,남,22세,상해없음,이륜,남,34세,경상
2023060300100551,2023년 6월 3일 22시,토요일,인천광역시 미추홀구 숭의동,중상사고,0,1,0,0,차대차 - 측면충돌,기타,건조,맑음,교차로 - 교차로부근,승용,남,64세,상해없음,이륜,남,54세,중상
2023060300100552,2023년 6월 3일 22시,토요일,인천광역시 남동구 간석동,경상사고,0,0,2,0,차대차 - 측면충돌,신호위반,건조,맑음,교차로 - 교차로안,승용,남,66세,상해없음,승용,남,29세,경상
2023060300100570,2023년 6월 3일 23시,토요일,인천광역시 미추홀구 주안동,경상사고,0,0,1,0,차대차 - 측면충돌,안전거리미확보,건조,맑음,교차로 - 교차로안,승용,남,66세,상해없음,승용,남,32세,경상
2023060400100010,2023년 6월 4일 00시,일요일,인천광역시 부평구 부평동,경상사고,0,0,1,0,차대차 - 추돌,안전운전불이행,건조,맑음,단일로 - 기타,승용,남,27세,상해없음,이륜,남,19세,경상
2023060400100016,2023년 6월 4일 01시,일요일,인천광역시 부평구 부평동,경상사고,0,0,1,0,차대사람 - 기타,안전운전불이행,건조,맑음,교차로 - 교차로부근,승용,남,63세,상해없음,보행자,남,29세,경상
2023060400100041,2023년 6월 4일 04시,일요일,인천광역시 미추홀구 학익동,경상사고,0,0,1,0,차대차 - 측면충돌,신호위반,건조,맑음,교차로 - 교차로부근,승용,남,65세,상해없음,승용,남,24세,경상
2023060400100047,2023년 6월 4일 05시,일요일,인천광역시 연수구 옥련동,중상사고,0,1,0,0,차대차 - 측면충돌,교차로운행방법위반,건조,맑음,교차로 - 교차로안,화물,남,30세,기타불명,승용,여,54세,중상
2023060400100094,2023년 6월 4일 09시,일요일,인천광역시 연수구 연수동,중상사고,0,1,0,0,차대차 - 측면충돌,안전거리미확보,건조,맑음,단일로 - 기타,승용,남,22세,상해없음,화물,남,68세,중상
2023060400100123,2023년 6월 4일 10시,일요일,인천광역시 서구 가좌동,중상사고,0,1,0,0,차대차 - 정면충돌,안전운전불이행,건조,맑음,교차로 - 교차로부근,승용,남,76세,상해없음,승용,남,67세,상해없음
2023060400100174,2023년 6월 4일 12시,일요일,인천광역시 남동구 구월동,경상사고,0,0,2,0,차대차 - 측면충돌,안전거리미확보,건조,맑음,단일로 - 기타,승용,여,64세,상해없음,승용,여,31세,경상
2023060400100281,2023년 6월 4일 15시,일요일,인천광역시 부평구 산곡동,경상사고,0,0,1,0,차대차 - 측면충돌,안전운전불이행,건조,맑음,교차로 - 교차로부근,승용,남,63세,상해없음,승용,남,41세,경상
2023060400100282,2023년 6월 4일 15시,일요일,인천광역시 서구 검암동,경상사고,0,0,1,0,차대차 - 정면충돌,안전운전불이행,젖음/습기,비,단일로 - 기타,자전거,남,20세,상해없음,자전거,남,63세,경상
2023060400100283,2023년 6월 4일 15시,일요일,인천광역시 강화군 길상면,경상사고,0,0,2,0,차대차 - 측면충돌,교차로운행방법위반,건조,맑음,교차로 - 교차로횡단보도내,승용,남,52세,상해없음,승용,여,57세,경상
2023060400100326,2023년 6월 4일 16시,일요일,인천광역시 미추홀구 도화동,중상사고,0,1,2,0,차대차 - 추돌,안전운전불이행,건조,맑음,단일로 - 기타,승용,여,40세,상해없음,승용,남,69세,경상
2023060400100359,2023년 6월 4일 17시,일요일,인천광역시 부평구 삼산동,경상사고,0,0,1,0,차대사람 - 횡단중,안전운전불이행,건조,맑음,단일로 - 기타,이륜,남,25세,상해없음,보행자,남,8세,경상
2023060400100381,2023년 6월 4일 18시,일요일,인천광역시 미추홀구 도화동,중상사고,0,1,0,0,차대차 - 측면충돌,안전운전불이행,건조,맑음,단일로 - 기타,승용,남,27세,상해없음,승용,여,57세,중상
2023060400100425,2023년 6월 4일 20시,일요일,인천광역시 남동구 논현동,경상사고,0,0,1,0,차대차 - 후진중충돌,안전운전불이행,건조,맑음,교차로 - 교차로부근,승용,남,22세,상해없음,이륜,남,47세,경상
2023060500100010,2023년 6월 5일 00시,월요일,인천광역시 미추홀구 도화동,경상사고,0,0,1,0,차대차 - 추돌,안전운전불이행,건조,맑음,교차로 - 교차로부근,승용,남,51세,상해없음,승용,남,33세,경상
2023060500100017,2023년 6월 5일 01시,월요일,인천광역시 연수구 송도동,중상사고,0,1,0,0,차대차 - 측면충돌,신호위반,건조,맑음,교차로 - 교차로안,승용,남,37세,상해없음,이륜,남,39세,중상
2023060500100046,2023년 6월 5일 06시,월요일,인천광역시 서구 석남동,경상사고,0,0,1,0,차대차 - 기타,안전운전불이행,건조,맑음,기타 - 기타,건설기계,남,46세,상해없음,승용,남,34세,상해없음
2023060500100047,2023년 6월 5일 06시,월요일,인천광역시 계양구 용종동,경상사고,0,0,1,0,차대차 - 추돌,안전운전불이행,건조,맑음,단일로 - 교량,기타불명,기타불명,미분류,기타불명,승용,남,30세,경상
2023060500100119,2023년 6월 5일 09시,월요일,인천광역시 미추홀구 도화동,경상사고,0,0,1,0,차대차 - 측면충돌,안전운전불이행,건조,맑음,교차로 - 교차로안,승용,남,59세,상해없음,승용,남,28세,경상
2023060500100120,2023년 6월 5일 09시,월요일,인천광역시 계양구 효성동,경상사고,0,0,1,0,차대차 - 추돌,안전운전불이행,건조,맑음,교차로 - 교차로부근,승용,남,39세,기타불명,건설기계,남,32세,경상
2023060500100194,2023년 6월 5일 11시,월요일,인천광역시 연수구 옥련동,중상사고,0,1,0,0,차대차 - 측면충돌,교차로운행방법위반,건조,맑음,교차로 - 교차로부근,특수,남,56세,상해없음,승용,남,34세,중상
2023060500100229,2023년 6월 5일 12시,월요일,인천광역시 서구 신현동,경상사고,0,0,2,0,차대차 - 측면충돌,안전운전불이행,건조,맑음,단일로 - 기타,이륜,남,22세,경상,승용,여,36세,상해없음
2023060500100230,2023년 6월 5일 12시,월요일,인천광역시 연수구 동춘동,중상사고,0,1,1,0,차대차 - 추돌,안전운전불이행,건조,맑음,단일로 - 지하차도(도로)내,특수,남,60세,상해없음,승용,여,32세,중상
2023060500100263,2023년 6월 5일 13시,월요일,인천광역시 미추홀구 주안동,경상사고,0,0,2,0,차대차 - 추돌,안전거리미확보,건조,맑음,단일로 - 기타,이륜,남,40세,상해없음,승용,남,23세,경상
2023060500100303,2023년 6월 5일 14시,월요일,인천광역시 미추홀구 용현동,경상사고,0,0,1,0,차대사람 - 보도통행중,안전운전불이행,건조,맑음,교차로 - 교차로부근,자전거,남,84세,상해없음,보행자,여,79세,경상
2023060500100352,2023년 6월 5일 15시,월요일,인천광역시 남동구 장수동,경상사고,0,0,1,0,차대사람 - 길가장자리구역통행중,안전운전불이행,건조,맑음,단일로 - 기타,승용,남,63세,상해없음,보행자,여,85세,경상
2023060500100353,2023년 6월 5일 15시,월요일,인천광역시 남동구 서창동,중상사고,0,2,0,0,차대사람 - 횡단중,보행자보호의무위반,건조,맑음,단일로 - 기타,이륜,남,44세,상해없음,보행자,남,9세,중상
2023060500100387,2023년 6월 5일 16시,월요일,인천광역시 부평구 산곡동,경상사고,0,0,2,0,차대차 - 추돌,안전운전불이행,건조,맑음,단일로 - 기타,화물,남,59세,기타불명,승용,여,43세,경상
2023060500100388,2023년 6월 5일 16시,월요일,인천광역시 남동구 간석동,경상사고,0,0,1,0,차대차 - 추돌,안전운전불이행,건조,맑음,교차로 - 교차로부근,승용,남,54세,상해없음,승용,남,42세,경상
2023060500100433,2023년 6월 5일 17시,월요일,인천광역시 미추홀구 주안동,경상사고,0,0,1,0,차대사람 - 보도통행중,기타,건조,맑음,단일로 - 기타,개인형이동수단(PM),남,18세,기타불명,보행자,남,46세,경상
2023060500100483,2023년 6월 5일 18시,월요일,인천광역시 중구 운서동,중상사고,0,1,0,0,차대차 - 측면충돌,신호위반,건조,맑음,교차로 - 교차로부근,화물,남,61세,상해없음,화물,남,64세,중상
2023060500100484,2023년 6월 5일 18시,월요일,인천광역시 중구 운남동,경상사고,0,0,3,0,차대차 - 정면충돌,중앙선침범,건조,맑음,교차로 - 교차로안,승용,여,31세,경상,승용,여,30세,경상
2023060500100485,2023년 6월 5일 18시,월요일,인천광역시 남동구 만수동,부상신고사고,0,0,0,1,차대차 - 기타,안전운전불이행,건조,맑음,단일로 - 기타,승용,남,60세,상해없음,이륜,남,28세,부상신고
2023060500100486,2023년 6월 5일 18시,월요일,인천광역시 계양구 계산동,경상사고,0,0,1,0,차대차 - 추돌,안전운전불이행,건조,맑음,단일로 - 기타,이륜,남,40세,기타불명,승용,남,45세,경상
2023060500100487,2023년 6월 5일 18시,월요일,인천광역시 부평구 삼산동,중상사고,0,1,2,0,차대차 - 측면충돌,안전운전불이행,건조,맑음,단일로 - 기타,승용,남,50세,상해없음,승용,남,62세,중상
2023060500100522,2023년 6월 5일 19시,월요일,인천광역시 서구 금곡동,경상사고,0,0,1,0,차대차 - 측면충돌,안전운전불이행,건조,맑음,기타 - 기타,승용,남,68세,상해없음,승용,남,38세,경상
2023060500100550,2023년 6월 5일 20시,월요일,인천광역시 남동구 만수동,부상신고사고,0,0,0,1,차대사람 - 횡단중,보행자보호의무위반,건조,맑음,교차로 - 교차로안,승용,남,60세,상해없음,보행자,남,39세,부상신고
2023060500100551,2023년 6월 5일 20시,월요일,인천광역시 서구 당하동,중상사고,0,1,0,0,차대차 - 측면충돌,안전거리미확보,건조,맑음,교차로 - 교차로부근,승용,남,58세,상해없음,이륜,남,18세,중상
2023060500100552,2023년 6월 5일 20시,월요일,인천광역시 계양구 계산동,경상사고,0,0,1,0,차대차 - 기타,안전운전불이행,건조,맑음,기타 - 기타,승용,남,32세,상해없음,승용,남,24세,기타불명
2023060500100575,2023년 6월 5일 21시,월요일,인천광역시 중구 중산동,경상사고,0,0,1,0,차대차 - 추돌,안전운전불이행,건조,맑음,단일로 - 지하차도(도로)내,승용,남,51세,상해없음,승용,여,60세,경상
2023060500100577,2023년 6월 5일 21시,월요일,인천광역시 미추홀구 주안동,경상사고,0,0,1,0,차대차 - 측면충돌,안전운전불이행,건조,맑음,단일로 - 기타,화물,남,47세,상해없음,이륜,남,27세,경상
2023060500100578,2023년 6월 5일 21시,월요일,인천광역시 남동구 구월동,경상사고,0,0,2,0,차대차 - 측면충돌,교차로운행방법위반,건조,맑음,교차로 - 교차로안,승용,남,45세,경상,승용,여,23세,경상
2023060500100631,2023년 6월 5일 23시,월요일,인천광역시 부평구 부평동,경상사고,0,0,1,0,차대차 - 측면충돌,안전운전불이행,건조,맑음,교차로 - 교차로부근,승용,남,52세,상해없음,승용,남,41세,경상