사고번호,사고일시,요일,시군구,사고내용,사망자수,중상자수,경상자수,부상신고자수,사고유형,법규위반,노면상태,기상상태,도로형태,가해운전자 차종,가해운전자 성별,가해운전자 연령,가해운전자 상해정도,피해운전자 차종,피해운전자 성별,피해운전자 연령,피해운전자 상해정도
2023061100100262,2023년 6월 11일 15시,일요일,인천광역시 강화군 화도면,중상사고,0,2,0,0,차대차 - 추돌,안전거리미확보,건조,맑음,단일로 - 지하차도(도로)내,승용,여,53세,상해없음,승용,남,77세,중상
2023061100100263,2023년 6월 11일 15시,일요일,인천광역시 남동구 남촌동,경상사고,0,0,2,0,차대차 - 측면충돌,안전운전불이행,건조,맑음,교차로 - 교차로부근,승용,남,47세,상해없음,승용,남,33세,경상
2023061100100285,2023년 6월 11일 16시,일요일,인천광역시 남동구 구월동,부상신고사고,0,0,0,1,차대사람 - 차도통행중,안전운전불이행,건조,맑음,단일로 - 기타,기타불명,기타불명,미분류,기타불명,보행자,남,56세,부상신고
2023061100100286,2023년 6월 11일 16시,일요일,인천광역시 계양구 둑실동,중상사고,0,1,3,0,차대차 - 측면충돌,직진우회전진행방해,건조,맑음,교차로 - 교차로부근,승용,여,31세,경상,자전거,남,45세,중상
2023061100100341,2023년 6월 11일 18시,일요일,인천광역시 중구 운서동,경상사고,0,0,2,0,차대차 - 추돌,안전운전불이행,건조,맑음,교차로 - 교차로부근,승용,남,63세,상해없음,승용,여,52세,경상
2023061100100361,2023년 6월 11일 19시,일요일,인천광역시 남동구 구월동,경상사고,0,0,1,0,차대차 - 후진중충돌,안전운전불이행,건조,맑음,주차장 - 주차장,승합,남,41세,상해없음,원동기,남,32세,경상
2023061100100362,2023년 6월 11일 19시,일요일,인천광역시 연수구 청학동,부상신고사고,0,0,0,1,차대차 - 측면충돌,안전운전불이행,건조,맑음,단일로 - 지하차도(도로)내,승용,남,34세,상해없음,개인형이동수단(PM),남,49세,부상신고
2023061100100390,2023년 6월 11일 20시,일요일,인천광역시 연수구 옥련동,경상사고,0,0,1,0,차대차 - 측면충돌,안전운전불이행,건조,맑음,교차로 - 교차로부근,승용,여,32세,상해없음,승용,남,40세,경상
2023061100100421,2023년 6월 11일 22시,일요일,인천광역시 부평구 청천동,중상사고,0,1,0,0,차대차 - 측면충돌,신호위반,건조,맑음,교차로 - 교차로안,이륜,남,24세,기타불명,화물,남,67세,중상
2023061100100430,2023년 6월 11일 23시,일요일,인천광역시 남동구 만수동,경상사고,0,0,2,0,차대차 - 측면충돌,신호위반,건조,맑음,교차로 - 교차로안,승용,남,45세,상해없음,이륜,남,25세,경상
2023061200100017,2023년 6월 12일 03시,월요일,인천광역시 중구 을왕동,경상사고,0,0,1,0,차대사람 - 기타,안전운전불이행,건조,맑음,단일로 - 기타,승용,남,47세,상해없음,보행자,여,68세,경상
2023061200100021,2023년 6월 12일 04시,월요일,인천광역시 부평구 부평동,중상사고,0,1,0,0,차대사람 - 기타,안전운전불이행,건조,맑음,단일로 - 기타,승합,남,58세,상해없음,보행자,남,83세,중상
2023061200100022,2023년 6월 12일 04시,월요일,인천광역시 연수구 선학동,경상사고,0,0,1,0,차대차 - 추돌,안전운전불이행,건조,맑음,단일로 - 기타,승용,남,63세,기타불명,승용,남,68세,상해없음
2023061200100035,2023년 6월 12일 05시,월요일,인천광역시 중구 신흥동2가,경상사고,0,0,1,0,차대차 - 추돌,안전운전불이행,기타,맑음,기타 - 기타,화물,남,66세,기타불명,승용,여,53세,경상
2023061200100036,2023년 6월 12일 05시,월요일,인천광역시 서구 오류동,경상사고,0,0,2,0,차대차 - 기타,기타,건조,맑음,교차로 - 교차로부근,승용,남,31세,상해없음,승용,남,76세,경상
2023061200100164,2023년 6월 12일 09시,월요일,인천광역시 연수구 동춘동,경상사고,0,0,1,0,차대사람 - 차도통행중,안전운전불이행,건조,맑음,단일로 - 기타,승용,여,61세,상해없음,보행자,여,65세,경상
2023061200100165,2023년 6월 12일 09시,월요일,인천광역시 계양구 노오지동,경상사고,0,0,1,0,차대차 - 기타,안전운전불이행,건조,맑음,단일로 - 기타,기타불명,기타불명,미분류,기타불명,화물,남,62세,경상
2023061200100219,2023년 6월 12일 11시,월요일,인천광역시 미추홀구 학익동,경상사고,0,0,1,0,차대차 - 측면충돌,안전거리미확보,건조,맑음,교차로 - 교차로안,승용,남,68세,상해없음,승합,남,61세,경상
2023061200100221,2023년 6월 12일 11시,월요일,인천광역시 서구 왕길동,경상사고,0,0,2,0,차대차 - 추돌,안전운전불이행,건조,맑음,교차로 - 교차로부근,화물,남,55세,상해없음,승용,남,22세,경상
2023061200100258,2023년 6월 12일 12시,월요일,인천광역시 서구 청라동,경상사고,0,0,1,0,차대차 - 기타,신호위반,건조,맑음,교차로 - 교차로안,이륜,남,30세,상해없음,자전거,여,33세,경상
2023061200100286,2023년 6월 12일 13시,월요일,인천광역시 남동구 구월동,경상사고,0,0,1,0,차대차 - 기타,교차로운행방법위반,건조,맑음,교차로 - 교차로부근,승용,남,27세,상해없음,승합,남,58세,상해없음
2023061200100319,2023년 6월 12일 14시,월요일,인천광역시 미추홀구 학익동,경상사고,0,0,2,0,차대차 - 측면충돌,안전운전불이행,건조,맑음,교차로 - 교차로부근,건설기계,남,68세,상해없음,승용,남,43세,경상
2023061200100320,2023년 6월 12일 14시,월요일,인천광역시 서구 가좌동,중상사고,0,1,0,0,차대차 - 측면충돌,신호위반,건조,맑음,교차로 - 교차로안,승용,여,40세,상해없음,이륜,남,26세,중상
2023061200100356,2023년 6월 12일 15시,월요일,인천광역시 미추홀구 용현동,경상사고,0,0,1,0,차대차 - 측면충돌,안전거리미확보,건조,맑음,교차로 - 교차로안,승용,남,27세,상해없음,승용,여,70세,경상
2023061200100357,2023년 6월 12일 15시,월요일,인천광역시 미추홀구 주안동,경상사고,0,0,1,0,차대차 - 측면충돌,안전운전불이행,건조,맑음,단일로 - 기타,이륜,남,33세,상해없음,이륜,남,39세,경상
2023061200100487,2023년 6월 12일 18시,월요일,인천광역시 중구 운서동,중상사고,0,4,0,0,차대차 - 추돌,안전운전불이행,건조,맑음,단일로 - 기타,승용,남,77세,중상,승용,남,84세,중상
2023061200100488,2023년 6월 12일 18시,월요일,인천광역시 서구 검암동,경상사고,0,0,1,0,차대차 - 측면충돌,신호위반,건조,흐림,단일로 - 기타,승용,여,40세,상해없음,승용,남,64세,경상
2023061200100554,2023년 6월 12일 20시,월요일,인천광역시 남동구 간석동,경상사고,0,0,3,0,차대차 - 추돌,안전운전불이행,건조,맑음,단일로 - 지하차도(도로)내,화물,남,49세,상해없음,승용,남,25세,경상
2023061200100595,2023년 6월 12일 22시,월요일,인천광역시 중구 유동,부상신고사고,0,0,0,2,차대사람 - 횡단중,보행자보호의무위반,건조,맑음,교차로 - 교차로부근,승합,남,47세,상해없음,보행자,여,54세,부상신고
2023061200100596,2023년 6월 12일 22시,월요일,인천광역시 부평구 부평동,경상사고,0,0,1,0,차대차 - 측면충돌,중앙선침범,건조,흐림,교차로 - 교차로부근,승용,여,39세,상해없음,승용,여,38세,경상
2023061300100019,2023년 6월 13일 01시,화요일,인천광역시 남동구 서창동,경상사고,0,0,1,0,차대차 - 추돌,안전거리미확보,건조,맑음,단일로 - 기타,승용,남,40세,상해없음,화물,남,39세,경상
2023061300100064,2023년 6월 13일 07시,화요일,인천광역시 부평구 갈산동,경상사고,0,0,1,0,차대차 - 추돌,안전운전불이행,건조,맑음,단일로 - 고가도로위,화물,남,54세,상해없음,승용,남,24세,경상
2023061300100107,2023년 6월 13일 08시,화요일,인천광역시 중구 운남동,경상사고,0,0,1,0,차대차 - 측면충돌,안전운전불이행,건조,맑음,단일로 - 지하차도(도로)내,건설기계,남,70세,상해없음,승용,여,47세,경상
2023061300100108,2023년 6월 13일 08시,화요일,인천광역시 서구 청라동,경상사고,0,0,1,0,차대차 - 측면충돌,안전운전불이행,건조,맑음,단일로 - 지하차도(도로)내,승용,남,65세,상해없음,승용,여,48세,경상
2023061300100151,2023년 6월 13일 09시,화요일,인천광역시 계양구 서운동,경상사고,0,0,1,0,차대차 - 추돌,안전운전불이행,건조,맑음,단일로 - 기타,승용,여,58세,상해없음,화물,남,38세,경상
2023061300100152,2023년 6월 13일 09시,화요일,인천광역시 계양구 방축동,경상사고,0,0,1,0,차대차 - 후진중충돌,안전운전불이행,건조,맑음,단일로 - 기타,화물,남,54세,상해없음,승용,남,29세,경상
2023061300100211,2023년 6월 13일 11시,화요일,인천광역시 중구 중산동,경상사고,0,0,1,0,차대사람 - 기타,안전운전불이행,건조,맑음,단일로 - 교량,승용,남,37세,상해없음,보행자,여,38세,경상
2023061300100276,2023년 6월 13일 13시,화요일,인천광역시 동구 송림동,경상사고,0,0,2,0,차대차 - 측면충돌,안전운전불이행,건조,맑음,단일로 - 기타,승용,남,73세,기타불명,승용,여,55세,경상
2023061300100277,2023년 6월 13일 13시,화요일,인천광역시 서구 마전동,중상사고,0,1,0,0,차대사람 - 횡단중,안전운전불이행,건조,맑음,교차로 - 교차로안,승합,남,48세,상해없음,보행자,여,77세,중상
2023061300100306,2023년 6월 13일 14시,화요일,인천광역시 서구 원창동,경상사고,0,0,1,0,차대차 - 측면충돌,안전운전불이행,건조,맑음,단일로 - 기타,승용,남,55세,상해없음,화물,남,63세,경상
2023061300100390,2023년 6월 13일 16시,화요일,인천광역시 부평구 청천동,경상사고,0,0,1,0,차대차 - 측면충돌,안전운전불이행,건조,맑음,단일로 - 기타,승용,남,57세,상해없음,승용,남,39세,경상
2023061300100504,2023년 6월 13일 18시,화요일,인천광역시 계양구 효성동,경상사고,0,0,1,0,차대차 - 추돌,안전운전불이행,건조,맑음,단일로 - 기타,승용,남,57세,상해없음,승용,남,61세,경상
2023061300100505,2023년 6월 13일 18시,화요일,인천광역시 부평구 삼산동,중상사고,0,1,0,0,차대차 - 기타,안전운전불이행,건조,맑음,기타 - 기타,승용,남,66세,상해없음,승용,남,42세,중상
2023061300100539,2023년 6월 13일 19시,화요일,인천광역시 부평구 부개동,중상사고,0,1,1,0,차대차 - 추돌,안전운전불이행,건조,맑음,단일로 - 기타,승용,남,26세,상해없음,승용,남,62세,중상
2023061300100603,2023년 6월 13일 22시,화요일,인천광역시 동구 송림동,경상사고,0,0,1,0,차대사람 - 차도통행중,안전운전불이행,건조,맑음,교차로 - 교차로부근,승용,남,48세,상해없음,보행자,남,51세,경상
2023061300100604,2023년 6월 13일 22시,화요일,인천광역시 서구 가정동,경상사고,0,0,1,0,차대차 - 측면충돌,안전운전불이행,건조,맑음,단일로 - 기타,승용,남,56세,상해없음,승용,남,62세,경상
2023061400100006,2023년 6월 14일 00시,수요일,인천광역시 부평구 산곡동,경상사고,0,0,1,0,차대차 - 추돌,안전운전불이행,건조,맑음,단일로 - 기타,승용,남,52세,상해없음,승용,남,55세,경상
2023061400100007,2023년 6월 14일 00시,수요일,인천광역시 부평구 부평동,경상사고,0,0,2,0,차대차 - 기타,차로위반,건조,맑음,교차로 - 교차로부근,승용,남,32세,상해없음,승합,남,66세,상해없음
2023061400100014,2023년 6월 14일 01시,수요일,인천광역시 미추홀구 용현동,중상사고,0,1,0,0,차대사람 - 차도통행중,안전운전불이행,건조,맑음,단일로 - 기타,이륜,남,20세,상해없음,보행자,남,63세,중상
2023061400100049,2023년 6월 14일 06시,수요일,인천광역시 남동구 운연동,경상사고,0,0,1,0,차대차 - 추돌,안전운전불이행,건조,맑음,단일로 - 기타,승용,남,28세,기타불명,화물,남,66세,경상
2023061400100154,2023년 6월 14일 09시,수요일,인천광역시 서구 가좌동,경상사고,0,0,1,0,차대차 - 기타,신호위반,건조,맑음,교차로 - 교차로부근,승용,여,40세,상해없음,이륜,남,19세,경상
2023061400100155,2023년 6월 14일 09시,수요일,인천광역시 연수구 옥련동,경상사고,0,0,1,0,차대차 - 측면충돌,안전운전불이행,건조,맑음,교차로 - 교차로안,승용,여,54세,상해없음,승용,여,59세,경상
2023061400100185,2023년 6월 14일 10시,수요일,인천광역시 계양구 작전동,중상사고,0,1,0,0,차대사람 - 기타,안전운전불이행,건조,맑음,단일로 - 기타,승합,남,63세,상해없음,보행자,여,62세,중상
2023061400100186,2023년 6월 14일 10시,수요일,인천광역시 남동구 고잔동,부상신고사고,0,0,0,2,차대차 - 추돌,안전운전불이행,건조,맑음,단일로 - 기타,특수,남,35세,상해없음,승용,여,31세,부상신고
2023061400100226,2023년 6월 14일 11시,수요일,인천광역시 연수구 송도동,사망사고,1,0,0,0,차대사람 - 횡단중,신호위반,건조,맑음,단일로 - 지하차도(도로)내,승용,여,62세,상해없음,보행자,남,75세,사망
2023061400100263,2023년 6월 14일 12시,수요일,인천광역시 미추홀구 도화동,경상사고,0,0,1,0,차대차 - 추돌,안전운전불이행,건조,맑음,단일로 - 기타,승용,남,52세,상해없음,승용,여,45세,경상
2023061400100264,2023년 6월 14일 12시,수요일,인천광역시 부평구 부개동,경상사고,0,0,1,0,차대차 - 측면충돌,교차로운행방법위반,건조,맑음,교차로 - 교차로안,이륜,남,26세,상해없음,승용,남,60세,경상
2023061400100318,2023년 6월 14일 14시,수요일,인천광역시 서구 금곡동,중상사고,0,1,1,0,차대차 - 추돌,안전운전불이행,건조,맑음,기타 - 기타,승용,남,42세,상해없음,승용,남,54세,중상
2023061400100319,2023년 6월 14일 14시,수요일,인천광역시 남동구 서창동,경상사고,0,0,1,0,차대차 - 기타,안전운전불이행,건조,맑음,교차로 - 교차로안,화물,남,38세,상해없음,이륜,남,30세,경상
2023061400100442,2023년 6월 14일 17시,수요일,인천광역시 부평구 청천동,경상사고,0,0,1,0,차대차 - 추돌,안전운전불이행,건조,맑음,단일로 - 기타,화물,남,30세,기타불명,승용,남,36세,경상
2023061400100443,2023년 6월 14일 17시,수요일,인천광역시 서구 청라동,경상사고,0,0,1,0,차대차 - 측면충돌,신호위반,건조,맑음,단일로 - 기타,화물,남,61세,상해없음,승용,남,39세,경상
2023061400100494,2023년 6월 14일 18시,수요일,인천광역시 서구 경서동,경상사고,0,0,1,0,차대차 - 측면충돌,안전거리미확보,건조,맑음,단일로 - 기타,승용,남,53세,상해없음,승용,남,35세,경상
2023061400100557,2023년 6월 14일 20시,수요일,인천광역시 서구 당하동,경상사고,0,0,1,0,차대차 - 추돌,안전운전불이행,건조,맑음,단일로 - 기타,자전거,남,14세,경상,승용,남,64세,상해없음
2023061400100578,2023년 6월 14일 21시,수요일,인천광역시 미추홀구 학익동,경상사고,0,0,2,0,차대차 - 측면충돌,신호위반,건조,맑음,교차로 - 교차로안,승용,남,26세,상해없음,승용,남,44세,경상
2023061500100019,2023년 6월 15일 01시,목요일,인천광역시 남동구 남촌동,경상사고,0,0,2,0,차대차 - 추돌,차로위반,건조,맑음,단일로 - 교량,승용,남,30세,경상,승용,남,40세,상해없음
2023061500100035,2023년 6월 15일 03시,목요일,인천광역시 남동구 구월동,경상사고,0,0,1,0,차대차 - 측면충돌,신호위반,건조,맑음,교차로 - 교차로안,승용,남,50세,상해없음,승용,남,79세,경상
2023061500100036,2023년 6월 15일 03시,목요일,인천광역시 부평구 부개동,경상사고,0,0,1,0,차대차 - 측면충돌,차로위반,건조,맑음,교차로 - 교차로부근,승용,남,37세,상해없음,승용,남,46세,경상
2023061500100039,2023년 6월 15일 04시,목요일,인천광역시 남동구 구월동,경상사고,0,0,1,0,차대차 - 측면충돌,안전운전불이행,건조,맑음,교차로 - 교차로부근,기타불명,기타불명,미분류,기타불명,화물,남,57세,경상
2023061500100040,2023년 6월 15일 04시,목요일,인천광역시 서구 석남동,경상사고,0,0,2,0,차대차 - 추돌,안전운전불이행,건조,맑음,기타 - 기타,승용,남,29세,상해없음,승용,남,50세,경상
2023061500100054,2023년 6월 15일 06시,목요일,인천광역시 부평구 청천동,경상사고,0,0,1,0,차대차 - 측면충돌,안전운전불이행,건조,맑음,교차로 - 교차로안,화물,여,46세,상해없음,건설기계,남,49세,경상
2023061500100055,2023년 6월 15일 06시,목요일,인천광역시 계양구 장기동,경상사고,0,0,1,0,차대차 - 기타,안전운전불이행,건조,맑음,단일로 - 기타,화물,남,29세,상해없음,승용,남,55세,경상
2023061500100139,2023년 6월 15일 08시,목요일,인천광역시 연수구 송도동,경상사고,0,0,1,0,차대차 - 측면충돌,안전운전불이행,건조,맑음,교차로 - 교차로안,승용,남,26세,상해없음,승용,남,40세,경상
2023061500100140,2023년 6월 15일 08시,목요일,인천광역시 남동구 만수동,경상사고,0,0,1,0,차대차 - 측면충돌,신호위반,건조,맑음,교차로 - 교차로부근,승용,여,49세,상해없음,개인형이동수단(PM),여,45세,경상
2023061500100200,2023년 6월 15일 10시,목요일,인천광역시 미추홀구 문학동,부상신고사고,0,0,0,1,차대사람 - 기타,신호위반,건조,맑음,교차로 - 교차로횡단보도내,자전거,남,77세,상해없음,보행자,여,72세,부상신고
2023061500100229,2023년 6월 15일 11시,목요일,인천광역시 중구 유동,경상사고,0,0,2,0,차대차 - 측면충돌,신호위반,건조,맑음,단일로 - 기타,이륜,남,41세,경상,화물,남,57세,경상
2023061500100264,2023년 6월 15일 12시,목요일,인천광역시 미추홀구 숭의동,경상사고,0,0,1,0,차대차 - 정면충돌,신호위반,건조,맑음,교차로 - 교차로안,승용,남,60세,상해없음,승용,남,73세,경상
2023061500100265,2023년 6월 15일 12시,목요일,인천광역시 서구 원창동,경상사고,0,0,1,0,차대차 - 기타,신호위반,건조,맑음,교차로 - 교차로안,승용,남,23세,상해없음,이륜,남,51세,경상
2023061500100338,2023년 6월 15일 14시,목요일,인천광역시 중구 중산동,경상사고,0,0,1,0,차대차 - 측면충돌,교차로운행방법위반,건조,맑음,교차로 - 교차로부근,승합,남,52세,상해없음,승용,여,27세,경상
2023061500100339,2023년 6월 15일 14시,목요일,인천광역시 서구 오류동,경상사고,0,0,2,0,차대차 - 추돌,안전운전불이행,건조,맑음,교차로 - 교차로부근,건설기계,남,49세,경상,건설기계,남,61세,경상
2023061500100340,2023년 6월 15일 14시,목요일,인천광역시 계양구 작전동,경상사고,0,0,2,0,차대차 - 측면충돌,안전운전불이행,건조,맑음,교차로 - 교차로부근,승용,남,29세,상해없음,승용,남,27세,경상
2023061500100381,2023년 6월 15일 15시,목요일,인천광역시 남동구 구월동,경상사고,0,0,1,0,차대차 - 측면충돌,안전거리미확보,건조,맑음,교차로 - 교차로안,승합,남,52세,기타불명,승합,남,52세,경상
2023061500100422,2023년 6월 15일 16시,목요일,인천광역시 중구 신흥동3가,경상사고,0,0,1,0,차대차 - 측면충돌,안전거리미확보,건조,맑음,단일로 - 기타,화물,남,46세,기타불명,승용,여,49세,경상
2023061500100423,2023년 6월 15일 16시,목요일,인천광역시 중구 중산동,경상사고,0,0,2,0,차대차 - 측면충돌,안전운전불이행,건조,맑음,교차로 - 교차로안,승용,여,34세,상해없음,승용,여,46세,경상
2023061500100424,2023년 6월 15일 16시,목요일,인천광역시 남동구 구월동,경상사고,0,0,1,0,차대차 - 후진중충돌,안전운전불이행,건조,맑음,교차로 - 교차로안,화물,남,72세,상해없음,승용,여,24세,경상
2023061500100425,2023년 6월 15일 16시,목요일,인천광역시 서구 청라동,경상사고,0,0,1,0,차대차 - 정면충돌,안전운전불이행,건조,맑음,단일로 - 기타,개인형이동수단(PM),남,18세,상해없음,자전거,여,58세,경상
2023061500100470,2023년 6월 15일 17시,목요일,인천광역시 서구 경서동,경상사고,0,0,2,0,차대차 - 측면충돌,차로위반,건조,맑음,단일로 - 교량,건설기계,남,41세,상해없음,승용,남,35세,경상
2023061500100471,2023년 6월 15일 17시,목요일,인천광역시 계양구 계산동,경상사고,0,0,1,0,차대차 - 측면충돌,안전운전불이행,건조,맑음,단일로 - 기타,승용,여,55세,상해없음,승용,남,54세,경상
2023061500100508,2023년 6월 15일 18시,목요일,인천광역시 서구 왕길동,중상사고,0,1,0,0,차대사람 - 기타,안전운전불이행,건조,맑음,기타 - 기타,승용,여,46세,상해없음,보행자,남,74세,중상
2023061500100509,2023년 6월 15일 18시,목요일,인천광역시 계양구 박촌동,경상사고,0,0,1,0,차대차 - 정면충돌,안전운전불이행,건조,맑음,단일로 - 기타,승용,남,56세,상해없음,이륜,남,39세,경상
2023061500100601,2023년 6월 15일 21시,목요일,인천광역시 미추홀구 숭의동,경상사고,0,0,2,0,차대차 - 측면충돌,안전거리미확보,건조,맑음,교차로 - 교차로안,승용,여,33세,기타불명,승용,여,42세,경상
2023061500100631,2023년 6월 15일 23시,목요일,인천광역시 미추홀구 주안동,경상사고,0,0,2,0,차대차 - 기타,안전운전불이행,건조,맑음,교차로 - 교차로부근,승용,남,35세,상해없음,승용,남,66세,경상
2023061500100632,2023년 6월 15일 23시,목요일,인천광역시 남동구 구월동,부상신고사고,0,0,0,1,차대차 - 측면충돌,중앙선침범,건조,맑음,단일로 - 기타,개인형이동수단(PM),남,22세,상해없음,이륜,남,37세,부상신고
2023061600100008,2023년 6월 16일 00시,금요일,인천광역시 남동구 남촌동,경상사고,0,0,2,0,차대차 - 측면충돌,신호위반,건조,맑음,교차로 - 교차로안,승용,남,46세,상해없음,승용,여,40세,경상
2023061600100070,2023년 6월 16일 07시,금요일,인천광역시 서구 석남동,경상사고,0,0,1,0,차대차 - 측면충돌,안전운전불이행,건조,맑음,교차로 - 교차로안,승용,남,48세,상해없음,승용,남,26세,경상
2023061600100108,2023년 6월 16일 08시,금요일,인천광역시 서구 청라동,경상사고,0,0,2,0,차대사람 - 횡단중,보행자보호의무위반,건조,맑음,교차로 - 교차로횡단보도내,승용,남,28세,상해없음,보행자,남,11세,경상
2023061600100136,2023년 6월 16일 09시,금요일,인천광역시 서구 공촌동,경상사고,0,0,2,0,차대차 - 추돌,안전거리미확보,건조,맑음,교차로 - 교차로안,건설기계,남,57세,상해없음,승용,여,47세,경상
2023061600100137,2023년 6월 16일 09시,금요일,인천광역시 연수구 옥련동,경상사고,0,0,2,0,차대차 - 측면충돌,안전운전불이행,건조,맑음,교차로 - 교차로안,승용,여,53세,상해없음,승용,남,24세,경상
2023061600100211,2023년 6월 16일 11시,금요일,인천광역시 미추홀구 용현동,경상사고,0,0,1,0,차대차 - 측면충돌,중앙선침범,건조,맑음,단일로 - 기타,승용,남,65세,상해없음,이륜,남,25세,경상
2023061600100212,2023년 6월 16일 11시,금요일,인천광역시 남동구 논현동,경상사고,0,0,1,0,차대차 - 측면충돌,안전운전불이행,건조,맑음,교차로 - 교차로부근,승용,여,60세,기타불명,승용,여,41세,경상
2023061600100292,2023년 6월 16일 13시,금요일,인천광역시 남동구 간석동,경상사고,0,0,1,0,차대사람 - 횡단중,보행자보호의무위반,건조,맑음,교차로 - 교차로부근,승용,남,61세,상해없음,보행자,남,70세,경상
2023061600100293,2023년 6월 16일 13시,금요일,인천광역시 연수구 송도동,경상사고,0,0,1,0,차량단독 - 기타,안전운전불이행,건조,맑음,단일로 - 기타,승합,남,50세,상해없음,,,,
2023061600100294,2023년 6월 16일 13시,금요일,인천광역시 연수구 연수동,경상사고,0,0,1,0,차대차 - 측면충돌,안전운전불이행,건조,맑음,교차로 - 교차로안,승용,여,53세,상해없음,승합,남,53세,경상
2023061600100333,2023년 6월 16일 14시,금요일,인천광역시 남동구 간석동,경상사고,0,0,1,0,차대차 - 측면충돌,직진우회전진행방해,건조,맑음,교차로 - 교차로안,화물,남,55세,상해없음,이륜,남,62세,경상
2023061600100334,2023년 6월 16일 14시,금요일,인천광역시 서구 경서동,경상사고,0,0,1,0,차대차 - 측면충돌,안전운전불이행,건조,맑음,단일로 - 기타,건설기계,남,59세,상해없음,승용,여,31세,경상
2023061600100378,2023년 6월 16일 15시,금요일,인천광역시 부평구 부평동,경상사고,0,0,1,0,차대사람 - 길가장자리구역통행중,안전운전불이행,건조,맑음,단일로 - 기타,승용,여,28세,상해없음,보행자,남,59세,경상
2023061600100425,2023년 6월 16일 16시,금요일,인천광역시 미추홀구 용현동,경상사고,0,0,1,0,차대차 - 측면충돌,안전운전불이행,건조,맑음,교차로 - 교차로안,승용,남,49세,상해없음,화물,남,62세,경상
2023061600100426,2023년 6월 16일 16시,금요일,인천광역시 부평구 십정동,경상사고,0,0,2,0,차대차 - 후진중충돌,안전운전불이행,건조,맑음,교차로 - 교차로부근,승용,여,59세,상해없음,승용,남,38세,경상
2023061600100427,2023년 6월 16일 16시,금요일,인천광역시 남동구 만수동,부상신고사고,0,0,0,1,차대사람 - 횡단중,보행자보호의무위반,건조,맑음,단일로 - 기타,승합,남,58세,상해없음,보행자,남,16세,부상신고
2023061600100428,2023년 6월 16일 16시,금요일,인천광역시 서구 마전동,중상사고,0,1,0,0,차대차 - 측면충돌,안전운전불이행,건조,맑음,교차로 - 교차로안,승용,여,50세,상해없음,이륜,남,25세,중상
2023061600100488,2023년 6월 16일 17시,금요일,인천광역시 중구 전동,중상사고,0,1,0,0,차대사람 - 차도통행중,안전운전불이행,건조,맑음,교차로 - 교차로안,승용,여,68세,상해없음,보행자,남,64세,중상
2023061600100489,2023년 6월 16일 17시,금요일,인천광역시 미추홀구 문학동,경상사고,0,0,1,0,차대차 - 기타,안전운전불이행,건조,맑음,교차로 - 교차로부근,승용,여,50세,상해없음,승용,남,39세,경상
2023061600100490,2023년 6월 16일 17시,금요일,인천광역시 미추홀구 도화동,경상사고,0,0,1,0,차대차 - 측면충돌,안전운전불이행,건조,맑음,단일로 - 기타,승용,남,32세,기타불명,승용,여,26세,경상
2023061600100491,2023년 6월 16일 17시,금요일,인천광역시 부평구 청천동,경상사고,0,0,1,0,차대차 - 기타,차로위반,건조,맑음,교차로 - 교차로부근,승용,여,64세,상해없음,승용,남,24세,경상
2023061600100492,2023년 6월 16일 17시,금요일,인천광역시 남동구 간석동,경상사고,0,0,1,0,차대사람 - 길가장자리구역통행중,안전운전불이행,건조,맑음,단일로 - 기타,승용,남,51세,상해없음,보행자,여,25세,경상
2023061600100493,2023년 6월 16일 17시,금요일,인천광역시 서구 검암동,경상사고,0,0,1,0,차대차 - 측면충돌,안전운전불이행,건조,맑음,교차로 - 교차로부근,승용,남,73세,상해없음,자전거,남,36세,경상
2023061600100494,2023년 6월 16일 17시,금요일,인천광역시 연수구 송도동,경상사고,0,0,1,0,차대차 - 측면충돌,신호위반,건조,맑음,교차로 - 교차로안,승합,남,61세,상해없음,자전거,남,9세,경상
2023061600100495,2023년 6월 16일 17시,금요일,인천광역시 연수구 옥련동,경상사고,0,0,2,0,차대차 - 측면충돌,안전운전불이행,건조,맑음,교차로 - 교차로안,승용,남,33세,경상,승용,남,39세,경상
2023061600100496,2023년 6월 16일 17시,금요일,인천광역시 남동구 고잔동,경상사고,0,0,1,0,차대차 - 측면충돌,안전거리미확보,건조,맑음,단일로 - 고가도로위,화물,남,50세,상해없음,화물,남,54세,경상
2023061600100552,2023년 6월 16일 18시,금요일,인천광역시 부평구 부평동,경상사고,0,0,1,0,차대차 - 정면충돌,안전운전불이행,건조,맑음,교차로 - 교차로안,승용,여,60세,상해없음,이륜,남,33세,경상
2023061600100594,2023년 6월 16일 19시,금요일,인천광역시 서구 오류동,경상사고,0,0,2,0,차대차 - 측면충돌,안전거리미확보,건조,맑음,단일로 - 기타,승용,남,63세,상해없음,승용,남,26세,경상
2023061600100631,2023년 6월 16일 20시,금요일,인천광역시 미추홀구 용현동,경상사고,0,0,1,0,차대차 - 측면충돌,중앙선침범,건조,맑음,단일로 - 기타,승합,남,61세,상해없음,이륜,남,52세,경상
2023061600100675,2023년 6월 16일 22시,금요일,인천광역시 남동구 구월동,경상사고,0,0,1,0,차대차 - 추돌,안전운전불이행,건조,맑음,교차로 - 교차로부근,승용,남,51세,상해없음,이륜,남,40세,경상