사고번호,사고일시,요일,시군구,사고내용,사망자수,중상자수,경상자수,부상신고자수,사고유형,법규위반,노면상태,기상상태,도로형태,가해운전자 차종,가해운전자 성별,가해운전자 연령,가해운전자 상해정도,피해운전자 차종,피해운전자 성별,피해운전자 연령,피해운전자 상해정도
2023062700100302,2023년 6월 27일 14시,화요일,인천광역시 남동구 간석동,경상사고,0,0,1,1,차대차 - 측면충돌,안전운전불이행,건조,맑음,기타 - 기타,화물,남,54세,상해없음,승용,여,40세,경상
2023062700100343,2023년 6월 27일 15시,화요일,인천광역시 남동구 도림동,중상사고,0,1,0,0,차대사람 - 횡단중,신호위반,건조,맑음,교차로 - 교차로횡단보도내,화물,남,59세,상해없음,보행자,여,62세,중상
2023062700100424,2023년 6월 27일 17시,화요일,인천광역시 남동구 간석동,경상사고,0,0,2,0,차대차 - 추돌,안전운전불이행,건조,맑음,단일로 - 기타,승용,남,26세,상해없음,승용,여,43세,경상
2023062700100425,2023년 6월 27일 17시,화요일,인천광역시 남동구 만수동,경상사고,0,0,1,0,차대사람 - 차도통행중,안전운전불이행,건조,맑음,단일로 - 기타,승용,남,52세,상해없음,보행자,남,7세,경상
2023062700100510,2023년 6월 27일 19시,화요일,인천광역시 중구 운서동,중상사고,0,1,0,0,차대차 - 측면충돌,안전운전불이행,건조,맑음,교차로 - 교차로부근,승용,남,62세,상해없음,자전거,남,13세,중상
2023062700100605,2023년 6월 27일 23시,화요일,인천광역시 계양구 작전동,경상사고,0,0,2,0,차대차 - 추돌,안전운전불이행,건조,맑음,교차로 - 교차로부근,승용,남,24세,상해없음,승용,남,34세,경상
2023062800100016,2023년 6월 28일 00시,수요일,인천광역시 남동구 구월동,중상사고,0,1,0,0,차량단독 - 전도전복 - 전도,안전운전불이행,건조,맑음,교차로 - 교차로부근,승용,남,31세,중상,,,,
2023062800100017,2023년 6월 28일 00시,수요일,인천광역시 연수구 연수동,경상사고,0,0,1,0,차대차 - 기타,안전운전불이행,건조,맑음,단일로 - 기타,개인형이동수단(PM),남,19세,경상,승용,남,35세,상해없음
2023062800100029,2023년 6월 28일 02시,수요일,인천광역시 남동구 남촌동,중상사고,0,1,0,0,차대차 - 측면충돌,신호위반,건조,흐림,교차로 - 교차로안,승용,남,59세,상해없음,화물,남,45세,중상
2023062800100146,2023년 6월 28일 09시,수요일,인천광역시 남동구 고잔동,경상사고,0,0,1,0,차대차 - 측면충돌,안전거리미확보,건조,맑음,단일로 - 지하차도(도로)내,승용,남,51세,상해없음,건설기계,남,53세,경상
2023062800100174,2023년 6월 28일 10시,수요일,인천광역시 미추홀구 주안동,경상사고,0,0,2,0,차대차 - 측면충돌,안전운전불이행,건조,맑음,기타 - 기타,승용,여,39세,경상,승용,여,47세,상해없음
2023062800100175,2023년 6월 28일 10시,수요일,인천광역시 서구 가정동,경상사고,0,0,1,0,차대차 - 기타,신호위반,건조,맑음,교차로 - 교차로안,승합,여,55세,상해없음,자전거,여,67세,경상
2023062800100204,2023년 6월 28일 11시,수요일,인천광역시 남동구 구월동,경상사고,0,0,1,0,차대차 - 측면충돌,안전운전불이행,젖음/습기,비,교차로 - 교차로안,승용,여,24세,상해없음,승용,여,41세,경상
2023062800100234,2023년 6월 28일 12시,수요일,인천광역시 서구 검암동,경상사고,0,0,1,0,차대차 - 후진중충돌,안전운전불이행,건조,맑음,기타 - 기타,승용,남,31세,상해없음,승합,남,56세,경상
2023062800100235,2023년 6월 28일 12시,수요일,인천광역시 서구 가정동,경상사고,0,0,2,0,차대차 - 측면충돌,안전운전불이행,건조,맑음,단일로 - 기타,승용,여,62세,상해없음,승용,남,37세,경상
2023062800100236,2023년 6월 28일 12시,수요일,인천광역시 남동구 남촌동,경상사고,0,0,1,0,차대차 - 후진중충돌,안전운전불이행,건조,맑음,단일로 - 지하차도(도로)내,승용,여,46세,상해없음,승용,여,64세,경상
2023062800100290,2023년 6월 28일 14시,수요일,인천광역시 동구 송림동,경상사고,0,0,1,0,차대사람 - 길가장자리구역통행중,안전운전불이행,건조,맑음,단일로 - 기타,승용,남,56세,상해없음,보행자,남,64세,경상
2023062800100370,2023년 6월 28일 16시,수요일,인천광역시 부평구 산곡동,경상사고,0,0,1,0,차대차 - 기타,차로위반,건조,맑음,교차로 - 교차로안,승용,여,32세,상해없음,승용,남,47세,경상
2023062800100371,2023년 6월 28일 16시,수요일,인천광역시 연수구 송도동,중상사고,0,1,0,0,차대차 - 추돌,신호위반,건조,맑음,교차로 - 교차로안,승용,남,42세,상해없음,이륜,남,44세,중상
2023062800100411,2023년 6월 28일 17시,수요일,인천광역시 강화군 강화읍,경상사고,0,0,1,0,차대차 - 측면충돌,안전운전불이행,젖음/습기,비,주차장 - 주차장,승용,여,42세,상해없음,승용,남,27세,상해없음
2023062800100412,2023년 6월 28일 17시,수요일,인천광역시 연수구 송도동,경상사고,0,0,1,0,차대차 - 추돌,안전운전불이행,건조,맑음,교차로 - 교차로부근,이륜,남,29세,경상,승용,여,61세,상해없음
2023062800100489,2023년 6월 28일 19시,수요일,인천광역시 부평구 갈산동,경상사고,0,0,1,0,차대차 - 후진중충돌,안전운전불이행,건조,맑음,교차로 - 교차로부근,승용,남,27세,상해없음,승용,남,24세,경상
2023062800100490,2023년 6월 28일 19시,수요일,인천광역시 서구 연희동,경상사고,0,0,1,0,차량단독 - 기타,안전운전불이행,건조,맑음,교차로 - 교차로안,승합,남,48세,상해없음,,,,
2023062800100522,2023년 6월 28일 20시,수요일,인천광역시 동구 송림동,중상사고,0,1,0,0,차대사람 - 차도통행중,안전운전불이행,건조,맑음,단일로 - 지하차도(도로)내,승용,남,73세,상해없음,보행자,남,58세,중상
2023062800100523,2023년 6월 28일 20시,수요일,인천광역시 중구 운서동,중상사고,0,1,0,0,차대차 - 정면충돌,안전운전불이행,건조,맑음,교차로 - 교차로부근,자전거,남,62세,상해없음,자전거,여,56세,중상
2023062800100550,2023년 6월 28일 21시,수요일,인천광역시 부평구 부평동,경상사고,0,0,1,0,차대차 - 측면충돌,안전운전불이행,건조,맑음,단일로 - 기타,승용,여,50세,상해없음,승용,여,45세,경상
2023062800100586,2023년 6월 28일 23시,수요일,인천광역시 서구 가좌동,중상사고,0,1,2,0,차대차 - 추돌,안전운전불이행,건조,맑음,단일로 - 기타,화물,남,57세,상해없음,승용,남,29세,경상
2023062900100010,2023년 6월 29일 00시,목요일,인천광역시 남동구 남촌동,경상사고,0,0,2,0,차대차 - 측면충돌,신호위반,건조,맑음,교차로 - 교차로안,승용,남,32세,상해없음,승용,남,65세,경상
2023062900100017,2023년 6월 29일 01시,목요일,인천광역시 서구 가정동,경상사고,0,0,1,0,차량단독 - 기타,안전운전불이행,건조,맑음,단일로 - 기타,승용,남,62세,상해없음,,,,
2023062900100023,2023년 6월 29일 02시,목요일,인천광역시 연수구 옥련동,중상사고,0,1,0,0,차대차 - 정면충돌,중앙선침범,건조,맑음,교차로 - 교차로부근,승용,남,28세,상해없음,승용,남,38세,중상
2023062900100038,2023년 6월 29일 05시,목요일,인천광역시 중구 항동7가,경상사고,0,0,1,0,차대사람 - 기타,안전운전불이행,건조,흐림,교차로 - 교차로부근,화물,남,64세,상해없음,보행자,남,44세,경상
2023062900100039,2023년 6월 29일 05시,목요일,인천광역시 미추홀구 도화동,중상사고,0,1,0,0,차대차 - 기타,교차로운행방법위반,건조,맑음,교차로 - 교차로안,승용,남,60세,상해없음,승용,여,56세,중상
2023062900100050,2023년 6월 29일 06시,목요일,인천광역시 남동구 논현동,중상사고,0,1,0,0,차대차 - 측면충돌,기타,젖음/습기,비,교차로 - 교차로횡단보도내,승용,남,57세,상해없음,자전거,남,51세,중상
2023062900100069,2023년 6월 29일 07시,목요일,인천광역시 서구 가정동,경상사고,0,0,1,0,차대차 - 후진중충돌,안전운전불이행,젖음/습기,비,교차로 - 교차로부근,승용,남,59세,상해없음,승용,남,35세,경상
2023062900100070,2023년 6월 29일 07시,목요일,인천광역시 남동구 논현동,경상사고,0,0,1,0,차대차 - 측면충돌,안전운전불이행,젖음/습기,비,단일로 - 기타,승용,남,36세,상해없음,승용,여,40세,경상
2023062900100105,2023년 6월 29일 08시,목요일,인천광역시 중구 신흥동3가,경상사고,0,0,1,0,차대차 - 측면충돌,차로위반,건조,맑음,단일로 - 기타,화물,남,61세,상해없음,화물,남,38세,경상
2023062900100106,2023년 6월 29일 08시,목요일,인천광역시 미추홀구 용현동,경상사고,0,0,1,0,차량단독 - 기타,기타,젖음/습기,비,단일로 - 기타,승합,남,61세,상해없음,,,,
2023062900100107,2023년 6월 29일 08시,목요일,인천광역시 미추홀구 주안동,중상사고,0,1,0,0,차대차 - 측면충돌,안전운전불이행,젖음/습기,비,단일로 - 기타,승용,남,72세,상해없음,자전거,남,54세,중상
2023062900100108,2023년 6월 29일 08시,목요일,인천광역시 부평구 산곡동,경상사고,0,0,1,0,차대차 - 추돌,안전운전불이행,젖음/습기,비,교차로 - 교차로부근,승용,남,27세,상해없음,승용,남,27세,경상
2023062900100109,2023년 6월 29일 08시,목요일,인천광역시 남동구 간석동,경상사고,0,0,3,0,차대차 - 정면충돌,중앙선침범,젖음/습기,비,교차로 - 교차로안,승용,남,61세,상해없음,승용,남,64세,경상
2023062900100110,2023년 6월 29일 08시,목요일,인천광역시 부평구 부평동,중상사고,0,1,0,0,차대사람 - 차도통행중,안전운전불이행,젖음/습기,비,교차로 - 교차로안,승용,남,21세,상해없음,보행자,여,40세,중상
2023062900100202,2023년 6월 29일 11시,목요일,인천광역시 남동구 구월동,경상사고,0,0,1,0,차대사람 - 길가장자리구역통행중,안전운전불이행,젖음/습기,비,단일로 - 기타,승용,남,31세,상해없음,보행자,남,37세,경상
2023062900100203,2023년 6월 29일 11시,목요일,인천광역시 계양구 병방동,경상사고,0,0,1,0,차대차 - 추돌,안전운전불이행,젖음/습기,비,교차로 - 교차로부근,승용,남,37세,상해없음,화물,남,63세,경상
2023062900100243,2023년 6월 29일 12시,목요일,인천광역시 미추홀구 문학동,경상사고,0,0,1,0,차대차 - 추돌,안전운전불이행,건조,맑음,단일로 - 기타,승용,남,56세,상해없음,승용,남,27세,경상
2023062900100287,2023년 6월 29일 13시,목요일,인천광역시 미추홀구 주안동,경상사고,0,0,1,0,차대차 - 측면충돌,직진우회전진행방해,젖음/습기,비,교차로 - 교차로안,승용,남,62세,상해없음,승용,여,43세,경상
2023062900100288,2023년 6월 29일 13시,목요일,인천광역시 계양구 계산동,경상사고,0,0,2,0,차대차 - 측면충돌,직진우회전진행방해,젖음/습기,비,교차로 - 교차로부근,승용,여,55세,경상,승합,여,57세,경상
2023062900100322,2023년 6월 29일 14시,목요일,인천광역시 서구 신현동,경상사고,0,0,1,0,차대차 - 측면충돌,신호위반,건조,맑음,교차로 - 교차로안,승용,남,63세,상해없음,승용,남,53세,경상
2023062900100349,2023년 6월 29일 15시,목요일,인천광역시 계양구 계산동,중상사고,0,1,0,0,차대차 - 측면충돌,안전운전불이행,젖음/습기,비,단일로 - 기타,승용,남,66세,상해없음,승용,남,60세,중상
2023062900100390,2023년 6월 29일 16시,목요일,인천광역시 미추홀구 숭의동,경상사고,0,0,2,0,차대차 - 측면충돌,직진우회전진행방해,건조,맑음,교차로 - 교차로안,승용,남,54세,상해없음,화물,남,32세,경상
2023062900100391,2023년 6월 29일 16시,목요일,인천광역시 부평구 갈산동,경상사고,0,0,1,0,차대차 - 추돌,안전운전불이행,건조,맑음,기타 - 기타,승용,남,72세,상해없음,승용,남,51세,경상
2023062900100423,2023년 6월 29일 17시,목요일,인천광역시 남동구 고잔동,경상사고,0,0,1,0,차대차 - 기타,안전거리미확보,젖음/습기,흐림,교차로 - 교차로부근,승합,남,73세,상해없음,승용,남,47세,경상
2023062900100488,2023년 6월 29일 19시,목요일,인천광역시 부평구 청천동,경상사고,0,0,2,0,차대차 - 기타,안전운전불이행,건조,맑음,기타 - 기타,승합,남,54세,상해없음,승용,남,28세,경상
2023062900100520,2023년 6월 29일 20시,목요일,인천광역시 계양구 용종동,경상사고,0,0,1,0,차대차 - 측면충돌,차로위반,젖음/습기,비,기타 - 기타,승용,남,54세,상해없음,승용,남,24세,경상
2023062900100542,2023년 6월 29일 21시,목요일,인천광역시 연수구 송도동,경상사고,0,0,1,0,차대사람 - 횡단중,신호위반,건조,맑음,교차로 - 교차로안,원동기,남,22세,상해없음,보행자,남,16세,경상
2023062900100584,2023년 6월 29일 23시,목요일,인천광역시 부평구 부개동,경상사고,0,0,2,0,차대차 - 추돌,안전운전불이행,젖음/습기,비,단일로 - 기타,승용,남,30세,상해없음,승용,남,53세,경상
2023063000100027,2023년 6월 30일 01시,금요일,인천광역시 미추홀구 주안동,부상신고사고,0,0,0,3,차대차 - 추돌,안전운전불이행,젖음/습기,비,기타 - 기타,승용,남,44세,기타불명,승용,남,46세,부상신고
2023063000100039,2023년 6월 30일 03시,금요일,인천광역시 서구 경서동,경상사고,0,0,3,0,차대차 - 추돌,안전운전불이행,젖음/습기,안개,교차로 - 교차로부근,승용,남,27세,상해없음,화물,남,69세,경상
2023063000100073,2023년 6월 30일 07시,금요일,인천광역시 미추홀구 도화동,경상사고,0,0,1,0,차대차 - 측면충돌,안전거리미확보,건조,맑음,교차로 - 교차로안,승용,여,31세,상해없음,승용,여,41세,경상
2023063000100107,2023년 6월 30일 08시,금요일,인천광역시 남동구 간석동,경상사고,0,0,1,0,차대차 - 측면충돌,안전운전불이행,젖음/습기,비,교차로 - 교차로안,승용,남,68세,상해없음,승용,여,30세,경상
2023063000100108,2023년 6월 30일 08시,금요일,인천광역시 계양구 효성동,경상사고,0,0,6,0,차대차 - 정면충돌,안전운전불이행,건조,흐림,단일로 - 기타,승용,남,33세,기타불명,승용,여,40세,경상
2023063000100167,2023년 6월 30일 10시,금요일,인천광역시 부평구 부평동,경상사고,0,0,1,0,차대사람 - 횡단중,안전운전불이행,건조,맑음,교차로 - 교차로부근,승용,남,48세,상해없음,보행자,여,50세,경상
2023063000100196,2023년 6월 30일 11시,금요일,인천광역시 중구 항동1가,중상사고,0,2,0,0,차대차 - 추돌,안전운전불이행,건조,맑음,단일로 - 교량,특수,남,64세,상해없음,승용,남,55세,중상
2023063000100222,2023년 6월 30일 12시,금요일,인천광역시 연수구 선학동,경상사고,0,0,1,0,차대차 - 측면충돌,교차로운행방법위반,건조,맑음,교차로 - 교차로안,화물,남,53세,상해없음,승용,여,62세,경상
2023063000100258,2023년 6월 30일 13시,금요일,인천광역시 서구 원당동,경상사고,0,0,1,0,차대사람 - 기타,안전운전불이행,건조,맑음,단일로 - 기타,건설기계,남,35세,상해없음,보행자,남,50세,경상
2023063000100285,2023년 6월 30일 14시,금요일,인천광역시 미추홀구 용현동,중상사고,0,1,1,0,차대사람 - 기타,안전운전불이행,건조,맑음,기타 - 기타,승용,여,49세,상해없음,보행자,여,69세,중상
2023063000100286,2023년 6월 30일 14시,금요일,인천광역시 남동구 수산동,경상사고,0,0,1,0,차대차 - 측면충돌,신호위반,건조,맑음,교차로 - 교차로안,승용,여,53세,상해없음,승용,남,46세,경상
2023063000100287,2023년 6월 30일 14시,금요일,인천광역시 남동구 만수동,중상사고,0,1,0,0,차대사람 - 보도통행중,신호위반,건조,맑음,교차로 - 교차로안,승용,남,70세,상해없음,보행자,남,65세,중상
2023063000100322,2023년 6월 30일 15시,금요일,인천광역시 서구 경서동,중상사고,0,1,0,0,차대차 - 측면충돌,안전거리미확보,건조,맑음,교차로 - 교차로부근,화물,남,67세,상해없음,화물,남,35세,중상
2023063000100456,2023년 6월 30일 19시,금요일,인천광역시 남동구 구월동,경상사고,0,0,3,0,차대차 - 추돌,안전운전불이행,건조,맑음,교차로 - 교차로부근,승합,여,67세,경상,승용,남,56세,경상
2023063000100457,2023년 6월 30일 19시,금요일,인천광역시 서구 가정동,경상사고,0,0,2,0,차대차 - 측면충돌,안전운전불이행,건조,맑음,단일로 - 기타,이륜,남,20세,경상,이륜,남,24세,경상
2023063000100555,2023년 6월 30일 23시,금요일,인천광역시 남동구 논현동,부상신고사고,0,0,0,1,차대사람 - 보도통행중,안전운전불이행,건조,맑음,단일로 - 지하차도(도로)내,승용,여,37세,상해없음,보행자,남,26세,상해없음
2023070100100014,2023년 7월 1일 00시,토요일,인천광역시 연수구 청학동,경상사고,0,0,3,0,차대차 - 기타,안전운전불이행,건조,맑음,교차로 - 교차로부근,승용,남,61세,기타불명,승용,남,35세,기타불명
2023070100100057,2023년 7월 1일 04시,토요일,인천광역시 서구 경서동,중상사고,0,1,0,0,차대차 - 추돌,안전운전불이행,건조,맑음,교차로 - 교차로부근,화물,남,27세,상해없음,승용,남,70세,중상
2023070100100058,2023년 7월 1일 04시,토요일,인천광역시 서구 백석동,중상사고,0,1,0,0,차량단독 - 공작물충돌,안전운전불이행,건조,맑음,단일로 - 기타,승용,남,45세,중상,,,,
2023070100100068,2023년 7월 1일 05시,토요일,인천광역시 부평구 부평동,경상사고,0,0,3,0,차대차 - 추돌,안전운전불이행,건조,맑음,교차로 - 교차로부근,승용,남,38세,상해없음,승용,남,54세,경상
2023070100100118,2023년 7월 1일 09시,토요일,인천광역시 미추홀구 숭의동,경상사고,0,0,2,0,차대차 - 측면충돌,안전운전불이행,건조,맑음,교차로 - 교차로부근,이륜,여,66세,경상,승용,여,28세,경상
2023070100100216,2023년 7월 1일 12시,토요일,인천광역시 미추홀구 주안동,경상사고,0,0,2,0,차대차 - 측면충돌,교차로운행방법위반,건조,맑음,교차로 - 교차로부근,승용,남,67세,상해없음,승용,남,30세,경상
2023070100100217,2023년 7월 1일 12시,토요일,인천광역시 서구 가좌동,부상신고사고,0,0,0,1,차대차 - 후진중충돌,안전운전불이행,건조,맑음,교차로 - 교차로안,승용,남,56세,상해없음,개인형이동수단(PM),남,40세,부상신고
2023070100100295,2023년 7월 1일 14시,토요일,인천광역시 중구 덕교동,중상사고,0,1,0,0,차대차 - 추돌,안전운전불이행,기타,맑음,기타 - 기타,승용,여,62세,기타불명,화물,남,30세,중상
2023070100100339,2023년 7월 1일 15시,토요일,인천광역시 미추홀구 숭의동,중상사고,0,1,6,0,차대차 - 추돌,안전운전불이행,건조,맑음,단일로 - 기타,승용,여,47세,상해없음,승용,여,57세,중상
2023070100100340,2023년 7월 1일 15시,토요일,인천광역시 부평구 갈산동,경상사고,0,0,1,0,차대차 - 측면충돌,안전운전불이행,건조,맑음,교차로 - 교차로부근,승용,여,61세,상해없음,이륜,남,54세,경상
2023070100100386,2023년 7월 1일 16시,토요일,인천광역시 강화군 강화읍,중상사고,0,2,2,0,차대차 - 측면충돌,교차로운행방법위반,건조,맑음,단일로 - 지하차도(도로)내,승용,남,78세,상해없음,승합,남,67세,상해없음
2023070100100435,2023년 7월 1일 17시,토요일,인천광역시 계양구 임학동,중상사고,0,1,0,0,차대차 - 측면충돌,안전운전불이행,건조,맑음,교차로 - 교차로부근,승용,여,52세,상해없음,자전거,남,11세,중상
2023070100100479,2023년 7월 1일 18시,토요일,인천광역시 남동구 만수동,중상사고,0,1,0,0,차대차 - 측면충돌,신호위반,건조,맑음,교차로 - 교차로안,승용,남,67세,상해없음,자전거,남,75세,중상
2023070100100480,2023년 7월 1일 18시,토요일,인천광역시 부평구 부평동,경상사고,0,0,1,0,차대사람 - 길가장자리구역통행중,안전운전불이행,건조,맑음,교차로 - 교차로부근,승용,남,72세,상해없음,보행자,여,25세,경상
2023070100100573,2023년 7월 1일 21시,토요일,인천광역시 서구 마전동,중상사고,0,1,0,0,차대차 - 추돌,중앙선침범,건조,맑음,단일로 - 기타,승합,남,58세,상해없음,이륜,남,51세,중상
2023070100100574,2023년 7월 1일 21시,토요일,인천광역시 연수구 연수동,부상신고사고,0,0,0,1,차대사람 - 횡단중,안전운전불이행,건조,맑음,교차로 - 교차로안,승용,남,37세,상해없음,보행자,남,30세,부상신고
2023070100100598,2023년 7월 1일 22시,토요일,인천광역시 서구 가정동,경상사고,0,0,1,0,차대차 - 기타,안전운전불이행,건조,맑음,기타 - 기타,기타불명,기타불명,미분류,기타불명,자전거,남,52세,경상
2023070100100599,2023년 7월 1일 22시,토요일,인천광역시 연수구 송도동,경상사고,0,0,2,0,차대사람 - 횡단중,신호위반,건조,맑음,단일로 - 지하차도(도로)내,이륜,남,29세,상해없음,보행자,여,51세,경상
2023070200100007,2023년 7월 2일 00시,일요일,인천광역시 미추홀구 도화동,경상사고,0,0,1,0,차대차 - 측면충돌,안전운전불이행,건조,맑음,교차로 - 교차로안,승용,남,29세,상해없음,승용,남,30세,경상
2023070200100017,2023년 7월 2일 01시,일요일,인천광역시 부평구 갈산동,경상사고,0,0,1,0,차대차 - 추돌,교차로운행방법위반,건조,맑음,교차로 - 교차로부근,승용,남,66세,상해없음,승용,여,60세,경상
2023070200100114,2023년 7월 2일 11시,일요일,인천광역시 서구 원창동,경상사고,0,0,1,0,차대차 - 기타,안전운전불이행,건조,흐림,단일로 - 기타,승용,남,38세,상해없음,개인형이동수단(PM),남,50세,경상
2023070200100115,2023년 7월 2일 11시,일요일,인천광역시 남동구 만수동,경상사고,0,0,1,0,차대차 - 추돌,안전운전불이행,건조,맑음,교차로 - 교차로부근,승용,여,73세,상해없음,승용,남,57세,상해없음
2023070200100148,2023년 7월 2일 12시,일요일,인천광역시 미추홀구 도화동,경상사고,0,0,1,0,차대차 - 측면충돌,안전운전불이행,건조,맑음,교차로 - 교차로안,승용,남,26세,상해없음,승용,남,46세,경상
2023070200100149,2023년 7월 2일 12시,일요일,인천광역시 서구 마전동,경상사고,0,0,1,0,차대차 - 정면충돌,안전운전불이행,건조,맑음,교차로 - 교차로안,승용,남,46세,상해없음,이륜,남,27세,경상
2023070200100171,2023년 7월 2일 13시,일요일,인천광역시 중구 운남동,중상사고,0,1,2,0,차대차 - 추돌,기타,건조,맑음,단일로 - 기타,화물,여,63세,상해없음,승용,남,38세,중상
2023070200100172,2023년 7월 2일 13시,일요일,인천광역시 미추홀구 도화동,경상사고,0,0,1,0,차대사람 - 기타,안전운전불이행,건조,맑음,기타 - 기타,기타불명,기타불명,미분류,기타불명,보행자,남,39세,경상
2023070200100174,2023년 7월 2일 13시,일요일,인천광역시 연수구 옥련동,경상사고,0,0,1,0,차대차 - 추돌,안전운전불이행,건조,맑음,교차로 - 교차로부근,승용,여,32세,상해없음,이륜,남,48세,경상
2023070200100175,2023년 7월 2일 13시,일요일,인천광역시 남동구 논현동,경상사고,0,0,2,0,차대차 - 후진중충돌,안전운전불이행,건조,맑음,교차로 - 교차로부근,화물,여,58세,상해없음,승용,남,45세,경상
2023070200100198,2023년 7월 2일 14시,일요일,인천광역시 남동구 구월동,중상사고,0,1,0,0,차대사람 - 차도통행중,기타,건조,맑음,단일로 - 기타,승용,여,50세,상해없음,보행자,여,70세,중상
2023070200100292,2023년 7월 2일 18시,일요일,인천광역시 중구 운남동,경상사고,0,0,1,0,차대차 - 추돌,안전운전불이행,건조,맑음,교차로 - 교차로부근,이륜,남,27세,기타불명,승용,남,34세,경상
2023070200100325,2023년 7월 2일 19시,일요일,인천광역시 서구 가정동,중상사고,0,1,0,0,차대사람 - 보도통행중,기타,건조,맑음,기타 - 기타,개인형이동수단(PM),여,20세,상해없음,보행자,여,72세,중상
2023070200100373,2023년 7월 2일 21시,일요일,인천광역시 남동구 구월동,경상사고,0,0,1,0,차량단독 - 기타,기타,건조,맑음,단일로 - 지하차도(도로)내,승합,남,57세,상해없음,,,,
2023070200100398,2023년 7월 2일 22시,일요일,인천광역시 서구 청라동,중상사고,0,1,1,0,차대차 - 측면충돌,안전운전불이행,건조,맑음,교차로 - 교차로부근,자전거,남,76세,중상,이륜,남,31세,경상
2023070200100407,2023년 7월 2일 23시,일요일,인천광역시 남동구 간석동,부상신고사고,0,0,0,1,차대사람 - 기타,안전운전불이행,건조,맑음,단일로 - 기타,기타불명,기타불명,미분류,기타불명,보행자,남,45세,부상신고
2023070300100006,2023년 7월 3일 00시,월요일,인천광역시 서구 가좌동,중상사고,0,1,0,0,차량단독 - 전도전복 - 전도,안전운전불이행,건조,맑음,단일로 - 기타,개인형이동수단(PM),남,29세,상해없음,,,,
2023070300100013,2023년 7월 3일 01시,월요일,인천광역시 부평구 부평동,경상사고,0,0,3,0,차대차 - 측면충돌,안전운전불이행,건조,맑음,교차로 - 교차로안,승용,남,60세,상해없음,승용,남,29세,경상
2023070300100042,2023년 7월 3일 06시,월요일,인천광역시 서구 불로동,경상사고,0,0,1,0,차대차 - 정면충돌,신호위반,건조,맑음,교차로 - 교차로안,승용,남,31세,상해없음,승용,여,39세,경상
2023070300100068,2023년 7월 3일 07시,월요일,인천광역시 미추홀구 주안동,경상사고,0,0,1,0,차량단독 - 기타,기타,건조,맑음,단일로 - 기타,승합,남,52세,상해없음,,,,
2023070300100069,2023년 7월 3일 07시,월요일,인천광역시 부평구 청천동,경상사고,0,0,1,0,차대차 - 추돌,안전운전불이행,건조,맑음,단일로 - 기타,승용,남,38세,기타불명,승용,남,23세,경상
2023070300100070,2023년 7월 3일 07시,월요일,인천광역시 부평구 산곡동,경상사고,0,0,1,0,차량단독 - 기타,안전운전불이행,건조,맑음,교차로 - 교차로부근,승용,남,62세,상해없음,,,,
2023070300100115,2023년 7월 3일 08시,월요일,인천광역시 미추홀구 주안동,경상사고,0,0,2,0,차대차 - 후진중충돌,안전운전불이행,건조,맑음,단일로 - 기타,승용,여,47세,기타불명,승용,여,47세,경상
2023070300100116,2023년 7월 3일 08시,월요일,인천광역시 남동구 만수동,경상사고,0,0,1,0,차대차 - 후진중충돌,안전운전불이행,건조,맑음,교차로 - 교차로부근,승용,남,68세,상해없음,화물,남,45세,경상
2023070300100117,2023년 7월 3일 08시,월요일,인천광역시 서구 석남동,중상사고,0,1,0,0,차대차 - 추돌,안전운전불이행,건조,맑음,교차로 - 교차로안,승용,남,51세,상해없음,자전거,남,41세,중상
2023070300100256,2023년 7월 3일 12시,월요일,인천광역시 미추홀구 용현동,경상사고,0,0,1,0,차대차 - 추돌,안전운전불이행,건조,맑음,단일로 - 기타,승용,남,31세,상해없음,승용,여,30세,경상
2023070300100333,2023년 7월 3일 14시,월요일,인천광역시 서구 석남동,중상사고,0,1,0,0,차대사람 - 차도통행중,기타,건조,맑음,기타 - 기타,개인형이동수단(PM),여,17세,상해없음,보행자,남,57세,중상
2023070300100335,2023년 7월 3일 14시,월요일,인천광역시 남동구 서창동,경상사고,0,0,1,0,차대차 - 측면충돌,신호위반,건조,맑음,교차로 - 교차로안,승용,여,31세,기타불명,승합,남,55세,경상
2023070300100364,2023년 7월 3일 15시,월요일,인천광역시 서구 당하동,경상사고,0,0,1,0,차량단독 - 기타,안전거리미확보,건조,맑음,교차로 - 교차로부근,승합,남,59세,상해없음,,,,
2023070300100436,2023년 7월 3일 17시,월요일,인천광역시 중구 운남동,경상사고,0,0,1,0,차대차 - 측면충돌,안전운전불이행,건조,맑음,교차로 - 교차로부근,승용,여,50세,상해없음,이륜,남,83세,경상
2023070300100437,2023년 7월 3일 17시,월요일,인천광역시 미추홀구 도화동,경상사고,0,0,1,0,차대차 - 추돌,안전운전불이행,건조,맑음,단일로 - 기타,승용,남,22세,상해없음,승용,남,35세,경상
2023070300100438,2023년 7월 3일 17시,월요일,인천광역시 남동구 만수동,경상사고,0,0,2,0,차대차 - 추돌,안전운전불이행,건조,맑음,교차로 - 교차로부근,승용,남,58세,기타불명,승용,여,29세,경상
2023070300100499,2023년 7월 3일 19시,월요일,인천광역시 서구 원창동,경상사고,0,0,1,0,차대차 - 측면충돌,교차로운행방법위반,건조,맑음,교차로 - 교차로안,승용,남,35세,상해없음,승용,남,44세,경상