사고번호,사고일시,요일,시군구,사고내용,사망자수,중상자수,경상자수,부상신고자수,사고유형,법규위반,노면상태,기상상태,도로형태,가해운전자 차종,가해운전자 성별,가해운전자 연령,가해운전자 상해정도,피해운전자 차종,피해운전자 성별,피해운전자 연령,피해운전자 상해정도
2023072100100077,2023년 7월 21일 07시,금요일,인천광역시 서구 가정동,경상사고,0,0,2,0,차대차 - 측면충돌,안전운전불이행,건조,맑음,단일로 - 기타,승용,남,28세,경상,승합,남,53세,경상
2023072100100078,2023년 7월 21일 07시,금요일,인천광역시 남동구 고잔동,중상사고,0,1,0,0,차대차 - 측면충돌,안전운전불이행,건조,맑음,교차로 - 교차로부근,승용,남,62세,상해없음,자전거,남,55세,중상
2023072100100110,2023년 7월 21일 08시,금요일,인천광역시 남동구 간석동,경상사고,0,0,1,0,차대사람 - 기타,기타,건조,맑음,기타 - 기타,승용,남,67세,상해없음,보행자,여,30세,경상
2023072100100111,2023년 7월 21일 08시,금요일,인천광역시 계양구 계산동,경상사고,0,0,1,0,차대차 - 추돌,안전운전불이행,건조,맑음,단일로 - 기타,승용,남,57세,상해없음,화물,남,33세,경상
2023072100100204,2023년 7월 21일 11시,금요일,인천광역시 미추홀구 용현동,경상사고,0,0,1,0,차대차 - 측면충돌,기타,건조,맑음,교차로 - 교차로안,승용,남,49세,상해없음,승용,남,41세,경상
2023072100100205,2023년 7월 21일 11시,금요일,인천광역시 남동구 구월동,경상사고,0,0,1,0,차대차 - 정면충돌,중앙선침범,건조,맑음,교차로 - 교차로부근,승용,여,40세,상해없음,승용,남,38세,경상
2023072100100206,2023년 7월 21일 11시,금요일,인천광역시 남동구 서창동,경상사고,0,0,2,0,차대차 - 기타,안전거리미확보,건조,맑음,단일로 - 교량,화물,남,69세,상해없음,승용,남,47세,경상
2023072100100249,2023년 7월 21일 12시,금요일,인천광역시 미추홀구 주안동,경상사고,0,0,1,0,차량단독 - 기타,안전운전불이행,건조,맑음,교차로 - 교차로부근,승용,남,45세,상해없음,,,,
2023072100100292,2023년 7월 21일 13시,금요일,인천광역시 서구 청라동,경상사고,0,0,1,0,차대차 - 측면충돌,안전운전불이행,건조,맑음,교차로 - 교차로안,승용,남,24세,상해없음,자전거,남,11세,경상
2023072100100335,2023년 7월 21일 14시,금요일,인천광역시 미추홀구 학익동,경상사고,0,0,2,0,차대차 - 추돌,안전운전불이행,건조,맑음,교차로 - 교차로부근,승용,여,49세,상해없음,화물,남,34세,경상
2023072100100380,2023년 7월 21일 15시,금요일,인천광역시 남동구 구월동,경상사고,0,0,1,0,차대사람 - 기타,안전운전불이행,건조,맑음,교차로 - 교차로안,승용,남,74세,상해없음,보행자,여,25세,경상
2023072100100381,2023년 7월 21일 15시,금요일,인천광역시 계양구 계산동,경상사고,0,0,1,0,차대사람 - 보도통행중,안전운전불이행,건조,맑음,기타 - 기타,자전거,남,17세,기타불명,보행자,여,40세,경상
2023072100100382,2023년 7월 21일 15시,금요일,인천광역시 부평구 삼산동,경상사고,0,0,1,0,차대차 - 기타,안전운전불이행,건조,맑음,단일로 - 기타,승용,남,57세,상해없음,승용,여,50세,경상
2023072100100424,2023년 7월 21일 16시,금요일,인천광역시 미추홀구 숭의동,중상사고,0,1,1,0,차대차 - 측면충돌,직진우회전진행방해,건조,맑음,교차로 - 교차로안,이륜,남,56세,중상,승용,남,34세,경상
2023072100100425,2023년 7월 21일 16시,금요일,인천광역시 미추홀구 주안동,경상사고,0,0,1,0,차대차 - 기타,안전운전불이행,건조,맑음,기타 - 기타,승용,여,36세,상해없음,자전거,남,9세,경상
2023072100100482,2023년 7월 21일 17시,금요일,인천광역시 부평구 십정동,경상사고,0,0,1,0,차대차 - 기타,안전운전불이행,건조,맑음,교차로 - 교차로횡단보도내,승용,남,59세,기타불명,자전거,남,10세,경상
2023072100100483,2023년 7월 21일 17시,금요일,인천광역시 부평구 갈산동,경상사고,0,0,1,0,차대차 - 측면충돌,안전거리미확보,건조,맑음,단일로 - 기타,승용,남,74세,상해없음,승용,남,33세,경상
2023072100100484,2023년 7월 21일 17시,금요일,인천광역시 부평구 부평동,경상사고,0,0,1,0,차대차 - 측면충돌,교차로운행방법위반,건조,맑음,교차로 - 교차로부근,승용,여,63세,상해없음,승용,남,45세,경상
2023072100100485,2023년 7월 21일 17시,금요일,인천광역시 계양구 병방동,경상사고,0,0,1,0,차대차 - 추돌,안전운전불이행,건조,맑음,교차로 - 교차로부근,승용,남,63세,상해없음,이륜,남,33세,경상
2023072100100541,2023년 7월 21일 18시,금요일,인천광역시 미추홀구 주안동,경상사고,0,0,1,0,차대차 - 측면충돌,신호위반,건조,맑음,교차로 - 교차로안,승용,여,61세,상해없음,이륜,남,39세,경상
2023072100100542,2023년 7월 21일 18시,금요일,인천광역시 계양구 계산동,경상사고,0,0,1,0,차대차 - 측면충돌,안전운전불이행,건조,맑음,단일로 - 기타,승용,남,37세,상해없음,이륜,남,31세,경상
2023072100100543,2023년 7월 21일 18시,금요일,인천광역시 부평구 부개동,경상사고,0,0,1,0,차대사람 - 보도통행중,신호위반,건조,맑음,교차로 - 교차로안,자전거,남,11세,상해없음,보행자,여,52세,경상
2023072100100544,2023년 7월 21일 18시,금요일,인천광역시 남동구 만수동,경상사고,0,0,1,0,차대차 - 측면충돌,교차로운행방법위반,건조,맑음,교차로 - 교차로횡단보도내,화물,남,45세,상해없음,승용,남,52세,경상
2023072100100575,2023년 7월 21일 19시,금요일,인천광역시 서구 신현동,경상사고,0,0,1,0,차대사람 - 기타,기타,건조,맑음,단일로 - 기타,승합,남,60세,기타불명,보행자,여,19세,경상
2023072100100610,2023년 7월 21일 20시,금요일,인천광역시 미추홀구 도화동,중상사고,0,1,0,0,차대차 - 측면충돌,안전운전불이행,건조,맑음,단일로 - 기타,원동기,남,56세,중상,승용,남,55세,상해없음
2023072100100611,2023년 7월 21일 20시,금요일,인천광역시 서구 신현동,경상사고,0,0,1,0,차대차 - 기타,안전운전불이행,건조,맑음,단일로 - 기타,승용,남,62세,상해없음,개인형이동수단(PM),남,75세,경상
2023072100100635,2023년 7월 21일 21시,금요일,인천광역시 연수구 송도동,경상사고,0,0,1,0,차대차 - 측면충돌,신호위반,건조,맑음,교차로 - 교차로안,승용,남,37세,상해없음,승용,여,44세,경상
2023072100100672,2023년 7월 21일 22시,금요일,인천광역시 남동구 구월동,경상사고,0,0,2,0,차대차 - 추돌,안전운전불이행,건조,맑음,교차로 - 교차로부근,승용,남,40세,상해없음,승용,남,31세,경상
2023072200100010,2023년 7월 22일 00시,토요일,인천광역시 미추홀구 용현동,경상사고,0,0,1,0,차대차 - 측면충돌,안전운전불이행,건조,맑음,교차로 - 교차로부근,승용,남,37세,상해없음,승용,남,59세,경상
2023072200100011,2023년 7월 22일 00시,토요일,인천광역시 계양구 방축동,경상사고,0,0,1,0,차대차 - 후진중충돌,안전운전불이행,건조,맑음,단일로 - 기타,승용,여,41세,상해없음,승용,남,66세,상해없음
2023072200100060,2023년 7월 22일 05시,토요일,인천광역시 부평구 부평동,경상사고,0,0,1,0,차대사람 - 횡단중,안전운전불이행,건조,맑음,단일로 - 기타,승용,남,22세,상해없음,보행자,남,30세,경상
2023072200100128,2023년 7월 22일 09시,토요일,인천광역시 서구 청라동,경상사고,0,0,2,0,차대차 - 정면충돌,안전운전불이행,건조,맑음,기타 - 기타,승용,남,63세,상해없음,승용,남,34세,경상
2023072200100171,2023년 7월 22일 10시,토요일,인천광역시 남동구 서창동,경상사고,0,0,2,0,차대차 - 측면충돌,신호위반,건조,맑음,교차로 - 교차로안,승용,여,59세,상해없음,승용,여,28세,경상
2023072200100209,2023년 7월 22일 11시,토요일,인천광역시 미추홀구 주안동,중상사고,0,1,0,0,차대사람 - 기타,안전운전불이행,건조,맑음,단일로 - 기타,개인형이동수단(PM),여,54세,상해없음,보행자,남,55세,중상
2023072200100244,2023년 7월 22일 12시,토요일,인천광역시 미추홀구 주안동,경상사고,0,0,1,0,차대차 - 측면충돌,안전운전불이행,건조,맑음,교차로 - 교차로안,이륜,남,22세,경상,승합,남,51세,상해없음
2023072200100280,2023년 7월 22일 13시,토요일,인천광역시 미추홀구 용현동,경상사고,0,0,1,0,차대차 - 측면충돌,신호위반,건조,맑음,교차로 - 교차로안,승용,남,74세,상해없음,승용,여,36세,경상
2023072200100281,2023년 7월 22일 13시,토요일,인천광역시 남동구 논현동,경상사고,0,0,1,0,차대사람 - 횡단중,안전운전불이행,건조,맑음,교차로 - 교차로부근,자전거,남,53세,상해없음,보행자,여,60세,경상
2023072200100307,2023년 7월 22일 14시,토요일,인천광역시 미추홀구 도화동,중상사고,0,1,0,0,차대차 - 측면충돌,신호위반,건조,맑음,교차로 - 교차로안,승용,여,45세,상해없음,이륜,남,40세,중상
2023072200100331,2023년 7월 22일 15시,토요일,인천광역시 서구 당하동,경상사고,0,0,1,0,차대차 - 측면충돌,안전운전불이행,건조,맑음,교차로 - 교차로안,승용,남,41세,상해없음,승용,남,20세,경상
2023072200100332,2023년 7월 22일 15시,토요일,인천광역시 남동구 고잔동,경상사고,0,0,2,0,차대차 - 추돌,안전운전불이행,젖음/습기,비,교차로 - 교차로부근,승용,여,56세,상해없음,승용,남,31세,경상
2023072200100363,2023년 7월 22일 16시,토요일,인천광역시 서구 가좌동,경상사고,0,0,1,0,차대차 - 측면충돌,안전거리미확보,건조,맑음,교차로 - 교차로안,승용,남,60세,상해없음,승용,남,33세,경상
2023072200100364,2023년 7월 22일 16시,토요일,인천광역시 부평구 삼산동,경상사고,0,0,1,0,차대사람 - 기타,안전운전불이행,건조,맑음,단일로 - 기타,승용,남,80세,상해없음,보행자,여,56세,경상
2023072200100398,2023년 7월 22일 17시,토요일,인천광역시 계양구 작전동,경상사고,0,0,3,0,차대차 - 측면충돌,안전거리미확보,젖음/습기,비,단일로 - 기타,승용,남,51세,상해없음,승용,남,48세,경상
2023072200100399,2023년 7월 22일 17시,토요일,인천광역시 계양구 귤현동,경상사고,0,0,4,0,차대차 - 기타,중앙선침범,젖음/습기,비,단일로 - 기타,승용,남,47세,기타불명,승용,남,39세,경상
2023072200100440,2023년 7월 22일 19시,토요일,인천광역시 부평구 부평동,경상사고,0,0,1,0,차대차 - 기타,안전운전불이행,건조,맑음,단일로 - 기타,승용,남,54세,상해없음,승용,남,23세,경상
2023072200100441,2023년 7월 22일 19시,토요일,인천광역시 서구 연희동,경상사고,0,0,3,0,차대차 - 측면충돌,신호위반,건조,맑음,교차로 - 교차로안,승합,남,55세,상해없음,승용,여,35세,경상
2023072200100442,2023년 7월 22일 19시,토요일,인천광역시 서구 청라동,경상사고,0,0,1,0,차대차 - 후진중충돌,안전운전불이행,건조,맑음,단일로 - 기타,승용,남,43세,상해없음,이륜,남,25세,경상
2023072200100468,2023년 7월 22일 20시,토요일,인천광역시 미추홀구 용현동,경상사고,0,0,1,0,차대차 - 추돌,안전운전불이행,건조,맑음,교차로 - 교차로부근,승용,남,22세,상해없음,승용,남,60세,경상
2023072200100469,2023년 7월 22일 20시,토요일,인천광역시 남동구 만수동,경상사고,0,0,1,0,차대차 - 추돌,안전운전불이행,젖음/습기,비,단일로 - 교량,화물,남,50세,상해없음,승용,여,33세,경상
2023072200100501,2023년 7월 22일 21시,토요일,인천광역시 부평구 산곡동,중상사고,0,1,0,0,차대사람 - 횡단중,신호위반,젖음/습기,비,단일로 - 기타,이륜,남,17세,상해없음,보행자,여,56세,중상
2023072200100502,2023년 7월 22일 21시,토요일,인천광역시 부평구 갈산동,경상사고,0,0,1,0,차대차 - 측면충돌,신호위반,젖음/습기,비,교차로 - 교차로횡단보도내,승용,남,81세,상해없음,원동기,여,25세,경상
2023072200100503,2023년 7월 22일 21시,토요일,인천광역시 계양구 용종동,중상사고,0,1,1,0,차대차 - 측면충돌,안전운전불이행,젖음/습기,비,단일로 - 기타,승용,여,56세,중상,승합,남,50세,경상
2023072200100526,2023년 7월 22일 22시,토요일,인천광역시 미추홀구 주안동,경상사고,0,0,1,0,차대차 - 추돌,안전운전불이행,건조,맑음,교차로 - 교차로부근,승용,여,26세,상해없음,승용,남,58세,경상
2023072200100527,2023년 7월 22일 22시,토요일,인천광역시 계양구 작전동,경상사고,0,0,1,0,차대차 - 측면충돌,중앙선침범,젖음/습기,비,교차로 - 교차로부근,승용,남,41세,기타불명,이륜,여,43세,경상
2023072200100552,2023년 7월 22일 23시,토요일,인천광역시 미추홀구 주안동,경상사고,0,0,1,0,차대차 - 측면충돌,안전운전불이행,젖음/습기,비,단일로 - 기타,승용,남,44세,기타불명,승용,남,47세,경상
2023072300100011,2023년 7월 23일 00시,일요일,인천광역시 남동구 간석동,경상사고,0,0,1,0,차대차 - 측면충돌,직진우회전진행방해,젖음/습기,비,교차로 - 교차로안,승용,여,37세,상해없음,이륜,남,54세,경상
2023072300100026,2023년 7월 23일 02시,일요일,인천광역시 미추홀구 관교동,중상사고,0,1,0,0,차대차 - 측면충돌,안전운전불이행,건조,맑음,단일로 - 기타,승용,남,65세,상해없음,승용,남,48세,상해없음
2023072300100044,2023년 7월 23일 05시,일요일,인천광역시 부평구 갈산동,경상사고,0,0,1,0,차대차 - 추돌,안전운전불이행,젖음/습기,비,교차로 - 교차로부근,승용,남,46세,상해없음,승용,남,59세,경상
2023072300100080,2023년 7월 23일 09시,일요일,인천광역시 계양구 하야동,중상사고,0,1,0,0,차대차 - 추돌,안전운전불이행,젖음/습기,비,단일로 - 고가도로위,승용,남,32세,상해없음,승용,남,58세,중상
2023072300100143,2023년 7월 23일 12시,일요일,인천광역시 계양구 하야동,경상사고,0,0,2,0,차대차 - 추돌,안전운전불이행,건조,흐림,교차로 - 교차로부근,화물,남,66세,상해없음,승용,남,39세,경상
2023072300100185,2023년 7월 23일 14시,일요일,인천광역시 남동구 논현동,중상사고,0,1,0,0,차대사람 - 횡단중,안전운전불이행,건조,맑음,교차로 - 교차로횡단보도내,화물,남,69세,상해없음,보행자,여,88세,중상
2023072300100218,2023년 7월 23일 15시,일요일,인천광역시 서구 가정동,중상사고,0,1,0,0,차대사람 - 기타,안전운전불이행,건조,맑음,교차로 - 교차로부근,화물,여,58세,상해없음,보행자,남,66세,중상
2023072300100219,2023년 7월 23일 15시,일요일,인천광역시 계양구 작전동,경상사고,0,0,1,0,차대차 - 측면충돌,안전운전불이행,건조,맑음,교차로 - 교차로안,승용,남,39세,상해없음,승용,남,25세,경상
2023072300100220,2023년 7월 23일 15시,일요일,인천광역시 부평구 부평동,경상사고,0,0,2,0,차대차 - 기타,안전운전불이행,건조,맑음,교차로 - 교차로부근,승용,남,28세,상해없음,승용,남,22세,경상
2023072300100242,2023년 7월 23일 16시,일요일,인천광역시 미추홀구 주안동,중상사고,0,1,0,0,차대차 - 측면충돌,안전운전불이행,건조,맑음,교차로 - 교차로안,화물,남,61세,상해없음,이륜,남,41세,중상
2023072300100243,2023년 7월 23일 16시,일요일,인천광역시 남동구 구월동,경상사고,0,0,1,0,차량단독 - 기타,안전운전불이행,건조,맑음,단일로 - 기타,승합,남,49세,상해없음,,,,
2023072300100306,2023년 7월 23일 19시,일요일,인천광역시 미추홀구 주안동,중상사고,0,1,0,0,차대차 - 측면충돌,신호위반,젖음/습기,흐림,교차로 - 교차로안,승합,남,71세,상해없음,이륜,남,32세,중상
2023072300100332,2023년 7월 23일 20시,일요일,인천광역시 중구 선화동,부상신고사고,0,0,0,1,차대사람 - 기타,안전운전불이행,젖음/습기,비,교차로 - 교차로안,승용,남,39세,기타불명,보행자,남,68세,부상신고
2023072400100018,2023년 7월 24일 01시,월요일,인천광역시 연수구 송도동,부상신고사고,0,0,0,1,차대사람 - 차도통행중,안전운전불이행,젖음/습기,흐림,교차로 - 교차로안,승용,남,66세,상해없음,보행자,남,47세,부상신고
2023072400100038,2023년 7월 24일 05시,월요일,인천광역시 서구 석남동,경상사고,0,0,1,0,차대차 - 측면충돌,안전운전불이행,건조,맑음,교차로 - 교차로안,화물,남,65세,상해없음,화물,남,29세,경상
2023072400100055,2023년 7월 24일 06시,월요일,인천광역시 중구 운서동,중상사고,0,1,0,0,차대사람 - 기타,안전운전불이행,건조,맑음,단일로 - 기타,승합,남,53세,상해없음,보행자,남,69세,중상
2023072400100056,2023년 7월 24일 06시,월요일,인천광역시 부평구 삼산동,경상사고,0,0,2,0,차대차 - 추돌,신호위반,건조,맑음,단일로 - 기타,화물,남,51세,상해없음,승합,남,47세,경상
2023072400100076,2023년 7월 24일 07시,월요일,인천광역시 중구 운서동,경상사고,0,0,4,0,차대차 - 추돌,안전운전불이행,건조,맑음,교차로 - 교차로부근,승용,남,62세,상해없음,승용,남,30세,경상
2023072400100077,2023년 7월 24일 07시,월요일,인천광역시 남동구 남촌동,경상사고,0,0,1,0,차대차 - 추돌,안전운전불이행,건조,맑음,교차로 - 교차로부근,승용,남,32세,상해없음,승용,남,50세,경상
2023072400100106,2023년 7월 24일 08시,월요일,인천광역시 미추홀구 주안동,중상사고,0,1,0,0,차대차 - 측면충돌,안전운전불이행,건조,맑음,교차로 - 교차로안,이륜,여,52세,중상,승용,남,27세,상해없음
2023072400100107,2023년 7월 24일 08시,월요일,인천광역시 서구 심곡동,경상사고,0,0,1,0,차대차 - 기타,안전운전불이행,건조,맑음,기타 - 기타,화물,남,56세,상해없음,승용,남,55세,경상
2023072400100108,2023년 7월 24일 08시,월요일,인천광역시 계양구 작전동,경상사고,0,0,1,0,차대차 - 측면충돌,안전운전불이행,건조,맑음,단일로 - 기타,승용,여,54세,상해없음,승합,남,53세,상해없음
2023072400100202,2023년 7월 24일 11시,월요일,인천광역시 부평구 삼산동,부상신고사고,0,0,0,1,차대차 - 측면충돌,안전운전불이행,건조,맑음,단일로 - 기타,자전거,여,55세,부상신고,자전거,남,59세,상해없음
2023072400100245,2023년 7월 24일 12시,월요일,인천광역시 중구 인현동,경상사고,0,0,1,0,차대차 - 후진중충돌,안전운전불이행,건조,맑음,단일로 - 기타,승용,남,58세,상해없음,승합,남,55세,경상
2023072400100246,2023년 7월 24일 12시,월요일,인천광역시 부평구 부평동,경상사고,0,0,1,0,차량단독 - 기타,기타,건조,맑음,기타 - 기타,승합,남,54세,상해없음,,,,
2023072400100247,2023년 7월 24일 12시,월요일,인천광역시 연수구 송도동,경상사고,0,0,1,0,차대차 - 추돌,안전운전불이행,건조,맑음,교차로 - 교차로부근,승용,여,36세,상해없음,승용,남,46세,경상
2023072400100248,2023년 7월 24일 12시,월요일,인천광역시 남동구 논현동,경상사고,0,0,1,0,차대차 - 측면충돌,안전거리미확보,건조,맑음,단일로 - 고가도로위,승용,여,70세,상해없음,승용,여,31세,경상
2023072400100284,2023년 7월 24일 13시,월요일,인천광역시 미추홀구 학익동,경상사고,0,0,1,0,차대차 - 정면충돌,중앙선침범,건조,맑음,단일로 - 기타,승용,여,57세,상해없음,승용,여,28세,경상
2023072400100322,2023년 7월 24일 14시,월요일,인천광역시 중구 운서동,경상사고,0,0,1,0,차대차 - 기타,교차로운행방법위반,건조,맑음,교차로 - 교차로안,승용,남,80세,상해없음,승용,남,28세,경상
2023072400100323,2023년 7월 24일 14시,월요일,인천광역시 미추홀구 숭의동,중상사고,0,1,0,0,차대차 - 측면충돌,차로위반,건조,맑음,교차로 - 교차로안,승용,남,24세,상해없음,이륜,남,58세,중상
2023072400100355,2023년 7월 24일 15시,월요일,인천광역시 미추홀구 도화동,경상사고,0,0,1,1,차대차 - 기타,신호위반,건조,맑음,단일로 - 기타,이륜,남,21세,상해없음,화물,남,64세,부상신고
2023072400100356,2023년 7월 24일 15시,월요일,인천광역시 미추홀구 주안동,경상사고,0,0,1,0,차대차 - 측면충돌,안전운전불이행,건조,맑음,교차로 - 교차로부근,승용,남,64세,상해없음,이륜,여,34세,경상
2023072400100357,2023년 7월 24일 15시,월요일,인천광역시 서구 가좌동,경상사고,0,0,1,0,차대차 - 측면충돌,안전운전불이행,건조,맑음,기타 - 기타,승합,남,55세,상해없음,승용,남,46세,경상
2023072400100503,2023년 7월 24일 19시,월요일,인천광역시 미추홀구 주안동,중상사고,0,1,0,0,차대사람 - 기타,안전운전불이행,건조,맑음,기타 - 기타,승용,남,41세,상해없음,보행자,여,79세,중상
2023072400100532,2023년 7월 24일 20시,월요일,인천광역시 중구 을왕동,경상사고,0,0,1,0,차대사람 - 차도통행중,안전운전불이행,건조,맑음,단일로 - 기타,이륜,남,21세,기타불명,보행자,여,66세,경상
2023072400100560,2023년 7월 24일 21시,월요일,인천광역시 연수구 동춘동,경상사고,0,0,1,0,차대차 - 정면충돌,안전운전불이행,건조,맑음,교차로 - 교차로안,승용,남,69세,상해없음,승용,여,19세,경상
2023072400100583,2023년 7월 24일 22시,월요일,인천광역시 미추홀구 숭의동,경상사고,0,0,2,0,차대차 - 기타,안전운전불이행,건조,맑음,기타 - 기타,승용,남,27세,상해없음,승용,남,28세,경상
2023072400100604,2023년 7월 24일 23시,월요일,인천광역시 서구 원당동,경상사고,0,0,1,0,차대차 - 측면충돌,중앙선침범,건조,맑음,교차로 - 교차로부근,승용,여,25세,상해없음,승용,남,32세,경상
2023072500100099,2023년 7월 25일 08시,화요일,인천광역시 미추홀구 주안동,사망사고,1,0,0,0,차량단독 - 전도전복 - 전도,안전운전불이행,건조,맑음,단일로 - 지하차도(도로)내,원동기,남,33세,사망,,,,
2023072500100100,2023년 7월 25일 08시,화요일,인천광역시 미추홀구 문학동,경상사고,0,0,1,1,차대차 - 측면충돌,안전운전불이행,건조,맑음,교차로 - 교차로안,승용,남,48세,상해없음,승용,여,34세,경상
2023072500100178,2023년 7월 25일 11시,화요일,인천광역시 중구 경동,경상사고,0,0,1,0,차대차 - 측면충돌,안전운전불이행,건조,맑음,교차로 - 교차로안,화물,남,51세,상해없음,승용,남,51세,경상
2023072500100179,2023년 7월 25일 11시,화요일,인천광역시 미추홀구 주안동,경상사고,0,0,1,0,차대차 - 기타,안전운전불이행,건조,맑음,단일로 - 기타,승용,남,58세,상해없음,승합,남,62세,상해없음
2023072500100180,2023년 7월 25일 11시,화요일,인천광역시 서구 가정동,경상사고,0,0,1,0,차대차 - 추돌,안전운전불이행,건조,맑음,단일로 - 기타,승용,남,76세,상해없음,화물,남,59세,경상
2023072500100228,2023년 7월 25일 12시,화요일,인천광역시 서구 백석동,경상사고,0,0,3,0,차대차 - 추돌,안전운전불이행,건조,맑음,단일로 - 교량,화물,남,44세,상해없음,화물,남,50세,경상
2023072500100229,2023년 7월 25일 12시,화요일,인천광역시 계양구 갈현동,중상사고,0,1,0,0,차대차 - 기타,기타,건조,맑음,단일로 - 기타,자전거,남,68세,상해없음,자전거,여,66세,중상
2023072500100326,2023년 7월 25일 15시,화요일,인천광역시 강화군 길상면,경상사고,0,0,1,0,차대사람 - 차도통행중,안전운전불이행,건조,맑음,교차로 - 교차로부근,화물,남,43세,기타불명,보행자,여,78세,경상
2023072500100365,2023년 7월 25일 16시,화요일,인천광역시 연수구 연수동,경상사고,0,0,1,0,차대차 - 측면충돌,신호위반,건조,맑음,교차로 - 교차로횡단보도내,개인형이동수단(PM),남,22세,경상,승합,남,29세,상해없음
2023072500100394,2023년 7월 25일 17시,화요일,인천광역시 부평구 삼산동,부상신고사고,0,0,0,1,차대차 - 측면충돌,안전운전불이행,건조,맑음,교차로 - 교차로횡단보도내,승용,여,33세,상해없음,자전거,남,73세,부상신고
2023072500100395,2023년 7월 25일 17시,화요일,인천광역시 부평구 부개동,경상사고,0,0,1,0,차대차 - 정면충돌,안전거리미확보,건조,맑음,단일로 - 기타,화물,남,60세,상해없음,이륜,남,33세,경상
2023072500100433,2023년 7월 25일 18시,화요일,인천광역시 서구 마전동,중상사고,0,1,0,0,차대사람 - 횡단중,안전운전불이행,건조,흐림,교차로 - 교차로부근,승용,남,67세,상해없음,보행자,남,54세,중상
2023072500100483,2023년 7월 25일 20시,화요일,인천광역시 남동구 장수동,경상사고,0,0,1,0,차대차 - 추돌,안전운전불이행,건조,맑음,교차로 - 교차로부근,승용,남,40세,상해없음,이륜,남,35세,경상
2023072500100509,2023년 7월 25일 21시,화요일,인천광역시 부평구 부평동,경상사고,0,0,1,0,차대차 - 기타,안전운전불이행,건조,맑음,단일로 - 기타,원동기,여,20세,경상,승용,여,50세,상해없음
2023072500100510,2023년 7월 25일 21시,화요일,인천광역시 서구 당하동,중상사고,0,1,0,0,차대사람 - 횡단중,신호위반,젖음/습기,비,교차로 - 교차로횡단보도내,이륜,남,17세,상해없음,보행자,여,57세,중상
2023072500100545,2023년 7월 25일 23시,화요일,인천광역시 남동구 간석동,중상사고,0,1,0,0,차대사람 - 차도통행중,안전운전불이행,건조,맑음,교차로 - 교차로부근,원동기,남,34세,상해없음,보행자,남,68세,중상
2023072600100006,2023년 7월 26일 00시,수요일,인천광역시 미추홀구 주안동,부상신고사고,0,0,0,1,차대차 - 측면충돌,안전거리미확보,건조,흐림,단일로 - 기타,이륜,남,27세,부상신고,승용,남,40세,상해없음
2023072600100063,2023년 7월 26일 07시,수요일,인천광역시 서구 마전동,중상사고,0,1,0,0,차대차 - 측면충돌,신호위반,건조,맑음,교차로 - 교차로안,승용,여,46세,상해없음,승용,남,38세,중상
2023072600100102,2023년 7월 26일 08시,수요일,인천광역시 중구 신흥동3가,경상사고,0,0,1,0,차대차 - 추돌,안전운전불이행,건조,맑음,교차로 - 교차로안,승용,남,52세,상해없음,승용,남,41세,경상
2023072600100129,2023년 7월 26일 09시,수요일,인천광역시 부평구 부평동,경상사고,0,0,1,0,차대차 - 추돌,안전운전불이행,건조,맑음,단일로 - 기타,승용,여,44세,상해없음,승용,남,31세,경상
2023072600100130,2023년 7월 26일 09시,수요일,인천광역시 서구 가좌동,경상사고,0,0,1,0,차대사람 - 횡단중,안전운전불이행,건조,맑음,교차로 - 교차로안,승용,여,52세,상해없음,보행자,여,66세,경상
2023072600100226,2023년 7월 26일 12시,수요일,인천광역시 중구 신흥동1가,경상사고,0,0,1,0,차대차 - 측면충돌,신호위반,건조,맑음,교차로 - 교차로안,화물,남,34세,상해없음,승용,여,56세,경상
2023072600100227,2023년 7월 26일 12시,수요일,인천광역시 미추홀구 학익동,경상사고,0,0,1,0,차대차 - 추돌,안전거리미확보,건조,맑음,단일로 - 교량,화물,남,42세,기타불명,승용,남,67세,경상
2023072600100337,2023년 7월 26일 15시,수요일,인천광역시 미추홀구 숭의동,경상사고,0,0,1,0,차대사람 - 기타,안전운전불이행,건조,맑음,기타 - 기타,이륜,여,46세,상해없음,보행자,남,15세,경상
2023072600100338,2023년 7월 26일 15시,수요일,인천광역시 미추홀구 학익동,경상사고,0,0,1,0,차대차 - 추돌,안전운전불이행,건조,맑음,단일로 - 기타,승용,남,76세,상해없음,승용,남,64세,경상
2023072600100370,2023년 7월 26일 16시,수요일,인천광역시 중구 항동7가,경상사고,0,0,1,0,차대차 - 측면충돌,신호위반,건조,맑음,교차로 - 교차로안,승용,남,69세,상해없음,승용,남,47세,경상
2023072600100371,2023년 7월 26일 16시,수요일,인천광역시 서구 원당동,경상사고,0,0,2,0,차대차 - 측면충돌,안전운전불이행,건조,맑음,교차로 - 교차로안,승용,남,65세,상해없음,승용,여,33세,경상
2023072600100372,2023년 7월 26일 16시,수요일,인천광역시 서구 청라동,중상사고,0,1,0,0,차대차 - 측면충돌,불법유턴,건조,맑음,교차로 - 교차로안,승용,여,46세,상해없음,승용,남,62세,중상