사고번호,사고일시,요일,시군구,사고내용,사망자수,중상자수,경상자수,부상신고자수,사고유형,법규위반,노면상태,기상상태,도로형태,가해운전자 차종,가해운전자 성별,가해운전자 연령,가해운전자 상해정도,피해운전자 차종,피해운전자 성별,피해운전자 연령,피해운전자 상해정도
2023072600100373,2023년 7월 26일 16시,수요일,인천광역시 계양구 계산동,경상사고,0,0,1,0,차대차 - 측면충돌,안전운전불이행,건조,맑음,교차로 - 교차로부근,승용,여,68세,상해없음,화물,남,43세,경상
2023072600100425,2023년 7월 26일 17시,수요일,인천광역시 연수구 옥련동,경상사고,0,0,1,0,차대차 - 추돌,안전운전불이행,건조,맑음,교차로 - 교차로부근,승용,남,33세,상해없음,승용,남,31세,경상
2023072600100465,2023년 7월 26일 18시,수요일,인천광역시 서구 당하동,경상사고,0,0,1,0,차대사람 - 횡단중,신호위반,건조,맑음,교차로 - 교차로횡단보도내,화물,남,69세,상해없음,보행자,남,12세,경상
2023072600100466,2023년 7월 26일 18시,수요일,인천광역시 계양구 용종동,경상사고,0,0,2,0,차대차 - 추돌,안전거리미확보,건조,맑음,단일로 - 교량,승용,여,63세,상해없음,승용,남,31세,경상
2023072600100504,2023년 7월 26일 19시,수요일,인천광역시 서구 당하동,경상사고,0,0,1,0,차대차 - 정면충돌,안전운전불이행,건조,맑음,교차로 - 교차로안,승용,남,47세,상해없음,자전거,남,13세,경상
2023072600100505,2023년 7월 26일 19시,수요일,인천광역시 계양구 병방동,중상사고,0,1,0,0,차대차 - 기타,직진우회전진행방해,건조,맑음,교차로 - 교차로안,이륜,남,72세,중상,이륜,남,26세,상해없음
2023072600100522,2023년 7월 26일 20시,수요일,인천광역시 중구 운서동,경상사고,0,0,1,0,차대사람 - 횡단중,신호위반,건조,맑음,단일로 - 기타,승용,남,74세,상해없음,보행자,여,30세,경상
2023072600100523,2023년 7월 26일 20시,수요일,인천광역시 중구 중산동,경상사고,0,0,1,0,차대차 - 정면충돌,안전운전불이행,건조,맑음,주차장 - 주차장,승용,남,32세,기타불명,승용,남,40세,경상
2023072600100575,2023년 7월 26일 22시,수요일,인천광역시 서구 원당동,경상사고,0,0,2,0,차대차 - 정면충돌,중앙선침범,기타,맑음,교차로 - 교차로부근,화물,남,47세,상해없음,승용,여,30세,경상
2023072700100008,2023년 7월 27일 00시,목요일,인천광역시 미추홀구 용현동,중상사고,0,1,0,0,차대사람 - 차도통행중,안전운전불이행,건조,맑음,교차로 - 교차로안,승용,남,69세,상해없음,보행자,남,30세,중상
2023072700100009,2023년 7월 27일 00시,목요일,인천광역시 미추홀구 주안동,중상사고,0,1,0,0,차대사람 - 기타,안전운전불이행,건조,맑음,교차로 - 교차로안,승용,남,24세,상해없음,보행자,남,65세,중상
2023072700100077,2023년 7월 27일 07시,목요일,인천광역시 남동구 남촌동,경상사고,0,0,1,0,차대차 - 기타,안전운전불이행,건조,맑음,단일로 - 기타,화물,남,62세,상해없음,승용,여,41세,경상
2023072700100115,2023년 7월 27일 08시,목요일,인천광역시 계양구 병방동,경상사고,0,0,1,0,차대차 - 추돌,안전거리미확보,건조,맑음,교차로 - 교차로부근,화물,남,62세,상해없음,화물,남,55세,상해없음
2023072700100175,2023년 7월 27일 10시,목요일,인천광역시 남동구 서창동,중상사고,0,1,0,0,차대차 - 측면충돌,안전운전불이행,건조,맑음,교차로 - 교차로부근,승용,여,54세,상해없음,자전거,여,64세,중상
2023072700100215,2023년 7월 27일 11시,목요일,인천광역시 남동구 남촌동,경상사고,0,0,1,0,차대차 - 측면충돌,기타,건조,맑음,교차로 - 교차로부근,승합,남,68세,상해없음,승용,남,61세,경상
2023072700100252,2023년 7월 27일 12시,목요일,인천광역시 남동구 만수동,경상사고,0,0,2,0,차대차 - 측면충돌,안전운전불이행,건조,맑음,단일로 - 기타,승합,남,43세,기타불명,화물,남,45세,경상
2023072700100320,2023년 7월 27일 14시,목요일,인천광역시 미추홀구 도화동,경상사고,0,0,4,0,차대차 - 측면충돌,안전운전불이행,건조,맑음,교차로 - 교차로안,승용,남,51세,상해없음,승용,여,45세,경상
2023072700100321,2023년 7월 27일 14시,목요일,인천광역시 중구 운남동,중상사고,0,1,3,0,차대차 - 추돌,차로위반,건조,맑음,단일로 - 고가도로위,승용,남,29세,상해없음,승용,여,28세,경상
2023072700100363,2023년 7월 27일 15시,목요일,인천광역시 서구 석남동,경상사고,0,0,1,0,차대차 - 정면충돌,중앙선침범,건조,맑음,교차로 - 교차로부근,승용,남,60세,상해없음,승용,남,42세,경상
2023072700100415,2023년 7월 27일 16시,목요일,인천광역시 서구 공촌동,경상사고,0,0,2,0,차대차 - 측면충돌,신호위반,건조,맑음,교차로 - 교차로안,승용,남,21세,경상,승용,남,61세,경상
2023072700100456,2023년 7월 27일 17시,목요일,인천광역시 남동구 고잔동,경상사고,0,0,1,0,차대차 - 측면충돌,중앙선침범,건조,맑음,단일로 - 기타,승용,여,48세,상해없음,이륜,남,43세,경상
2023072700100502,2023년 7월 27일 18시,목요일,인천광역시 중구 항동7가,경상사고,0,0,1,0,차대차 - 추돌,안전운전불이행,건조,맑음,단일로 - 지하차도(도로)내,승용,여,56세,상해없음,승용,남,53세,경상
2023072700100533,2023년 7월 27일 19시,목요일,인천광역시 중구 중산동,경상사고,0,0,1,0,차대차 - 추돌,안전운전불이행,건조,기타,단일로 - 기타,승용,남,39세,상해없음,이륜,남,39세,경상
2023072700100534,2023년 7월 27일 19시,목요일,인천광역시 남동구 고잔동,경상사고,0,0,1,0,차대차 - 측면충돌,기타,건조,맑음,단일로 - 기타,승용,남,56세,상해없음,자전거,남,39세,경상
2023072700100563,2023년 7월 27일 20시,목요일,인천광역시 남동구 간석동,경상사고,0,0,1,0,차대사람 - 횡단중,안전운전불이행,건조,맑음,교차로 - 교차로안,승용,남,25세,상해없음,보행자,남,68세,경상
2023072700100564,2023년 7월 27일 20시,목요일,인천광역시 부평구 부평동,경상사고,0,0,1,0,차대차 - 측면충돌,안전운전불이행,건조,맑음,단일로 - 기타,이륜,남,20세,상해없음,화물,남,55세,상해없음
2023072800100020,2023년 7월 28일 02시,금요일,인천광역시 연수구 송도동,부상신고사고,0,0,0,1,차량단독 - 공작물충돌,안전운전불이행,건조,맑음,단일로 - 기타,개인형이동수단(PM),남,24세,부상신고,,,,
2023072800100027,2023년 7월 28일 03시,금요일,인천광역시 서구 심곡동,중상사고,0,1,0,0,차대사람 - 횡단중,신호위반,건조,맑음,교차로 - 교차로안,이륜,남,25세,상해없음,보행자,여,35세,중상
2023072800100050,2023년 7월 28일 06시,금요일,인천광역시 미추홀구 학익동,경상사고,0,0,1,0,차대사람 - 횡단중,보행자보호의무위반,건조,맑음,교차로 - 교차로부근,승용,남,42세,상해없음,보행자,여,68세,경상
2023072800100116,2023년 7월 28일 08시,금요일,인천광역시 부평구 산곡동,경상사고,0,0,1,0,차대차 - 측면충돌,안전운전불이행,건조,맑음,기타 - 기타,승용,여,54세,상해없음,승용,여,41세,경상
2023072800100117,2023년 7월 28일 08시,금요일,인천광역시 부평구 십정동,경상사고,0,0,1,0,차대차 - 측면충돌,안전운전불이행,건조,맑음,단일로 - 기타,승용,여,64세,상해없음,승용,남,70세,경상
2023072800100118,2023년 7월 28일 08시,금요일,인천광역시 서구 오류동,중상사고,0,1,0,0,차대차 - 측면충돌,신호위반,건조,맑음,교차로 - 교차로안,화물,남,50세,상해없음,승용,남,60세,중상
2023072800100119,2023년 7월 28일 08시,금요일,인천광역시 미추홀구 학익동,경상사고,0,0,1,0,차대차 - 추돌,안전운전불이행,건조,맑음,단일로 - 기타,승용,남,55세,상해없음,승용,여,40세,경상
2023072800100209,2023년 7월 28일 11시,금요일,인천광역시 남동구 구월동,경상사고,0,0,1,0,차대차 - 측면충돌,안전거리미확보,건조,맑음,교차로 - 교차로부근,승용,여,51세,상해없음,이륜,남,68세,경상
2023072800100210,2023년 7월 28일 11시,금요일,인천광역시 서구 오류동,경상사고,0,0,1,0,차대차 - 추돌,안전운전불이행,건조,맑음,교차로 - 교차로부근,화물,남,57세,상해없음,화물,남,67세,경상
2023072800100328,2023년 7월 28일 14시,금요일,인천광역시 서구 오류동,경상사고,0,0,2,0,차대차 - 추돌,안전운전불이행,건조,맑음,기타 - 기타,화물,남,58세,경상,승용,남,42세,경상
2023072800100329,2023년 7월 28일 14시,금요일,인천광역시 남동구 만수동,경상사고,0,0,1,0,차대차 - 측면충돌,안전운전불이행,건조,맑음,교차로 - 교차로부근,승용,남,62세,상해없음,승용,남,60세,경상
2023072800100362,2023년 7월 28일 15시,금요일,인천광역시 부평구 구산동,경상사고,0,0,3,0,차대차 - 추돌,안전운전불이행,건조,맑음,단일로 - 기타,승용,남,52세,경상,승용,남,66세,경상
2023072800100399,2023년 7월 28일 16시,금요일,인천광역시 미추홀구 주안동,경상사고,0,0,1,0,차대차 - 측면충돌,중앙선침범,건조,맑음,단일로 - 기타,승합,남,64세,상해없음,화물,남,48세,경상
2023072800100400,2023년 7월 28일 16시,금요일,인천광역시 미추홀구 학익동,경상사고,0,0,1,0,차대차 - 후진중충돌,안전운전불이행,건조,맑음,단일로 - 기타,승용,남,70세,상해없음,승용,여,45세,경상
2023072800100401,2023년 7월 28일 16시,금요일,인천광역시 미추홀구 용현동,경상사고,0,0,1,0,차대차 - 추돌,안전운전불이행,건조,맑음,단일로 - 기타,승용,여,52세,기타불명,승용,남,24세,경상
2023072800100402,2023년 7월 28일 16시,금요일,인천광역시 서구 연희동,경상사고,0,0,1,0,차대차 - 추돌,안전운전불이행,건조,맑음,단일로 - 기타,승용,여,31세,상해없음,화물,남,59세,경상
2023072800100458,2023년 7월 28일 17시,금요일,인천광역시 남동구 구월동,경상사고,0,0,1,0,차대차 - 측면충돌,안전거리미확보,건조,맑음,단일로 - 기타,승용,남,25세,상해없음,승용,여,37세,경상
2023072800100459,2023년 7월 28일 17시,금요일,인천광역시 연수구 송도동,경상사고,0,0,1,0,차대차 - 측면충돌,안전운전불이행,건조,맑음,단일로 - 기타,승용,여,41세,상해없음,승용,남,39세,경상
2023072800100504,2023년 7월 28일 18시,금요일,인천광역시 서구 원당동,중상사고,0,1,1,0,차대차 - 측면충돌,신호위반,건조,맑음,교차로 - 교차로안,이륜,남,43세,중상,승용,남,41세,경상
2023072800100505,2023년 7월 28일 18시,금요일,인천광역시 계양구 용종동,경상사고,0,0,1,0,차대차 - 측면충돌,안전거리미확보,건조,맑음,교차로 - 교차로부근,화물,남,66세,상해없음,승합,남,42세,경상
2023072800100537,2023년 7월 28일 19시,금요일,인천광역시 미추홀구 용현동,경상사고,0,0,1,0,차대차 - 측면충돌,교차로운행방법위반,건조,맑음,교차로 - 교차로안,승용,남,29세,상해없음,승용,남,40세,경상
2023072800100538,2023년 7월 28일 19시,금요일,인천광역시 부평구 청천동,경상사고,0,0,1,0,차대차 - 측면충돌,안전운전불이행,건조,맑음,단일로 - 기타,승용,남,36세,상해없음,승용,여,37세,경상
2023072800100574,2023년 7월 28일 20시,금요일,인천광역시 중구 운서동,경상사고,0,0,5,0,차대차 - 추돌,안전운전불이행,건조,맑음,단일로 - 기타,승용,남,62세,상해없음,승합,남,44세,경상
2023072800100575,2023년 7월 28일 20시,금요일,인천광역시 계양구 작전동,경상사고,0,0,1,0,차대차 - 정면충돌,안전운전불이행,건조,맑음,교차로 - 교차로안,승용,남,59세,상해없음,승용,남,66세,경상
2023072800100630,2023년 7월 28일 22시,금요일,인천광역시 미추홀구 문학동,중상사고,0,1,0,0,차대차 - 기타,안전운전불이행,건조,맑음,단일로 - 기타,화물,남,42세,상해없음,이륜,남,23세,중상
2023072800100631,2023년 7월 28일 22시,금요일,인천광역시 서구 가정동,경상사고,0,0,1,0,차대차 - 추돌,안전운전불이행,건조,맑음,교차로 - 교차로부근,승용,여,49세,상해없음,승용,남,40세,경상
2023072800100632,2023년 7월 28일 22시,금요일,인천광역시 서구 석남동,경상사고,0,0,1,0,차대차 - 측면충돌,신호위반,건조,맑음,교차로 - 교차로부근,승용,여,30세,상해없음,승용,남,63세,경상
2023072800100633,2023년 7월 28일 22시,금요일,인천광역시 연수구 선학동,경상사고,0,0,1,0,차대차 - 측면충돌,안전운전불이행,건조,맑음,단일로 - 기타,승용,남,57세,상해없음,이륜,남,38세,경상
2023072800100634,2023년 7월 28일 22시,금요일,인천광역시 남동구 운연동,경상사고,0,0,2,0,차대차 - 추돌,안전운전불이행,건조,맑음,교차로 - 교차로안,승용,남,35세,상해없음,승용,남,69세,경상
2023072900100045,2023년 7월 29일 02시,토요일,인천광역시 미추홀구 숭의동,중상사고,0,1,0,0,차대차 - 측면충돌,안전운전불이행,건조,맑음,단일로 - 기타,승용,남,46세,상해없음,이륜,남,42세,중상
2023072900100046,2023년 7월 29일 02시,토요일,인천광역시 부평구 부평동,경상사고,0,0,1,0,차대차 - 추돌,안전운전불이행,건조,맑음,단일로 - 기타,승용,여,34세,상해없음,승용,여,28세,경상
2023072900100078,2023년 7월 29일 06시,토요일,인천광역시 남동구 만수동,경상사고,0,0,1,0,차대차 - 측면충돌,안전운전불이행,건조,맑음,교차로 - 교차로부근,승용,여,45세,기타불명,승용,남,62세,경상
2023072900100100,2023년 7월 29일 07시,토요일,인천광역시 서구 가정동,경상사고,0,0,1,0,차대차 - 추돌,안전운전불이행,건조,맑음,기타 - 기타,승용,남,36세,상해없음,승용,남,59세,경상
2023072900100119,2023년 7월 29일 08시,토요일,인천광역시 강화군 송해면,경상사고,0,0,1,0,차대차 - 추돌,안전운전불이행,건조,맑음,단일로 - 기타,승용,남,65세,상해없음,승합,남,29세,경상
2023072900100148,2023년 7월 29일 09시,토요일,인천광역시 연수구 옥련동,중상사고,0,2,0,0,차대차 - 추돌,안전운전불이행,건조,맑음,교차로 - 교차로안,승용,여,69세,중상,승용,여,57세,중상
2023072900100176,2023년 7월 29일 10시,토요일,인천광역시 중구 운서동,경상사고,0,0,2,0,차대차 - 측면충돌,안전운전불이행,건조,맑음,단일로 - 기타,승합,남,63세,상해없음,승합,남,65세,경상
2023072900100177,2023년 7월 29일 10시,토요일,인천광역시 남동구 구월동,경상사고,0,0,1,0,차대사람 - 기타,안전운전불이행,건조,맑음,주차장 - 주차장,승용,남,80세,상해없음,보행자,남,40세,경상
2023072900100287,2023년 7월 29일 13시,토요일,인천광역시 미추홀구 숭의동,경상사고,0,0,1,0,차대차 - 기타,안전거리미확보,건조,맑음,단일로 - 기타,화물,남,34세,상해없음,자전거,여,47세,경상
2023072900100288,2023년 7월 29일 13시,토요일,인천광역시 계양구 작전동,경상사고,0,0,2,0,차대차 - 후진중충돌,안전운전불이행,건조,기타,주차장 - 주차장,승용,남,47세,상해없음,승용,남,35세,경상
2023072900100365,2023년 7월 29일 15시,토요일,인천광역시 부평구 산곡동,경상사고,0,0,1,0,차대차 - 측면충돌,신호위반,건조,맑음,기타 - 기타,승용,남,75세,상해없음,화물,남,45세,경상
2023072900100366,2023년 7월 29일 15시,토요일,인천광역시 남동구 간석동,경상사고,0,0,1,0,차량단독 - 기타,안전운전불이행,건조,맑음,단일로 - 기타,승합,남,58세,상해없음,,,,
2023072900100411,2023년 7월 29일 16시,토요일,인천광역시 중구 을왕동,경상사고,0,0,7,0,차대차 - 정면충돌,안전운전불이행,건조,맑음,교차로 - 교차로안,승용,여,49세,경상,승용,남,49세,경상
2023072900100412,2023년 7월 29일 16시,토요일,인천광역시 계양구 작전동,경상사고,0,0,1,0,차대차 - 후진중충돌,안전운전불이행,건조,기타,주차장 - 주차장,승용,남,32세,상해없음,승용,남,42세,경상
2023072900100488,2023년 7월 29일 18시,토요일,인천광역시 동구 송현동,중상사고,0,1,0,0,차대차 - 측면충돌,안전운전불이행,건조,맑음,교차로 - 교차로안,승용,남,29세,상해없음,이륜,남,40세,중상
2023072900100489,2023년 7월 29일 18시,토요일,인천광역시 중구 운서동,경상사고,0,0,1,0,차대차 - 후진중충돌,안전운전불이행,건조,맑음,교차로 - 교차로부근,승용,남,39세,상해없음,승용,여,29세,경상
2023072900100490,2023년 7월 29일 18시,토요일,인천광역시 서구 금곡동,중상사고,0,1,1,0,차대차 - 기타,안전운전불이행,건조,맑음,교차로 - 교차로안,이륜,남,44세,중상,승용,여,38세,경상
2023072900100538,2023년 7월 29일 20시,토요일,인천광역시 미추홀구 주안동,경상사고,0,0,2,0,차대차 - 측면충돌,안전거리미확보,건조,맑음,단일로 - 기타,승용,남,60세,상해없음,승용,남,31세,경상
2023072900100539,2023년 7월 29일 20시,토요일,인천광역시 남동구 만수동,경상사고,0,0,1,0,차대사람 - 기타,안전운전불이행,건조,맑음,단일로 - 기타,승용,남,55세,상해없음,보행자,남,48세,경상
2023072900100549,2023년 7월 29일 21시,토요일,인천광역시 연수구 옥련동,경상사고,0,0,1,0,차대차 - 기타,안전운전불이행,건조,맑음,교차로 - 교차로부근,개인형이동수단(PM),남,15세,상해없음,원동기,남,18세,경상
2023072900100563,2023년 7월 29일 22시,토요일,인천광역시 남동구 남촌동,경상사고,0,0,1,0,차대차 - 측면충돌,안전거리미확보,건조,맑음,단일로 - 고가도로위,승용,남,25세,상해없음,승용,남,26세,경상
2023073000100006,2023년 7월 30일 00시,일요일,인천광역시 서구 신현동,경상사고,0,0,1,0,차대차 - 추돌,안전운전불이행,건조,맑음,단일로 - 기타,승용,남,36세,상해없음,승용,남,61세,경상
2023073000100025,2023년 7월 30일 02시,일요일,인천광역시 남동구 구월동,중상사고,0,1,0,0,차대사람 - 기타,안전운전불이행,건조,맑음,단일로 - 기타,승용,남,62세,상해없음,보행자,남,30세,중상
2023073000100141,2023년 7월 30일 11시,일요일,인천광역시 중구 덕교동,중상사고,0,1,0,0,차대사람 - 차도통행중,안전운전불이행,건조,맑음,주차장 - 주차장,승용,여,60세,상해없음,보행자,여,71세,중상
2023073000100143,2023년 7월 30일 11시,일요일,인천광역시 남동구 장수동,중상사고,0,1,0,0,차대차 - 추돌,안전거리미확보,건조,맑음,단일로 - 교량,승용,남,51세,상해없음,승용,여,34세,중상
2023073000100164,2023년 7월 30일 12시,일요일,인천광역시 동구 화수동,중상사고,0,1,0,0,차대사람 - 횡단중,보행자보호의무위반,건조,맑음,교차로 - 교차로횡단보도내,원동기,남,74세,상해없음,보행자,남,45세,중상
2023073000100165,2023년 7월 30일 12시,일요일,인천광역시 서구 가정동,경상사고,0,0,1,0,차대사람 - 차도통행중,안전운전불이행,건조,맑음,단일로 - 기타,승용,남,57세,상해없음,보행자,여,92세,경상
2023073000100203,2023년 7월 30일 13시,일요일,인천광역시 미추홀구 용현동,경상사고,0,0,1,0,차대차 - 측면충돌,안전운전불이행,건조,맑음,교차로 - 교차로부근,승용,남,65세,상해없음,이륜,남,40세,경상
2023073000100204,2023년 7월 30일 13시,일요일,인천광역시 서구 석남동,경상사고,0,0,2,0,차대차 - 추돌,안전운전불이행,건조,맑음,교차로 - 교차로부근,승용,여,62세,상해없음,승용,여,36세,상해없음
2023073000100205,2023년 7월 30일 13시,일요일,인천광역시 강화군 강화읍,중상사고,0,1,0,0,차대차 - 정면충돌,중앙선침범,건조,맑음,단일로 - 지하차도(도로)내,승용,여,60세,상해없음,승용,남,26세,중상
2023073000100244,2023년 7월 30일 14시,일요일,인천광역시 연수구 송도동,중상사고,0,1,0,0,차대차 - 측면충돌,신호위반,건조,맑음,교차로 - 교차로부근,승용,여,55세,상해없음,이륜,남,39세,중상
2023073000100245,2023년 7월 30일 14시,일요일,인천광역시 남동구 논현동,경상사고,0,0,1,0,차대차 - 측면충돌,안전거리미확보,건조,맑음,단일로 - 기타,승용,여,61세,상해없음,이륜,남,30세,경상
2023073000100246,2023년 7월 30일 14시,일요일,인천광역시 남동구 서창동,중상사고,0,1,4,0,차대차 - 측면충돌,신호위반,건조,맑음,교차로 - 교차로안,이륜,남,50세,상해없음,승용,남,40세,경상
2023073000100279,2023년 7월 30일 15시,일요일,인천광역시 서구 신현동,경상사고,0,0,2,0,차대차 - 측면충돌,안전운전불이행,건조,맑음,단일로 - 기타,이륜,남,31세,상해없음,승용,남,29세,경상
2023073000100300,2023년 7월 30일 16시,일요일,인천광역시 연수구 송도동,경상사고,0,0,1,0,차대차 - 추돌,안전운전불이행,건조,맑음,단일로 - 기타,승용,남,51세,상해없음,승용,남,47세,경상
2023073000100323,2023년 7월 30일 17시,일요일,인천광역시 남동구 구월동,경상사고,0,0,3,0,차대차 - 추돌,안전운전불이행,건조,맑음,교차로 - 교차로부근,승용,남,66세,상해없음,승용,남,46세,경상
2023073000100354,2023년 7월 30일 18시,일요일,인천광역시 남동구 간석동,경상사고,0,0,1,0,차대차 - 기타,안전운전불이행,건조,맑음,교차로 - 교차로부근,승용,남,27세,상해없음,이륜,남,24세,경상
2023073000100355,2023년 7월 30일 18시,일요일,인천광역시 서구 석남동,중상사고,0,2,2,0,차대차 - 측면충돌,신호위반,건조,맑음,교차로 - 교차로안,승용,여,31세,상해없음,승용,남,64세,경상
2023073000100393,2023년 7월 30일 20시,일요일,인천광역시 계양구 노오지동,경상사고,0,0,1,0,차대차 - 측면충돌,안전거리미확보,건조,맑음,단일로 - 교량,승용,남,70세,상해없음,승용,남,26세,경상
2023073000100426,2023년 7월 30일 22시,일요일,인천광역시 계양구 효성동,경상사고,0,0,1,0,차대차 - 측면충돌,안전운전불이행,건조,맑음,교차로 - 교차로안,승용,여,45세,상해없음,승용,여,45세,경상
2023073000100436,2023년 7월 30일 23시,일요일,인천광역시 중구 남북동,중상사고,0,1,0,0,차대차 - 추돌,안전운전불이행,건조,맑음,단일로 - 기타,승용,여,57세,상해없음,승용,여,55세,중상
2023073000100437,2023년 7월 30일 23시,일요일,인천광역시 계양구 병방동,경상사고,0,0,1,0,차대차 - 추돌,신호위반,건조,맑음,단일로 - 기타,승용,여,52세,상해없음,승용,남,32세,경상
2023073100100122,2023년 7월 31일 09시,월요일,인천광역시 강화군 선원면,경상사고,0,0,1,0,차대차 - 측면충돌,안전운전불이행,건조,맑음,단일로 - 고가도로위,건설기계,남,46세,상해없음,승용,여,53세,경상
2023073100100191,2023년 7월 31일 11시,월요일,인천광역시 미추홀구 도화동,부상신고사고,0,0,0,1,차대사람 - 차도통행중,안전운전불이행,건조,맑음,교차로 - 교차로부근,화물,남,69세,상해없음,보행자,여,21세,부상신고
2023073100100292,2023년 7월 31일 14시,월요일,인천광역시 계양구 서운동,중상사고,0,1,2,0,차대차 - 추돌,차로위반,건조,맑음,단일로 - 고가도로위,승용,남,59세,상해없음,화물,남,43세,중상
2023073100100325,2023년 7월 31일 15시,월요일,인천광역시 계양구 작전동,경상사고,0,0,3,0,차대차 - 측면충돌,안전운전불이행,건조,맑음,단일로 - 기타,승용,여,28세,상해없음,승용,남,26세,경상
2023073100100370,2023년 7월 31일 16시,월요일,인천광역시 미추홀구 용현동,경상사고,0,0,1,0,차대차 - 측면충돌,안전운전불이행,건조,맑음,단일로 - 기타,승용,남,63세,상해없음,승용,남,34세,경상
2023073100100371,2023년 7월 31일 16시,월요일,인천광역시 강화군 화도면,중상사고,0,1,0,0,차대사람 - 횡단중,안전운전불이행,건조,맑음,단일로 - 지하차도(도로)내,승용,남,75세,상해없음,보행자,여,39세,중상
2023073100100372,2023년 7월 31일 16시,월요일,인천광역시 연수구 청학동,경상사고,0,0,1,0,차대차 - 측면충돌,신호위반,건조,맑음,교차로 - 교차로안,승용,여,36세,상해없음,승용,남,56세,경상
2023073100100373,2023년 7월 31일 16시,월요일,인천광역시 연수구 청학동,경상사고,0,0,2,0,차대차 - 기타,안전운전불이행,건조,맑음,교차로 - 교차로부근,승합,남,57세,상해없음,화물,남,48세,경상
2023073100100413,2023년 7월 31일 17시,월요일,인천광역시 서구 심곡동,경상사고,0,0,1,0,차대차 - 후진중충돌,안전운전불이행,건조,맑음,기타 - 기타,승용,남,65세,상해없음,승용,남,21세,경상
2023073100100460,2023년 7월 31일 18시,월요일,인천광역시 중구 운남동,경상사고,0,0,1,0,차대차 - 측면충돌,교차로운행방법위반,건조,맑음,교차로 - 교차로부근,승용,남,48세,상해없음,승용,남,48세,경상
2023073100100461,2023년 7월 31일 18시,월요일,인천광역시 남동구 구월동,경상사고,0,0,1,0,차대차 - 측면충돌,기타,건조,맑음,기타 - 기타,개인형이동수단(PM),남,64세,경상,승용,남,64세,상해없음
2023073100100462,2023년 7월 31일 18시,월요일,인천광역시 남동구 간석동,경상사고,0,0,1,0,차대차 - 추돌,안전운전불이행,건조,맑음,단일로 - 기타,승용,남,29세,상해없음,승용,여,48세,경상
2023073100100463,2023년 7월 31일 18시,월요일,인천광역시 남동구 만수동,경상사고,0,0,1,0,차대사람 - 기타,안전운전불이행,건조,맑음,단일로 - 기타,개인형이동수단(PM),남,14세,상해없음,보행자,남,63세,경상
2023073100100516,2023년 7월 31일 20시,월요일,인천광역시 남동구 간석동,경상사고,0,0,3,0,차대차 - 추돌,안전운전불이행,건조,맑음,단일로 - 기타,승용,남,67세,상해없음,승용,여,29세,경상
2023073100100517,2023년 7월 31일 20시,월요일,인천광역시 남동구 논현동,중상사고,0,1,0,0,차대차 - 추돌,안전운전불이행,건조,맑음,교차로 - 교차로안,승용,남,51세,상해없음,승용,남,73세,중상
2023073100100535,2023년 7월 31일 21시,월요일,인천광역시 미추홀구 문학동,경상사고,0,0,1,0,차대차 - 기타,안전운전불이행,건조,맑음,단일로 - 기타,건설기계,남,48세,상해없음,승용,남,48세,경상
2023073100100554,2023년 7월 31일 22시,월요일,인천광역시 서구 백석동,경상사고,0,0,2,0,차대차 - 측면충돌,안전운전불이행,건조,맑음,교차로 - 교차로부근,승용,남,41세,상해없음,승용,남,74세,경상
2023080100100013,2023년 8월 1일 01시,화요일,인천광역시 남동구 간석동,경상사고,0,0,2,0,차대차 - 기타,안전운전불이행,건조,맑음,단일로 - 기타,승용,남,31세,경상,이륜,남,26세,기타불명
2023080100100029,2023년 8월 1일 04시,화요일,인천광역시 중구 신흥동3가,경상사고,0,0,1,0,차대차 - 추돌,안전운전불이행,건조,맑음,교차로 - 교차로부근,승용,남,42세,상해없음,승용,남,22세,경상
2023080100100075,2023년 8월 1일 07시,화요일,인천광역시 연수구 송도동,경상사고,0,0,2,0,차대차 - 측면충돌,안전거리미확보,건조,맑음,교차로 - 교차로횡단보도내,승용,여,52세,상해없음,승용,남,53세,경상
2023080100100097,2023년 8월 1일 08시,화요일,인천광역시 미추홀구 숭의동,경상사고,0,0,2,0,차대차 - 측면충돌,안전운전불이행,건조,맑음,교차로 - 교차로안,승용,남,53세,상해없음,승용,남,61세,경상
2023080100100127,2023년 8월 1일 09시,화요일,인천광역시 미추홀구 주안동,경상사고,0,0,1,0,차대차 - 측면충돌,안전운전불이행,건조,맑음,단일로 - 기타,승용,남,63세,기타불명,승용,남,73세,경상
2023080100100186,2023년 8월 1일 11시,화요일,인천광역시 서구 마전동,경상사고,0,0,2,0,차대차 - 측면충돌,안전거리미확보,건조,맑음,단일로 - 기타,건설기계,남,60세,경상,승용,남,34세,경상
2023080100100216,2023년 8월 1일 12시,화요일,인천광역시 미추홀구 용현동,중상사고,0,1,0,0,차대차 - 기타,안전운전불이행,건조,맑음,교차로 - 교차로안,이륜,남,42세,중상,승용,남,34세,상해없음
2023080100100217,2023년 8월 1일 12시,화요일,인천광역시 남동구 고잔동,중상사고,0,1,2,0,차대차 - 측면충돌,신호위반,건조,맑음,단일로 - 지하차도(도로)내,승합,남,59세,상해없음,승용,남,61세,중상
2023080100100259,2023년 8월 1일 13시,화요일,인천광역시 부평구 청천동,경상사고,0,0,1,0,차대차 - 측면충돌,안전운전불이행,건조,흐림,교차로 - 교차로부근,승용,여,60세,상해없음,승용,남,32세,경상