사고번호,사고일시,요일,시군구,사고내용,사망자수,중상자수,경상자수,부상신고자수,사고유형,법규위반,노면상태,기상상태,도로형태,가해운전자 차종,가해운전자 성별,가해운전자 연령,가해운전자 상해정도,피해운전자 차종,피해운전자 성별,피해운전자 연령,피해운전자 상해정도
2023081200100393,2023년 8월 12일 17시,토요일,인천광역시 연수구 청학동,경상사고,0,0,1,0,차대차 - 추돌,안전운전불이행,건조,맑음,단일로 - 기타,승용,남,53세,상해없음,승용,여,57세,경상
2023081200100394,2023년 8월 12일 17시,토요일,인천광역시 부평구 부평동,경상사고,0,0,1,0,차대차 - 측면충돌,안전운전불이행,건조,맑음,교차로 - 교차로부근,이륜,남,47세,상해없음,승용,여,29세,경상
2023081200100422,2023년 8월 12일 18시,토요일,인천광역시 서구 마전동,경상사고,0,0,1,0,차대사람 - 횡단중,보행자보호의무위반,건조,맑음,교차로 - 교차로횡단보도내,승용,여,28세,상해없음,보행자,여,52세,경상
2023081200100442,2023년 8월 12일 19시,토요일,인천광역시 계양구 작전동,경상사고,0,0,1,0,차대차 - 측면충돌,안전거리미확보,건조,맑음,단일로 - 기타,승용,여,37세,상해없음,승용,남,39세,경상
2023081200100483,2023년 8월 12일 21시,토요일,인천광역시 부평구 십정동,경상사고,0,0,1,0,차대사람 - 기타,안전운전불이행,건조,맑음,단일로 - 기타,승용,남,68세,상해없음,보행자,여,39세,경상
2023081200100484,2023년 8월 12일 21시,토요일,인천광역시 서구 가좌동,경상사고,0,0,1,0,차대사람 - 차도통행중,안전운전불이행,건조,맑음,단일로 - 기타,승용,남,72세,상해없음,보행자,여,62세,경상
2023081200100504,2023년 8월 12일 22시,토요일,인천광역시 남동구 장수동,경상사고,0,0,1,0,차대차 - 추돌,안전운전불이행,건조,맑음,교차로 - 교차로횡단보도내,승용,남,40세,상해없음,승용,여,41세,경상
2023081200100525,2023년 8월 12일 23시,토요일,인천광역시 미추홀구 문학동,경상사고,0,0,1,0,차대차 - 측면충돌,안전운전불이행,건조,맑음,교차로 - 교차로부근,승용,남,43세,상해없음,이륜,남,42세,경상
2023081300100027,2023년 8월 13일 02시,일요일,인천광역시 미추홀구 용현동,경상사고,0,0,1,0,차대차 - 측면충돌,신호위반,건조,맑음,교차로 - 교차로안,승용,여,51세,상해없음,이륜,남,30세,경상
2023081300100028,2023년 8월 13일 02시,일요일,인천광역시 남동구 구월동,중상사고,0,1,2,0,차대차 - 후진중충돌,안전운전불이행,건조,맑음,단일로 - 기타,원동기,남,19세,중상,승용,남,60세,경상
2023081300100062,2023년 8월 13일 07시,일요일,인천광역시 계양구 동양동,경상사고,0,0,1,0,차대차 - 측면충돌,안전운전불이행,건조,흐림,단일로 - 기타,화물,남,66세,상해없음,승용,남,67세,경상
2023081300100132,2023년 8월 13일 11시,일요일,인천광역시 계양구 계산동,중상사고,0,1,0,0,차대차 - 측면충돌,안전운전불이행,건조,맑음,단일로 - 기타,이륜,남,33세,상해없음,이륜,남,64세,중상
2023081300100151,2023년 8월 13일 12시,일요일,인천광역시 연수구 송도동,중상사고,0,1,0,0,차대차 - 측면충돌,안전거리미확보,건조,맑음,단일로 - 기타,승용,여,67세,상해없음,승용,남,30세,중상
2023081300100257,2023년 8월 13일 16시,일요일,인천광역시 미추홀구 학익동,중상사고,0,1,0,0,차대차 - 측면충돌,신호위반,건조,맑음,단일로 - 기타,승용,남,65세,상해없음,이륜,여,47세,중상
2023081300100258,2023년 8월 13일 16시,일요일,인천광역시 강화군 선원면,경상사고,0,0,2,0,차대차 - 측면충돌,안전운전불이행,건조,맑음,단일로 - 지하차도(도로)내,승용,남,21세,상해없음,승용,남,30세,경상
2023081300100282,2023년 8월 13일 17시,일요일,인천광역시 서구 신현동,사망사고,1,0,0,0,차대사람 - 차도통행중,안전운전불이행,건조,맑음,단일로 - 터널,승용,남,52세,상해없음,보행자,남,49세,사망
2023081300100283,2023년 8월 13일 17시,일요일,인천광역시 남동구 논현동,경상사고,0,0,2,0,차대차 - 측면충돌,안전운전불이행,건조,맑음,교차로 - 교차로안,승용,여,18세,상해없음,승용,남,37세,경상
2023081300100301,2023년 8월 13일 18시,일요일,인천광역시 남동구 고잔동,경상사고,0,0,4,0,차대차 - 측면충돌,신호위반,건조,맑음,교차로 - 교차로안,승용,여,42세,상해없음,승용,남,70세,경상
2023081300100363,2023년 8월 13일 22시,일요일,인천광역시 미추홀구 용현동,경상사고,0,0,1,0,차대차 - 측면충돌,안전운전불이행,건조,맑음,기타 - 기타,승용,남,28세,상해없음,승용,여,42세,경상
2023081300100364,2023년 8월 13일 22시,일요일,인천광역시 남동구 구월동,중상사고,0,1,1,0,차대차 - 정면충돌,신호위반,건조,맑음,교차로 - 교차로횡단보도내,이륜,남,47세,기타불명,승용,남,71세,중상
2023081300100370,2023년 8월 13일 23시,일요일,인천광역시 남동구 만수동,경상사고,0,0,1,0,차대차 - 추돌,중앙선침범,건조,맑음,단일로 - 기타,승용,남,71세,상해없음,승용,남,31세,경상
2023081300100371,2023년 8월 13일 23시,일요일,인천광역시 서구 심곡동,부상신고사고,0,0,0,1,차대사람 - 기타,안전운전불이행,건조,맑음,단일로 - 기타,승용,남,58세,상해없음,보행자,여,32세,부상신고
2023081300100372,2023년 8월 13일 23시,일요일,인천광역시 서구 원당동,경상사고,0,0,1,0,차대차 - 측면충돌,신호위반,건조,맑음,교차로 - 교차로안,승용,남,29세,상해없음,승용,여,42세,경상
2023081400100008,2023년 8월 14일 00시,월요일,인천광역시 계양구 병방동,중상사고,0,1,0,0,차대사람 - 기타,안전운전불이행,건조,맑음,교차로 - 교차로부근,승용,남,29세,상해없음,보행자,여,59세,중상
2023081400100043,2023년 8월 14일 06시,월요일,인천광역시 계양구 임학동,경상사고,0,0,1,0,차대차 - 추돌,안전운전불이행,건조,맑음,단일로 - 기타,승용,남,53세,상해없음,승용,남,70세,경상
2023081400100060,2023년 8월 14일 07시,월요일,인천광역시 미추홀구 주안동,경상사고,0,0,2,0,차대차 - 추돌,안전거리미확보,건조,맑음,단일로 - 기타,화물,남,37세,상해없음,승용,남,43세,경상
2023081400100092,2023년 8월 14일 08시,월요일,인천광역시 중구 덕교동,경상사고,0,0,2,0,차대차 - 추돌,안전운전불이행,기타,맑음,기타 - 기타,화물,남,28세,경상,승합,남,53세,상해없음
2023081400100209,2023년 8월 14일 11시,월요일,인천광역시 남동구 간석동,경상사고,0,0,3,0,차대차 - 후진중충돌,불법유턴,건조,맑음,단일로 - 기타,승용,남,37세,경상,승용,여,47세,경상
2023081400100210,2023년 8월 14일 11시,월요일,인천광역시 서구 연희동,부상신고사고,0,0,0,1,차대사람 - 횡단중,안전운전불이행,건조,맑음,단일로 - 기타,기타불명,기타불명,미분류,기타불명,보행자,남,58세,부상신고
2023081400100243,2023년 8월 14일 12시,월요일,인천광역시 서구 가좌동,경상사고,0,0,1,0,차대차 - 측면충돌,안전운전불이행,건조,맑음,교차로 - 교차로부근,승합,남,49세,상해없음,승용,남,33세,경상
2023081400100283,2023년 8월 14일 13시,월요일,인천광역시 서구 검암동,경상사고,0,0,1,0,차대차 - 측면충돌,안전거리미확보,건조,맑음,단일로 - 기타,승용,여,44세,상해없음,승용,여,34세,경상
2023081400100324,2023년 8월 14일 14시,월요일,인천광역시 미추홀구 도화동,부상신고사고,0,0,0,1,차대사람 - 횡단중,안전운전불이행,건조,맑음,교차로 - 교차로안,승용,여,63세,상해없음,보행자,남,40세,부상신고
2023081400100325,2023년 8월 14일 14시,월요일,인천광역시 미추홀구 학익동,경상사고,0,0,2,0,차대차 - 추돌,안전운전불이행,건조,맑음,교차로 - 교차로부근,승용,남,21세,상해없음,승용,남,43세,경상
2023081400100372,2023년 8월 14일 15시,월요일,인천광역시 부평구 부평동,경상사고,0,0,3,0,차대차 - 측면충돌,안전운전불이행,건조,맑음,단일로 - 기타,승용,여,23세,상해없음,승용,여,51세,경상
2023081400100373,2023년 8월 14일 15시,월요일,인천광역시 남동구 만수동,경상사고,0,0,2,0,차대차 - 정면충돌,안전운전불이행,건조,맑음,교차로 - 교차로부근,자전거,남,10세,경상,승용,여,55세,경상
2023081400100374,2023년 8월 14일 15시,월요일,인천광역시 부평구 삼산동,경상사고,0,0,1,0,차대차 - 측면충돌,안전거리미확보,건조,맑음,단일로 - 기타,승용,남,45세,상해없음,화물,남,41세,경상
2023081400100458,2023년 8월 14일 17시,월요일,인천광역시 남동구 수산동,경상사고,0,0,1,0,차대차 - 추돌,안전운전불이행,건조,맑음,교차로 - 교차로부근,승용,남,73세,상해없음,승용,남,57세,경상
2023081400100521,2023년 8월 14일 19시,월요일,인천광역시 미추홀구 용현동,경상사고,0,0,1,0,차대차 - 후진중충돌,안전운전불이행,건조,맑음,기타 - 기타,승용,남,38세,경상,승용,남,49세,기타불명
2023081400100542,2023년 8월 14일 20시,월요일,인천광역시 남동구 구월동,경상사고,0,0,1,0,차량단독 - 기타,안전운전불이행,건조,맑음,교차로 - 교차로부근,승합,남,60세,상해없음,,,,
2023081400100566,2023년 8월 14일 21시,월요일,인천광역시 계양구 작전동,경상사고,0,0,1,0,차대사람 - 기타,안전운전불이행,건조,맑음,단일로 - 기타,승용,남,52세,상해없음,보행자,남,26세,경상
2023081400100567,2023년 8월 14일 21시,월요일,인천광역시 연수구 동춘동,중상사고,0,1,0,0,차대사람 - 보도통행중,기타,건조,맑음,단일로 - 지하차도(도로)내,개인형이동수단(PM),남,16세,상해없음,보행자,남,47세,중상
2023081400100568,2023년 8월 14일 21시,월요일,인천광역시 남동구 수산동,경상사고,0,0,2,0,차대차 - 측면충돌,신호위반,건조,맑음,교차로 - 교차로안,승용,남,42세,상해없음,승용,남,72세,경상
2023081500100051,2023년 8월 15일 04시,화요일,인천광역시 미추홀구 주안동,경상사고,0,0,1,0,차대사람 - 기타,안전운전불이행,건조,맑음,기타 - 기타,승용,남,38세,기타불명,보행자,여,38세,경상
2023081500100067,2023년 8월 15일 06시,화요일,인천광역시 중구 운서동,경상사고,0,0,1,0,차대차 - 측면충돌,안전운전불이행,건조,맑음,교차로 - 교차로부근,승용,여,54세,기타불명,건설기계,남,49세,경상
2023081500100094,2023년 8월 15일 08시,화요일,인천광역시 연수구 송도동,경상사고,0,0,1,0,차량단독 - 기타,기타,건조,맑음,단일로 - 기타,승합,남,49세,상해없음,,,,
2023081500100111,2023년 8월 15일 09시,화요일,인천광역시 부평구 부평동,경상사고,0,0,1,0,차대사람 - 기타,안전운전불이행,건조,맑음,단일로 - 기타,승용,남,70세,상해없음,보행자,여,66세,경상
2023081500100204,2023년 8월 15일 12시,화요일,인천광역시 남동구 서창동,경상사고,0,0,1,0,차대차 - 측면충돌,안전거리미확보,건조,맑음,단일로 - 기타,승용,남,63세,상해없음,화물,남,42세,경상
2023081500100261,2023년 8월 15일 14시,화요일,인천광역시 미추홀구 도화동,경상사고,0,0,1,0,차대사람 - 횡단중,보행자보호의무위반,건조,맑음,교차로 - 교차로부근,승용,남,34세,상해없음,보행자,여,62세,경상
2023081500100262,2023년 8월 15일 14시,화요일,인천광역시 강화군 교동면,경상사고,0,0,1,0,차대사람 - 차도통행중,안전운전불이행,건조,맑음,단일로 - 기타,승용,남,53세,상해없음,보행자,남,11세,경상
2023081500100316,2023년 8월 15일 16시,화요일,인천광역시 서구 석남동,경상사고,0,0,1,0,차대차 - 추돌,안전운전불이행,건조,맑음,기타 - 기타,이륜,남,20세,상해없음,이륜,남,48세,경상
2023081500100317,2023년 8월 15일 16시,화요일,인천광역시 서구 마전동,경상사고,0,0,1,0,차대차 - 기타,안전운전불이행,건조,맑음,기타 - 기타,승용,여,44세,상해없음,이륜,남,36세,경상
2023081500100357,2023년 8월 15일 17시,화요일,인천광역시 연수구 연수동,중상사고,0,2,0,0,차대차 - 정면충돌,중앙선침범,건조,맑음,단일로 - 기타,승용,여,49세,상해없음,승용,남,42세,중상
2023081500100377,2023년 8월 15일 18시,화요일,인천광역시 중구 관동2가,경상사고,0,0,1,0,차대사람 - 보도통행중,안전운전불이행,건조,맑음,교차로 - 교차로안,화물,남,28세,기타불명,보행자,남,26세,경상
2023081500100378,2023년 8월 15일 18시,화요일,인천광역시 부평구 갈산동,중상사고,0,1,0,0,차대차 - 측면충돌,신호위반,건조,맑음,단일로 - 기타,승용,여,32세,상해없음,자전거,남,85세,중상
2023081500100379,2023년 8월 15일 18시,화요일,인천광역시 서구 석남동,경상사고,0,0,2,0,차대차 - 후진중충돌,안전운전불이행,건조,맑음,단일로 - 기타,승용,남,64세,상해없음,화물,남,35세,경상
2023081500100397,2023년 8월 15일 19시,화요일,인천광역시 중구 운서동,중상사고,0,1,0,0,차대차 - 측면충돌,교차로운행방법위반,건조,맑음,교차로 - 교차로횡단보도내,승용,남,26세,상해없음,자전거,남,47세,중상
2023081500100431,2023년 8월 15일 20시,화요일,인천광역시 남동구 만수동,중상사고,0,1,0,0,차량단독 - 공작물충돌,안전운전불이행,건조,맑음,기타 - 기타,승용,남,70세,상해없음,,,,
2023081500100444,2023년 8월 15일 21시,화요일,인천광역시 서구 가좌동,중상사고,0,4,1,0,차대차 - 추돌,안전운전불이행,건조,맑음,단일로 - 기타,화물,여,42세,상해없음,승용,남,53세,중상
2023081500100460,2023년 8월 15일 22시,화요일,인천광역시 계양구 효성동,중상사고,0,1,1,0,차대차 - 측면충돌,안전거리미확보,건조,맑음,단일로 - 교량,승용,남,32세,상해없음,승용,남,58세,중상
2023081500100475,2023년 8월 15일 23시,화요일,인천광역시 미추홀구 관교동,경상사고,0,0,2,0,차대차 - 측면충돌,신호위반,건조,맑음,교차로 - 교차로안,승용,남,36세,상해없음,승용,남,30세,경상
2023081600100022,2023년 8월 16일 04시,수요일,인천광역시 계양구 계산동,중상사고,0,1,3,0,차대차 - 정면충돌,중앙선침범,건조,맑음,단일로 - 기타,이륜,남,27세,기타불명,승용,여,29세,경상
2023081600100042,2023년 8월 16일 06시,수요일,인천광역시 부평구 삼산동,경상사고,0,0,1,0,차대차 - 측면충돌,안전거리미확보,건조,맑음,단일로 - 교량,승용,남,63세,상해없음,승용,남,32세,경상
2023081600100089,2023년 8월 16일 08시,수요일,인천광역시 부평구 부평동,경상사고,0,0,1,0,차대차 - 후진중충돌,안전운전불이행,건조,맑음,교차로 - 교차로부근,승용,남,72세,상해없음,승용,여,30세,경상
2023081600100215,2023년 8월 16일 11시,수요일,인천광역시 서구 석남동,중상사고,0,1,0,0,차대사람 - 횡단중,안전운전불이행,건조,맑음,교차로 - 교차로안,승용,여,64세,상해없음,보행자,여,71세,중상
2023081600100254,2023년 8월 16일 12시,수요일,인천광역시 부평구 십정동,경상사고,0,0,1,0,차대차 - 추돌,안전운전불이행,건조,맑음,단일로 - 기타,승용,남,65세,상해없음,승용,여,26세,경상
2023081600100255,2023년 8월 16일 12시,수요일,인천광역시 서구 연희동,경상사고,0,0,1,0,차대사람 - 기타,안전운전불이행,건조,맑음,단일로 - 기타,승용,남,45세,상해없음,보행자,여,10세,경상
2023081600100256,2023년 8월 16일 12시,수요일,인천광역시 계양구 효성동,경상사고,0,0,1,0,차대차 - 추돌,차로위반,건조,맑음,단일로 - 고가도로위,승용,남,51세,상해없음,승용,남,45세,경상
2023081600100327,2023년 8월 16일 14시,수요일,인천광역시 남동구 구월동,중상사고,0,1,0,0,차대사람 - 횡단중,보행자보호의무위반,건조,맑음,교차로 - 교차로횡단보도내,화물,남,37세,상해없음,보행자,여,66세,중상
2023081600100328,2023년 8월 16일 14시,수요일,인천광역시 계양구 박촌동,경상사고,0,0,1,0,차대차 - 측면충돌,신호위반,건조,맑음,단일로 - 기타,승용,남,34세,상해없음,특수,남,49세,경상
2023081600100365,2023년 8월 16일 15시,수요일,인천광역시 서구 가정동,경상사고,0,0,2,0,차대차 - 측면충돌,안전운전불이행,건조,맑음,교차로 - 교차로안,승용,여,30세,상해없음,승용,남,40세,경상
2023081600100490,2023년 8월 16일 18시,수요일,인천광역시 연수구 송도동,경상사고,0,0,1,0,차대차 - 정면충돌,안전운전불이행,건조,맑음,교차로 - 교차로안,승용,여,38세,상해없음,승용,남,32세,경상
2023081600100530,2023년 8월 16일 19시,수요일,인천광역시 서구 가정동,경상사고,0,0,2,0,차대차 - 측면충돌,안전거리미확보,건조,맑음,단일로 - 기타,승용,남,72세,상해없음,승용,남,46세,경상
2023081700100021,2023년 8월 17일 03시,목요일,인천광역시 부평구 부개동,사망사고,1,0,0,0,차대사람 - 횡단중,신호위반,건조,기타,단일로 - 기타,승용,남,30세,기타불명,보행자,남,32세,사망
2023081700100063,2023년 8월 17일 07시,목요일,인천광역시 남동구 구월동,경상사고,0,0,1,0,차대차 - 측면충돌,신호위반,건조,맑음,교차로 - 교차로부근,승용,여,62세,상해없음,승용,여,56세,경상
2023081700100126,2023년 8월 17일 09시,목요일,인천광역시 남동구 구월동,경상사고,0,0,1,0,차대차 - 기타,안전운전불이행,건조,맑음,단일로 - 기타,승용,남,52세,상해없음,승용,남,28세,경상
2023081700100300,2023년 8월 17일 14시,목요일,인천광역시 남동구 고잔동,부상신고사고,0,0,0,1,차대차 - 측면충돌,안전운전불이행,건조,맑음,교차로 - 교차로부근,특수,남,62세,상해없음,특수,남,64세,부상신고
2023081700100365,2023년 8월 17일 16시,목요일,인천광역시 부평구 청천동,경상사고,0,0,1,0,차대차 - 측면충돌,신호위반,건조,맑음,단일로 - 기타,승용,남,66세,상해없음,승용,남,62세,경상
2023081700100402,2023년 8월 17일 17시,목요일,인천광역시 중구 인현동,경상사고,0,0,1,0,차대사람 - 기타,안전운전불이행,건조,맑음,단일로 - 기타,승합,남,65세,상해없음,보행자,남,32세,경상
2023081700100403,2023년 8월 17일 17시,목요일,인천광역시 남동구 구월동,중상사고,0,1,0,0,차량단독 - 기타,안전운전불이행,건조,맑음,단일로 - 기타,승합,남,55세,상해없음,,,,
2023081700100436,2023년 8월 17일 18시,목요일,인천광역시 부평구 청천동,경상사고,0,0,1,0,차대차 - 측면충돌,안전운전불이행,건조,맑음,단일로 - 기타,승용,여,36세,상해없음,화물,남,46세,경상
2023081700100437,2023년 8월 17일 18시,목요일,인천광역시 연수구 동춘동,경상사고,0,0,2,0,차대차 - 측면충돌,신호위반,건조,맑음,단일로 - 교량,특수,남,32세,상해없음,승용,여,37세,경상
2023081700100438,2023년 8월 17일 18시,목요일,인천광역시 남동구 고잔동,경상사고,0,0,1,0,차대차 - 측면충돌,안전운전불이행,건조,맑음,기타 - 기타,화물,남,43세,기타불명,승용,남,68세,경상
2023081700100484,2023년 8월 17일 19시,목요일,인천광역시 부평구 부평동,경상사고,0,0,1,0,차대차 - 측면충돌,안전운전불이행,건조,맑음,기타 - 기타,승용,남,63세,상해없음,자전거,남,39세,경상
2023081700100571,2023년 8월 17일 23시,목요일,인천광역시 미추홀구 주안동,경상사고,0,0,1,0,차대차 - 측면충돌,안전운전불이행,건조,맑음,교차로 - 교차로부근,승용,여,28세,상해없음,승합,남,49세,상해없음
2023081800100046,2023년 8월 18일 06시,금요일,인천광역시 계양구 서운동,경상사고,0,0,2,0,차대차 - 추돌,안전거리미확보,건조,맑음,기타 - 기타,화물,남,57세,상해없음,승용,남,58세,경상
2023081800100070,2023년 8월 18일 07시,금요일,인천광역시 서구 금곡동,중상사고,0,1,0,0,차대사람 - 횡단중,안전운전불이행,건조,맑음,단일로 - 기타,이륜,남,56세,상해없음,보행자,여,58세,중상
2023081800100071,2023년 8월 18일 07시,금요일,인천광역시 서구 연희동,경상사고,0,0,1,0,차대차 - 기타,안전운전불이행,건조,맑음,기타 - 기타,승용,남,30세,상해없음,승용,남,29세,경상
2023081800100107,2023년 8월 18일 08시,금요일,인천광역시 서구 청라동,중상사고,0,1,0,0,차대차 - 측면충돌,안전운전불이행,건조,맑음,교차로 - 교차로안,승용,남,56세,상해없음,자전거,남,12세,중상
2023081800100152,2023년 8월 18일 09시,금요일,인천광역시 남동구 구월동,경상사고,0,0,2,0,차대차 - 추돌,안전운전불이행,건조,맑음,교차로 - 교차로부근,승용,남,77세,상해없음,승용,남,27세,경상
2023081800100153,2023년 8월 18일 09시,금요일,인천광역시 서구 오류동,경상사고,0,0,1,0,차대차 - 추돌,안전운전불이행,건조,맑음,교차로 - 교차로안,건설기계,남,70세,상해없음,건설기계,남,39세,경상
2023081800100154,2023년 8월 18일 09시,금요일,인천광역시 부평구 부개동,중상사고,0,1,0,0,차대차 - 측면충돌,교차로운행방법위반,건조,맑음,단일로 - 기타,승용,여,51세,상해없음,승용,여,53세,중상
2023081800100155,2023년 8월 18일 09시,금요일,인천광역시 서구 검암동,중상사고,0,1,4,0,차대차 - 추돌,안전운전불이행,건조,맑음,단일로 - 교량,화물,남,65세,중상,승용,남,68세,경상
2023081800100192,2023년 8월 18일 10시,금요일,인천광역시 미추홀구 학익동,경상사고,0,0,1,0,차대차 - 측면충돌,중앙선침범,건조,맑음,단일로 - 기타,승용,남,69세,상해없음,이륜,남,32세,경상
2023081800100193,2023년 8월 18일 10시,금요일,인천광역시 서구 석남동,경상사고,0,0,1,0,차대차 - 정면충돌,신호위반,건조,맑음,교차로 - 교차로안,승용,남,71세,상해없음,화물,남,69세,경상
2023081800100263,2023년 8월 18일 12시,금요일,인천광역시 남동구 도림동,중상사고,0,1,0,0,차대차 - 정면충돌,안전운전불이행,건조,맑음,교차로 - 교차로부근,승용,여,59세,기타불명,승용,여,32세,중상
2023081800100299,2023년 8월 18일 13시,금요일,인천광역시 남동구 간석동,경상사고,0,0,1,0,차대사람 - 길가장자리구역통행중,안전운전불이행,건조,맑음,단일로 - 기타,승용,여,55세,상해없음,보행자,남,22세,경상
2023081800100333,2023년 8월 18일 14시,금요일,인천광역시 미추홀구 주안동,경상사고,0,0,1,0,차대차 - 측면충돌,안전운전불이행,건조,맑음,교차로 - 교차로안,원동기,남,71세,경상,승용,여,55세,상해없음
2023081800100355,2023년 8월 18일 15시,금요일,인천광역시 부평구 갈산동,중상사고,0,1,0,0,차대차 - 측면충돌,안전운전불이행,건조,맑음,교차로 - 교차로부근,승용,남,69세,상해없음,원동기,남,73세,중상
2023081800100399,2023년 8월 18일 16시,금요일,인천광역시 계양구 계산동,경상사고,0,0,1,0,차대차 - 추돌,안전운전불이행,건조,맑음,교차로 - 교차로부근,승용,남,73세,경상,화물,남,50세,상해없음
2023081800100461,2023년 8월 18일 17시,금요일,인천광역시 부평구 산곡동,경상사고,0,0,2,0,차대차 - 측면충돌,안전운전불이행,건조,맑음,교차로 - 교차로부근,승용,여,55세,상해없음,승용,남,31세,경상
2023081800100515,2023년 8월 18일 18시,금요일,인천광역시 미추홀구 주안동,경상사고,0,0,1,0,차대차 - 측면충돌,차로위반,건조,맑음,단일로 - 기타,승용,남,62세,상해없음,승용,남,40세,경상
2023081800100516,2023년 8월 18일 18시,금요일,인천광역시 서구 백석동,경상사고,0,0,1,0,차대차 - 기타,안전운전불이행,건조,맑음,기타 - 기타,승용,여,36세,상해없음,승용,여,32세,경상
2023081800100549,2023년 8월 18일 19시,금요일,인천광역시 미추홀구 도화동,경상사고,0,0,1,0,차대차 - 추돌,안전운전불이행,젖음/습기,흐림,기타 - 기타,화물,남,61세,기타불명,화물,남,47세,경상
2023081800100550,2023년 8월 18일 19시,금요일,인천광역시 서구 당하동,경상사고,0,0,1,0,차대차 - 기타,안전거리미확보,건조,맑음,교차로 - 교차로안,승용,남,59세,상해없음,이륜,남,36세,경상
2023081800100551,2023년 8월 18일 19시,금요일,인천광역시 계양구 작전동,경상사고,0,0,1,0,차대차 - 측면충돌,안전거리미확보,건조,맑음,단일로 - 기타,승용,남,38세,상해없음,이륜,남,36세,경상
2023081800100552,2023년 8월 18일 19시,금요일,인천광역시 남동구 남촌동,중상사고,0,1,0,0,차대사람 - 길가장자리구역통행중,안전운전불이행,건조,맑음,교차로 - 교차로부근,승용,여,55세,상해없음,보행자,남,54세,중상
2023081800100627,2023년 8월 18일 21시,금요일,인천광역시 남동구 논현동,경상사고,0,0,1,0,차대차 - 추돌,안전운전불이행,건조,맑음,교차로 - 교차로안,승용,여,30세,상해없음,승용,남,31세,경상
2023081800100646,2023년 8월 18일 22시,금요일,인천광역시 부평구 십정동,경상사고,0,0,2,0,차대차 - 추돌,안전운전불이행,건조,맑음,교차로 - 교차로부근,승용,남,32세,상해없음,승용,남,29세,경상
2023081800100647,2023년 8월 18일 22시,금요일,인천광역시 서구 가정동,중상사고,0,1,0,0,차대차 - 정면충돌,안전운전불이행,건조,맑음,교차로 - 교차로안,승용,남,46세,상해없음,이륜,남,39세,중상
2023081800100648,2023년 8월 18일 22시,금요일,인천광역시 서구 당하동,경상사고,0,0,1,0,차대차 - 측면충돌,안전운전불이행,건조,맑음,교차로 - 교차로부근,승용,여,20세,상해없음,승용,남,27세,경상
2023081800100664,2023년 8월 18일 23시,금요일,인천광역시 서구 금곡동,중상사고,0,1,2,0,차대차 - 추돌,중앙선침범,건조,맑음,단일로 - 기타,승용,남,48세,상해없음,승용,여,55세,중상
2023081900100012,2023년 8월 19일 00시,토요일,인천광역시 미추홀구 문학동,중상사고,0,1,3,0,차대차 - 기타,안전운전불이행,건조,맑음,단일로 - 기타,승용,남,34세,상해없음,승용,남,28세,경상
2023081900100039,2023년 8월 19일 03시,토요일,인천광역시 중구 운서동,경상사고,0,0,1,0,차대차 - 추돌,안전운전불이행,건조,맑음,단일로 - 기타,승합,남,35세,상해없음,승용,남,59세,경상
2023081900100040,2023년 8월 19일 03시,토요일,인천광역시 강화군 삼산면,중상사고,0,1,0,0,차량단독 - 전도전복 - 전도,안전운전불이행,건조,맑음,단일로 - 기타,원동기,남,17세,기타불명,,,,
2023081900100061,2023년 8월 19일 05시,토요일,인천광역시 미추홀구 도화동,경상사고,0,0,1,0,차대차 - 정면충돌,차로위반,건조,맑음,단일로 - 기타,자전거,남,71세,경상,승용,남,65세,상해없음
2023081900100088,2023년 8월 19일 08시,토요일,인천광역시 동구 화수동,중상사고,0,1,0,0,차대사람 - 기타,안전운전불이행,건조,맑음,교차로 - 교차로안,승용,남,58세,상해없음,보행자,남,64세,중상
2023081900100112,2023년 8월 19일 09시,토요일,인천광역시 부평구 부평동,경상사고,0,0,2,0,차대차 - 기타,안전운전불이행,건조,맑음,교차로 - 교차로부근,승용,남,32세,상해없음,승용,남,40세,경상
2023081900100113,2023년 8월 19일 09시,토요일,인천광역시 부평구 부평동,중상사고,0,1,0,0,차대사람 - 기타,안전운전불이행,건조,맑음,단일로 - 기타,승합,남,46세,상해없음,보행자,여,71세,중상
2023081900100147,2023년 8월 19일 10시,토요일,인천광역시 중구 중산동,중상사고,0,1,0,0,차대사람 - 횡단중,안전운전불이행,건조,맑음,교차로 - 교차로부근,승용,남,24세,상해없음,보행자,여,74세,중상
2023081900100175,2023년 8월 19일 11시,토요일,인천광역시 서구 심곡동,경상사고,0,0,1,0,차대차 - 추돌,안전운전불이행,건조,맑음,교차로 - 교차로안,승용,남,41세,상해없음,승용,남,42세,경상
2023081900100176,2023년 8월 19일 11시,토요일,인천광역시 부평구 갈산동,경상사고,0,0,1,0,차대사람 - 횡단중,보행자보호의무위반,건조,맑음,교차로 - 교차로횡단보도내,승합,남,60세,상해없음,보행자,남,68세,경상
2023081900100226,2023년 8월 19일 12시,토요일,인천광역시 옹진군 백령면,경상사고,0,0,1,0,차대차 - 정면충돌,안전운전불이행,건조,맑음,교차로 - 교차로안,화물,남,72세,기타불명,승용,남,21세,경상