사고번호,사고일시,요일,시군구,사고내용,사망자수,중상자수,경상자수,부상신고자수,사고유형,법규위반,노면상태,기상상태,도로형태,가해운전자 차종,가해운전자 성별,가해운전자 연령,가해운전자 상해정도,피해운전자 차종,피해운전자 성별,피해운전자 연령,피해운전자 상해정도
2023081900100227,2023년 8월 19일 12시,토요일,인천광역시 계양구 계산동,경상사고,0,0,2,0,차대차 - 후진중충돌,안전운전불이행,건조,맑음,단일로 - 기타,승용,남,38세,상해없음,이륜,남,19세,경상
2023081900100288,2023년 8월 19일 14시,토요일,인천광역시 미추홀구 주안동,경상사고,0,0,1,0,차대사람 - 기타,신호위반,건조,맑음,기타 - 기타,승용,남,31세,상해없음,보행자,남,11세,경상
2023081900100289,2023년 8월 19일 14시,토요일,인천광역시 부평구 십정동,경상사고,0,0,1,0,차대차 - 정면충돌,안전운전불이행,건조,기타,주차장 - 주차장,승용,여,27세,상해없음,승용,남,59세,경상
2023081900100316,2023년 8월 19일 15시,토요일,인천광역시 중구 운서동,경상사고,0,0,2,0,차대차 - 측면충돌,안전거리미확보,건조,맑음,교차로 - 교차로부근,승용,남,44세,경상,승용,남,44세,경상
2023081900100350,2023년 8월 19일 16시,토요일,인천광역시 부평구 산곡동,경상사고,0,0,1,0,차량단독 - 기타,안전운전불이행,건조,맑음,단일로 - 기타,승합,남,61세,상해없음,,,,
2023081900100381,2023년 8월 19일 17시,토요일,인천광역시 남동구 도림동,중상사고,0,1,0,0,차대차 - 추돌,안전운전불이행,건조,맑음,단일로 - 교량,승용,남,42세,상해없음,승용,남,27세,중상
2023081900100494,2023년 8월 19일 21시,토요일,인천광역시 부평구 부평동,경상사고,0,0,2,0,차대차 - 측면충돌,안전운전불이행,건조,맑음,교차로 - 교차로부근,승용,남,46세,상해없음,승용,남,30세,경상
2023081900100513,2023년 8월 19일 22시,토요일,인천광역시 부평구 부평동,경상사고,0,0,1,0,차대차 - 측면충돌,안전운전불이행,건조,맑음,교차로 - 교차로부근,기타불명,기타불명,미분류,기타불명,이륜,남,61세,경상
2023081900100528,2023년 8월 19일 23시,토요일,인천광역시 연수구 송도동,경상사고,0,0,1,0,차대차 - 측면충돌,안전거리미확보,건조,맑음,단일로 - 교량,승용,남,40세,상해없음,승용,남,34세,경상
2023082000100010,2023년 8월 20일 00시,일요일,인천광역시 연수구 선학동,경상사고,0,0,2,0,차대차 - 추돌,안전운전불이행,건조,맑음,교차로 - 교차로부근,승용,남,42세,상해없음,승용,남,49세,경상
2023082000100011,2023년 8월 20일 00시,일요일,인천광역시 남동구 도림동,경상사고,0,0,1,0,차대차 - 기타,기타,건조,맑음,교차로 - 교차로부근,승용,남,35세,상해없음,개인형이동수단(PM),남,34세,경상
2023082000100118,2023년 8월 20일 11시,일요일,인천광역시 계양구 상야동,중상사고,0,1,0,0,차대차 - 측면충돌,안전운전불이행,건조,흐림,교차로 - 교차로부근,승용,남,61세,상해없음,이륜,남,73세,중상
2023082000100177,2023년 8월 20일 13시,일요일,인천광역시 강화군 길상면,경상사고,0,0,7,0,차대차 - 추돌,안전운전불이행,건조,맑음,교차로 - 교차로부근,승용,남,56세,상해없음,승용,남,50세,경상
2023082000100178,2023년 8월 20일 13시,일요일,인천광역시 연수구 선학동,경상사고,0,0,1,0,차대차 - 정면충돌,중앙선침범,건조,맑음,교차로 - 교차로부근,승용,여,67세,상해없음,승용,남,58세,상해없음
2023082000100214,2023년 8월 20일 14시,일요일,인천광역시 계양구 작전동,중상사고,0,1,0,0,차대차 - 측면충돌,안전운전불이행,건조,맑음,단일로 - 기타,승용,남,44세,상해없음,이륜,남,59세,중상
2023082000100215,2023년 8월 20일 14시,일요일,인천광역시 계양구 계산동,경상사고,0,0,1,0,차대차 - 측면충돌,안전운전불이행,건조,맑음,단일로 - 기타,승용,여,56세,상해없음,자전거,남,49세,경상
2023082000100278,2023년 8월 20일 16시,일요일,인천광역시 서구 경서동,경상사고,0,0,4,0,차대차 - 측면충돌,안전운전불이행,건조,맑음,단일로 - 기타,승합,남,68세,상해없음,승용,여,40세,경상
2023082000100330,2023년 8월 20일 18시,일요일,인천광역시 서구 오류동,중상사고,0,4,2,0,차대차 - 측면충돌,중앙선침범,건조,맑음,단일로 - 기타,승용,남,24세,상해없음,승용,남,63세,중상
2023082000100331,2023년 8월 20일 18시,일요일,인천광역시 계양구 작전동,중상사고,0,1,0,0,차대차 - 측면충돌,안전운전불이행,건조,맑음,단일로 - 기타,승용,남,31세,상해없음,원동기,남,22세,중상
2023082000100381,2023년 8월 20일 20시,일요일,인천광역시 미추홀구 주안동,경상사고,0,0,1,0,차대사람 - 횡단중,교차로운행방법위반,건조,맑음,교차로 - 교차로부근,승용,남,25세,상해없음,보행자,남,44세,경상
2023082000100382,2023년 8월 20일 20시,일요일,인천광역시 부평구 부평동,경상사고,0,0,1,0,차대차 - 기타,안전운전불이행,건조,맑음,단일로 - 기타,승용,남,76세,상해없음,승용,남,37세,경상
2023082000100397,2023년 8월 20일 21시,일요일,인천광역시 계양구 임학동,중상사고,0,3,0,0,차대차 - 정면충돌,신호위반,건조,맑음,교차로 - 교차로안,승용,여,32세,상해없음,승용,남,41세,중상
2023082000100398,2023년 8월 20일 21시,일요일,인천광역시 부평구 부개동,경상사고,0,0,1,0,차대차 - 기타,안전운전불이행,건조,흐림,기타 - 기타,승용,남,27세,상해없음,승용,남,41세,경상
2023082000100419,2023년 8월 20일 22시,일요일,인천광역시 부평구 구산동,경상사고,0,0,1,0,차대차 - 측면충돌,차로위반,건조,맑음,단일로 - 교량,승용,남,34세,상해없음,승용,남,31세,경상
2023082100100009,2023년 8월 21일 01시,월요일,인천광역시 남동구 논현동,경상사고,0,0,2,0,차대차 - 측면충돌,안전운전불이행,건조,맑음,단일로 - 기타,화물,남,61세,기타불명,승용,여,54세,경상
2023082100100020,2023년 8월 21일 04시,월요일,인천광역시 미추홀구 주안동,경상사고,0,0,1,0,차대차 - 측면충돌,안전운전불이행,건조,맑음,교차로 - 교차로안,이륜,남,21세,상해없음,이륜,남,22세,상해없음
2023082100100021,2023년 8월 21일 04시,월요일,인천광역시 서구 백석동,경상사고,0,0,2,0,차대차 - 추돌,안전운전불이행,건조,맑음,기타 - 기타,승용,남,27세,상해없음,승용,여,39세,경상
2023082100100112,2023년 8월 21일 08시,월요일,인천광역시 중구 항동7가,경상사고,0,0,1,0,차대차 - 정면충돌,신호위반,건조,맑음,교차로 - 교차로안,화물,남,62세,상해없음,승용,남,54세,경상
2023082100100114,2023년 8월 21일 08시,월요일,인천광역시 계양구 임학동,경상사고,0,0,1,0,차대차 - 기타,안전운전불이행,건조,맑음,교차로 - 교차로부근,승합,남,50세,상해없음,승용,여,38세,경상
2023082100100115,2023년 8월 21일 08시,월요일,인천광역시 연수구 송도동,중상사고,0,1,0,0,차대사람 - 횡단중,신호위반,건조,맑음,교차로 - 교차로횡단보도내,자전거,남,15세,상해없음,보행자,여,9세,중상
2023082100100234,2023년 8월 21일 11시,월요일,인천광역시 남동구 간석동,부상신고사고,0,0,0,1,차대사람 - 횡단중,안전운전불이행,건조,맑음,기타 - 기타,기타불명,기타불명,미분류,기타불명,보행자,남,61세,부상신고
2023082100100310,2023년 8월 21일 13시,월요일,인천광역시 중구 신흥동3가,경상사고,0,0,1,0,차대차 - 측면충돌,안전운전불이행,건조,맑음,교차로 - 교차로안,화물,남,64세,기타불명,승용,남,42세,경상
2023082100100311,2023년 8월 21일 13시,월요일,인천광역시 중구 운서동,중상사고,0,1,0,0,차대차 - 기타,교차로운행방법위반,건조,맑음,교차로 - 교차로안,승용,남,39세,상해없음,승용,남,73세,중상
2023082100100312,2023년 8월 21일 13시,월요일,인천광역시 남동구 남촌동,경상사고,0,0,1,0,차대사람 - 차도통행중,안전운전불이행,건조,맑음,교차로 - 교차로부근,승용,남,47세,상해없음,보행자,여,57세,경상
2023082100100346,2023년 8월 21일 14시,월요일,인천광역시 남동구 만수동,경상사고,0,0,2,0,차대차 - 측면충돌,직진우회전진행방해,건조,맑음,교차로 - 교차로안,승용,남,31세,상해없음,승용,여,51세,경상
2023082100100464,2023년 8월 21일 17시,월요일,인천광역시 중구 운남동,경상사고,0,0,4,0,차대차 - 기타,안전거리미확보,건조,맑음,단일로 - 기타,승용,남,38세,경상,승용,남,48세,경상
2023082100100465,2023년 8월 21일 17시,월요일,인천광역시 남동구 구월동,중상사고,0,1,0,0,차량단독 - 전도전복 - 전도,안전운전불이행,건조,맑음,교차로 - 교차로부근,승용,여,65세,상해없음,,,,
2023082100100466,2023년 8월 21일 17시,월요일,인천광역시 강화군 양도면,경상사고,0,0,3,0,차대차 - 추돌,중앙선침범,건조,흐림,교차로 - 교차로안,승합,남,52세,상해없음,승용,여,66세,경상
2023082100100467,2023년 8월 21일 17시,월요일,인천광역시 부평구 부개동,부상신고사고,0,0,0,3,차대차 - 추돌,안전운전불이행,건조,맑음,단일로 - 기타,화물,남,79세,상해없음,승용,남,54세,부상신고
2023082100100513,2023년 8월 21일 18시,월요일,인천광역시 중구 항동7가,경상사고,0,0,1,0,차대사람 - 기타,안전운전불이행,건조,맑음,기타 - 기타,특수,남,48세,상해없음,보행자,남,32세,경상
2023082100100514,2023년 8월 21일 18시,월요일,인천광역시 남동구 만수동,경상사고,0,0,1,0,차대차 - 기타,안전운전불이행,건조,맑음,단일로 - 지하차도(도로)내,승용,남,32세,상해없음,승합,남,43세,상해없음
2023082100100515,2023년 8월 21일 18시,월요일,인천광역시 계양구 효성동,경상사고,0,0,1,0,차대차 - 기타,안전운전불이행,건조,맑음,교차로 - 교차로안,이륜,남,40세,상해없음,이륜,남,26세,경상
2023082100100516,2023년 8월 21일 18시,월요일,인천광역시 남동구 논현동,중상사고,0,1,0,0,차대차 - 추돌,안전운전불이행,건조,맑음,교차로 - 교차로부근,승용,남,48세,상해없음,승용,남,73세,중상
2023082100100547,2023년 8월 21일 19시,월요일,인천광역시 남동구 구월동,경상사고,0,0,1,0,차대차 - 정면충돌,신호위반,건조,맑음,교차로 - 교차로부근,승용,남,56세,상해없음,이륜,남,21세,경상
2023082100100548,2023년 8월 21일 19시,월요일,인천광역시 남동구 논현동,경상사고,0,0,1,0,차대차 - 측면충돌,안전운전불이행,건조,맑음,교차로 - 교차로부근,승용,남,51세,상해없음,자전거,여,10세,경상
2023082100100595,2023년 8월 21일 21시,월요일,인천광역시 남동구 논현동,경상사고,0,0,1,0,차대차 - 정면충돌,안전운전불이행,건조,맑음,주차장 - 주차장,승용,여,55세,상해없음,승용,여,49세,경상
2023082200100038,2023년 8월 22일 04시,화요일,인천광역시 부평구 부평동,경상사고,0,0,1,0,차대사람 - 횡단중,신호위반,건조,맑음,교차로 - 교차로횡단보도내,승용,남,63세,상해없음,보행자,남,80세,경상
2023082200100157,2023년 8월 22일 09시,화요일,인천광역시 남동구 간석동,경상사고,0,0,1,0,차대차 - 추돌,안전운전불이행,젖음/습기,비,교차로 - 교차로부근,승합,남,38세,상해없음,승용,여,52세,경상
2023082200100182,2023년 8월 22일 10시,화요일,인천광역시 미추홀구 학익동,중상사고,0,1,0,0,차대사람 - 차도통행중,안전운전불이행,건조,맑음,단일로 - 기타,승용,남,68세,상해없음,보행자,남,71세,중상
2023082200100212,2023년 8월 22일 11시,화요일,인천광역시 미추홀구 도화동,부상신고사고,0,0,0,1,차대사람 - 기타,안전운전불이행,젖음/습기,비,단일로 - 기타,화물,남,53세,상해없음,보행자,남,55세,부상신고
2023082200100247,2023년 8월 22일 12시,화요일,인천광역시 부평구 부개동,경상사고,0,0,1,0,차대차 - 측면충돌,안전운전불이행,건조,맑음,교차로 - 교차로안,승용,여,27세,상해없음,승용,남,44세,경상
2023082200100279,2023년 8월 22일 13시,화요일,인천광역시 부평구 부평동,경상사고,0,0,1,0,차대사람 - 횡단중,안전운전불이행,건조,맑음,교차로 - 교차로횡단보도내,승용,남,31세,상해없음,보행자,여,68세,경상
2023082200100351,2023년 8월 22일 15시,화요일,인천광역시 서구 연희동,경상사고,0,0,1,0,차대차 - 측면충돌,신호위반,건조,맑음,교차로 - 교차로안,승용,남,72세,상해없음,화물,남,37세,경상
2023082200100352,2023년 8월 22일 15시,화요일,인천광역시 연수구 동춘동,경상사고,0,0,3,1,차대차 - 측면충돌,신호위반,젖음/습기,흐림,교차로 - 교차로부근,승용,여,66세,상해없음,승용,남,42세,경상
2023082200100403,2023년 8월 22일 16시,화요일,인천광역시 중구 항동7가,중상사고,0,1,0,0,차대차 - 측면충돌,중앙선침범,건조,맑음,단일로 - 기타,승용,남,59세,상해없음,승용,여,39세,중상
2023082200100404,2023년 8월 22일 16시,화요일,인천광역시 미추홀구 도화동,경상사고,0,0,1,0,차대차 - 추돌,안전운전불이행,건조,맑음,교차로 - 교차로부근,승용,남,21세,상해없음,승합,남,60세,경상
2023082200100405,2023년 8월 22일 16시,화요일,인천광역시 남동구 간석동,경상사고,0,0,2,0,차대차 - 추돌,안전운전불이행,건조,맑음,교차로 - 교차로부근,승용,남,64세,상해없음,승용,여,31세,경상
2023082200100406,2023년 8월 22일 16시,화요일,인천광역시 서구 마전동,경상사고,0,0,1,0,차량단독 - 기타,안전운전불이행,건조,맑음,교차로 - 교차로안,승합,남,71세,상해없음,,,,
2023082200100450,2023년 8월 22일 17시,화요일,인천광역시 중구 운서동,경상사고,0,0,2,0,차대차 - 정면충돌,안전운전불이행,건조,맑음,단일로 - 기타,개인형이동수단(PM),여,20세,경상,개인형이동수단(PM),여,31세,경상
2023082200100451,2023년 8월 22일 17시,화요일,인천광역시 미추홀구 주안동,경상사고,0,0,5,0,차대차 - 기타,안전운전불이행,건조,맑음,기타 - 기타,승용,남,36세,상해없음,승합,여,40세,경상
2023082200100452,2023년 8월 22일 17시,화요일,인천광역시 연수구 송도동,부상신고사고,0,0,0,1,차대사람 - 횡단중,안전운전불이행,건조,맑음,교차로 - 교차로횡단보도내,기타불명,기타불명,미분류,기타불명,보행자,남,39세,부상신고
2023082200100489,2023년 8월 22일 18시,화요일,인천광역시 미추홀구 도화동,경상사고,0,0,1,0,차대차 - 기타,안전거리미확보,건조,맑음,단일로 - 기타,승용,여,42세,기타불명,승합,남,49세,경상
2023082200100490,2023년 8월 22일 18시,화요일,인천광역시 미추홀구 주안동,경상사고,0,0,1,0,차대차 - 측면충돌,안전거리미확보,건조,맑음,단일로 - 기타,승용,남,62세,상해없음,승용,남,34세,경상
2023082200100491,2023년 8월 22일 18시,화요일,인천광역시 남동구 논현동,경상사고,0,0,1,0,차대차 - 후진중충돌,안전운전불이행,건조,흐림,교차로 - 교차로안,승용,남,40세,상해없음,승용,남,42세,경상
2023082200100541,2023년 8월 22일 19시,화요일,인천광역시 서구 당하동,경상사고,0,0,1,0,차대차 - 추돌,안전운전불이행,건조,맑음,교차로 - 교차로안,승용,남,43세,상해없음,승용,남,47세,경상
2023082200100542,2023년 8월 22일 19시,화요일,인천광역시 부평구 부평동,중상사고,0,1,0,0,차대차 - 측면충돌,신호위반,건조,맑음,교차로 - 교차로안,승용,여,63세,상해없음,이륜,남,32세,중상
2023082200100576,2023년 8월 22일 20시,화요일,인천광역시 남동구 수산동,경상사고,0,0,1,0,차대차 - 측면충돌,안전거리미확보,건조,맑음,단일로 - 기타,화물,남,52세,상해없음,승용,남,26세,경상
2023082200100600,2023년 8월 22일 21시,화요일,인천광역시 남동구 구월동,경상사고,0,0,1,0,차대사람 - 차도통행중,안전운전불이행,젖음/습기,비,교차로 - 교차로부근,승용,남,44세,상해없음,보행자,남,52세,경상
2023082200100619,2023년 8월 22일 22시,화요일,인천광역시 부평구 청천동,경상사고,0,0,1,0,차대사람 - 횡단중,보행자보호의무위반,건조,맑음,교차로 - 교차로횡단보도내,승용,여,41세,상해없음,보행자,여,53세,경상
2023082300100009,2023년 8월 23일 00시,수요일,인천광역시 미추홀구 주안동,경상사고,0,0,2,0,차대차 - 측면충돌,안전거리미확보,건조,맑음,교차로 - 교차로부근,이륜,남,25세,상해없음,승용,남,58세,경상
2023082300100226,2023년 8월 23일 12시,수요일,인천광역시 남동구 도림동,경상사고,0,0,1,0,차대차 - 기타,안전운전불이행,건조,기타,교차로 - 교차로부근,화물,남,50세,상해없음,이륜,남,34세,경상
2023082300100258,2023년 8월 23일 13시,수요일,인천광역시 미추홀구 도화동,경상사고,0,0,1,0,차대차 - 기타,안전거리미확보,건조,맑음,기타 - 기타,승용,남,61세,상해없음,이륜,남,41세,경상
2023082300100293,2023년 8월 23일 14시,수요일,인천광역시 남동구 장수동,경상사고,0,0,1,0,차대차 - 측면충돌,안전거리미확보,젖음/습기,비,단일로 - 기타,승용,남,64세,상해없음,승용,남,59세,경상
2023082300100353,2023년 8월 23일 16시,수요일,인천광역시 서구 경서동,경상사고,0,0,2,0,차대차 - 추돌,안전운전불이행,건조,흐림,단일로 - 기타,화물,남,45세,상해없음,승용,남,60세,경상
2023082300100381,2023년 8월 23일 17시,수요일,인천광역시 미추홀구 도화동,경상사고,0,0,1,0,차대차 - 추돌,안전운전불이행,건조,맑음,기타 - 기타,특수,남,54세,상해없음,승용,여,47세,경상
2023082300100415,2023년 8월 23일 18시,수요일,인천광역시 미추홀구 도화동,경상사고,0,0,1,0,차대차 - 측면충돌,안전거리미확보,젖음/습기,맑음,단일로 - 기타,승용,여,50세,상해없음,원동기,남,32세,경상
2023082300100416,2023년 8월 23일 18시,수요일,인천광역시 남동구 간석동,중상사고,0,1,0,0,차대차 - 측면충돌,신호위반,건조,맑음,단일로 - 기타,이륜,남,32세,상해없음,자전거,여,47세,중상
2023082300100417,2023년 8월 23일 18시,수요일,인천광역시 서구 가정동,경상사고,0,0,1,0,차대차 - 측면충돌,안전거리미확보,건조,맑음,단일로 - 기타,승용,남,44세,상해없음,승용,여,41세,경상
2023082300100497,2023년 8월 23일 20시,수요일,인천광역시 중구 중산동,부상신고사고,0,0,0,1,차대사람 - 기타,안전운전불이행,건조,맑음,단일로 - 기타,개인형이동수단(PM),여,14세,상해없음,보행자,여,39세,부상신고
2023082300100498,2023년 8월 23일 20시,수요일,인천광역시 남동구 구월동,경상사고,0,0,2,0,차대차 - 측면충돌,안전운전불이행,건조,맑음,단일로 - 기타,승용,여,54세,상해없음,승용,여,42세,경상
2023082300100499,2023년 8월 23일 20시,수요일,인천광역시 서구 석남동,경상사고,0,0,1,0,차대차 - 추돌,안전운전불이행,건조,맑음,기타 - 기타,승용,남,51세,상해없음,이륜,남,38세,경상
2023082300100529,2023년 8월 23일 21시,수요일,인천광역시 미추홀구 도화동,경상사고,0,0,1,0,차대차 - 추돌,안전운전불이행,건조,맑음,교차로 - 교차로부근,승용,남,57세,상해없음,승용,여,53세,경상
2023082300100574,2023년 8월 23일 23시,수요일,인천광역시 남동구 구월동,중상사고,0,1,0,0,차대차 - 정면충돌,안전운전불이행,건조,맑음,교차로 - 교차로부근,승용,남,28세,상해없음,이륜,남,21세,중상
2023082400100047,2023년 8월 24일 05시,목요일,인천광역시 미추홀구 관교동,중상사고,0,1,0,0,차대사람 - 횡단중,안전운전불이행,젖음/습기,비,교차로 - 교차로안,이륜,남,34세,상해없음,보행자,여,86세,중상
2023082400100064,2023년 8월 24일 06시,목요일,인천광역시 남동구 고잔동,경상사고,0,0,1,0,차대차 - 측면충돌,안전운전불이행,젖음/습기,흐림,교차로 - 교차로부근,화물,남,47세,상해없음,승용,남,36세,경상
2023082400100090,2023년 8월 24일 07시,목요일,인천광역시 연수구 연수동,중상사고,0,1,0,0,차대사람 - 횡단중,안전운전불이행,건조,맑음,교차로 - 교차로부근,승용,여,62세,상해없음,보행자,여,68세,중상
2023082400100177,2023년 8월 24일 10시,목요일,인천광역시 미추홀구 주안동,경상사고,0,0,1,0,차대사람 - 횡단중,신호위반,건조,맑음,교차로 - 교차로횡단보도내,승용,남,31세,상해없음,보행자,남,69세,경상
2023082400100207,2023년 8월 24일 11시,목요일,인천광역시 서구 석남동,경상사고,0,0,2,0,차대차 - 기타,신호위반,건조,맑음,교차로 - 교차로안,화물,남,61세,상해없음,승용,남,58세,경상
2023082400100208,2023년 8월 24일 11시,목요일,인천광역시 부평구 부개동,중상사고,0,1,0,0,차대사람 - 횡단중,안전운전불이행,건조,맑음,단일로 - 기타,승용,남,67세,상해없음,보행자,여,75세,중상
2023082400100342,2023년 8월 24일 15시,목요일,인천광역시 서구 대곡동,경상사고,0,0,1,0,차대차 - 추돌,안전운전불이행,건조,맑음,단일로 - 기타,승용,남,57세,상해없음,승용,남,34세,경상
2023082400100378,2023년 8월 24일 16시,목요일,인천광역시 미추홀구 학익동,경상사고,0,0,1,0,차대차 - 추돌,안전운전불이행,건조,맑음,단일로 - 기타,승용,여,53세,상해없음,승용,남,57세,경상
2023082400100379,2023년 8월 24일 16시,목요일,인천광역시 미추홀구 학익동,경상사고,0,0,1,0,차대사람 - 횡단중,보행자보호의무위반,건조,맑음,기타 - 기타,승용,여,45세,상해없음,보행자,여,8세,경상
2023082400100411,2023년 8월 24일 17시,목요일,인천광역시 중구 운서동,경상사고,0,0,1,0,차대사람 - 기타,안전운전불이행,건조,맑음,단일로 - 기타,승용,남,69세,상해없음,보행자,남,40세,경상
2023082400100412,2023년 8월 24일 17시,목요일,인천광역시 계양구 계산동,경상사고,0,0,1,0,차대차 - 기타,안전운전불이행,건조,맑음,교차로 - 교차로안,승용,남,50세,상해없음,이륜,남,57세,경상
2023082400100413,2023년 8월 24일 17시,목요일,인천광역시 남동구 운연동,경상사고,0,0,1,0,차대차 - 추돌,안전운전불이행,건조,흐림,교차로 - 교차로부근,승용,남,68세,상해없음,승용,남,61세,경상
2023082400100460,2023년 8월 24일 18시,목요일,인천광역시 부평구 산곡동,경상사고,0,0,1,0,차대차 - 측면충돌,교차로운행방법위반,건조,맑음,단일로 - 기타,승용,여,59세,기타불명,이륜,남,56세,경상
2023082400100461,2023년 8월 24일 18시,목요일,인천광역시 연수구 송도동,경상사고,0,0,1,0,차대차 - 측면충돌,신호위반,건조,맑음,단일로 - 기타,이륜,남,32세,상해없음,자전거,남,10세,경상
2023082400100499,2023년 8월 24일 19시,목요일,인천광역시 미추홀구 주안동,경상사고,0,0,1,0,차대차 - 측면충돌,기타,건조,맑음,단일로 - 기타,이륜,남,47세,상해없음,자전거,남,63세,경상
2023082400100501,2023년 8월 24일 19시,목요일,인천광역시 부평구 삼산동,경상사고,0,0,1,0,차대차 - 측면충돌,안전운전불이행,건조,맑음,단일로 - 교량,승용,여,40세,상해없음,승용,남,41세,경상
2023082400100541,2023년 8월 24일 20시,목요일,인천광역시 강화군 강화읍,경상사고,0,0,1,0,차대차 - 측면충돌,교차로운행방법위반,건조,맑음,교차로 - 교차로안,승용,남,44세,상해없음,화물,남,33세,경상
2023082400100542,2023년 8월 24일 20시,목요일,인천광역시 연수구 동춘동,경상사고,0,0,2,0,차대차 - 측면충돌,안전거리미확보,건조,맑음,단일로 - 기타,화물,남,60세,상해없음,승용,여,53세,경상
2023082400100564,2023년 8월 24일 21시,목요일,인천광역시 남동구 간석동,경상사고,0,0,1,0,차대차 - 추돌,안전운전불이행,젖음/습기,비,단일로 - 기타,이륜,남,24세,상해없음,승용,남,55세,경상
2023082400100565,2023년 8월 24일 21시,목요일,인천광역시 계양구 동양동,경상사고,0,0,2,0,차대차 - 기타,기타,건조,맑음,단일로 - 기타,화물,남,62세,기타불명,승용,남,58세,경상
2023082400100585,2023년 8월 24일 22시,목요일,인천광역시 남동구 수산동,경상사고,0,0,2,0,차대차 - 측면충돌,안전운전불이행,건조,맑음,단일로 - 교량,승용,남,41세,기타불명,승용,남,34세,경상
2023082400100596,2023년 8월 24일 23시,목요일,인천광역시 미추홀구 주안동,경상사고,0,0,1,0,차대차 - 측면충돌,교차로운행방법위반,건조,맑음,교차로 - 교차로안,승용,여,32세,상해없음,승용,남,29세,경상
2023082500100023,2023년 8월 25일 02시,금요일,인천광역시 옹진군 영흥면,중상사고,0,1,0,0,차량단독 - 공작물충돌,안전운전불이행,건조,맑음,교차로 - 교차로부근,화물,남,19세,상해없음,,,,
2023082500100047,2023년 8월 25일 05시,금요일,인천광역시 미추홀구 주안동,경상사고,0,0,1,0,차대사람 - 횡단중,보행자보호의무위반,건조,맑음,교차로 - 교차로부근,승용,남,55세,상해없음,보행자,남,65세,경상
2023082500100048,2023년 8월 25일 05시,금요일,인천광역시 서구 청라동,경상사고,0,0,2,0,차대차 - 측면충돌,신호위반,건조,맑음,교차로 - 교차로안,승용,남,64세,상해없음,승용,남,81세,경상
2023082500100060,2023년 8월 25일 06시,금요일,인천광역시 중구 송학동2가,경상사고,0,0,1,0,차량단독 - 공작물충돌,안전운전불이행,건조,맑음,교차로 - 교차로부근,개인형이동수단(PM),남,50세,경상,,,,
2023082500100061,2023년 8월 25일 06시,금요일,인천광역시 계양구 병방동,경상사고,0,0,3,0,차대차 - 측면충돌,신호위반,건조,맑음,교차로 - 교차로안,화물,남,26세,기타불명,승용,남,62세,경상
2023082500100092,2023년 8월 25일 07시,금요일,인천광역시 미추홀구 주안동,경상사고,0,0,1,0,차대차 - 측면충돌,안전운전불이행,젖음/습기,흐림,교차로 - 교차로안,승합,남,68세,상해없음,화물,남,44세,경상
2023082500100136,2023년 8월 25일 08시,금요일,인천광역시 남동구 만수동,중상사고,0,1,0,0,차대사람 - 차도통행중,안전운전불이행,건조,맑음,교차로 - 교차로부근,승용,여,27세,상해없음,보행자,여,69세,중상
2023082500100173,2023년 8월 25일 09시,금요일,인천광역시 부평구 부평동,중상사고,0,1,0,0,차대차 - 측면충돌,교차로운행방법위반,건조,맑음,교차로 - 교차로안,승용,남,46세,상해없음,이륜,남,77세,중상
2023082500100249,2023년 8월 25일 11시,금요일,인천광역시 서구 당하동,경상사고,0,0,1,0,차대차 - 측면충돌,안전운전불이행,건조,맑음,교차로 - 교차로안,승용,여,61세,상해없음,이륜,여,42세,경상
2023082500100321,2023년 8월 25일 13시,금요일,인천광역시 연수구 송도동,경상사고,0,0,3,0,차대차 - 측면충돌,안전거리미확보,건조,맑음,교차로 - 교차로부근,승용,여,31세,상해없음,승용,여,31세,경상
2023082500100370,2023년 8월 25일 14시,금요일,인천광역시 미추홀구 도화동,경상사고,0,0,2,0,차대차 - 측면충돌,안전거리미확보,건조,맑음,단일로 - 기타,승용,여,27세,상해없음,승용,여,52세,경상
2023082500100425,2023년 8월 25일 15시,금요일,인천광역시 부평구 십정동,경상사고,0,0,1,0,차대차 - 후진중충돌,안전운전불이행,건조,맑음,기타 - 기타,승용,여,23세,상해없음,승용,남,39세,경상
2023082500100485,2023년 8월 25일 16시,금요일,인천광역시 미추홀구 주안동,경상사고,0,0,1,0,차대차 - 측면충돌,안전거리미확보,건조,맑음,단일로 - 기타,승용,남,61세,상해없음,승합,여,58세,경상
2023082500100543,2023년 8월 25일 17시,금요일,인천광역시 미추홀구 숭의동,경상사고,0,0,1,0,차대차 - 측면충돌,신호위반,건조,맑음,교차로 - 교차로안,승용,여,43세,상해없음,승용,여,36세,경상
2023082500100544,2023년 8월 25일 17시,금요일,인천광역시 서구 청라동,경상사고,0,0,1,0,차대차 - 정면충돌,신호위반,건조,맑음,교차로 - 교차로안,승용,남,50세,상해없음,화물,남,33세,경상
2023082500100545,2023년 8월 25일 17시,금요일,인천광역시 서구 석남동,부상신고사고,0,0,0,1,차대차 - 기타,안전거리미확보,건조,맑음,단일로 - 기타,승용,남,21세,상해없음,승합,남,55세,상해없음