사고번호,사고일시,요일,시군구,사고내용,사망자수,중상자수,경상자수,부상신고자수,사고유형,법규위반,노면상태,기상상태,도로형태,가해운전자 차종,가해운전자 성별,가해운전자 연령,가해운전자 상해정도,피해운전자 차종,피해운전자 성별,피해운전자 연령,피해운전자 상해정도
2023082500100546,2023년 8월 25일 17시,금요일,인천광역시 서구 가좌동,경상사고,0,0,1,0,차대차 - 추돌,안전운전불이행,건조,맑음,단일로 - 기타,승용,남,70세,경상,화물,남,56세,상해없음
2023082500100547,2023년 8월 25일 17시,금요일,인천광역시 계양구 효성동,중상사고,0,1,0,0,차대차 - 정면충돌,안전운전불이행,건조,맑음,교차로 - 교차로부근,승용,여,59세,기타불명,이륜,남,37세,중상
2023082500100548,2023년 8월 25일 17시,금요일,인천광역시 연수구 동춘동,중상사고,0,1,0,0,차대차 - 측면충돌,안전거리미확보,건조,맑음,단일로 - 기타,승용,남,44세,상해없음,승용,남,44세,중상
2023082500100549,2023년 8월 25일 17시,금요일,인천광역시 연수구 청학동,경상사고,0,0,1,0,차대차 - 측면충돌,안전거리미확보,건조,맑음,단일로 - 기타,승용,여,43세,상해없음,승용,여,34세,경상
2023082500100616,2023년 8월 25일 18시,금요일,인천광역시 중구 도원동,경상사고,0,0,2,0,차대차 - 측면충돌,안전운전불이행,건조,맑음,단일로 - 기타,승용,여,38세,경상,승용,남,47세,경상
2023082500100617,2023년 8월 25일 18시,금요일,인천광역시 남동구 간석동,중상사고,0,1,0,0,차대차 - 측면충돌,중앙선침범,건조,맑음,교차로 - 교차로부근,승용,여,28세,상해없음,이륜,남,50세,중상
2023082500100618,2023년 8월 25일 18시,금요일,인천광역시 계양구 용종동,경상사고,0,0,1,0,차대차 - 추돌,안전운전불이행,건조,맑음,단일로 - 기타,승용,남,25세,상해없음,승용,남,30세,경상
2023082500100662,2023년 8월 25일 19시,금요일,인천광역시 미추홀구 도화동,경상사고,0,0,1,0,차대차 - 추돌,안전운전불이행,건조,맑음,단일로 - 기타,승용,여,36세,상해없음,승용,남,69세,경상
2023082500100663,2023년 8월 25일 19시,금요일,인천광역시 서구 가정동,경상사고,0,0,1,0,차대사람 - 횡단중,보행자보호의무위반,건조,맑음,단일로 - 기타,자전거,기타불명,미분류,기타불명,보행자,남,38세,경상
2023082500100700,2023년 8월 25일 20시,금요일,인천광역시 강화군 강화읍,경상사고,0,0,1,0,차대차 - 측면충돌,직진우회전진행방해,건조,흐림,교차로 - 교차로부근,이륜,남,61세,상해없음,승용,남,66세,경상
2023082500100701,2023년 8월 25일 20시,금요일,인천광역시 남동구 논현동,경상사고,0,0,4,0,차대차 - 측면충돌,신호위반,건조,맑음,교차로 - 교차로부근,승용,남,45세,상해없음,승용,남,67세,경상
2023082500100728,2023년 8월 25일 21시,금요일,인천광역시 미추홀구 주안동,경상사고,0,0,1,1,차대차 - 측면충돌,차로위반,건조,맑음,교차로 - 교차로안,승용,남,29세,부상신고,승용,여,32세,경상
2023082500100771,2023년 8월 25일 23시,금요일,인천광역시 중구 신흥동3가,중상사고,0,2,0,0,차대차 - 측면충돌,안전운전불이행,건조,맑음,교차로 - 교차로부근,화물,남,47세,기타불명,승용,남,42세,중상
2023082600100014,2023년 8월 26일 00시,토요일,인천광역시 부평구 부평동,경상사고,0,0,1,0,차대사람 - 차도통행중,안전운전불이행,건조,맑음,교차로 - 교차로횡단보도내,승용,남,63세,상해없음,보행자,남,56세,경상
2023082600100039,2023년 8월 26일 02시,토요일,인천광역시 남동구 논현동,부상신고사고,0,0,0,1,차대사람 - 차도통행중,안전운전불이행,건조,맑음,교차로 - 교차로부근,기타불명,기타불명,미분류,기타불명,보행자,남,50세,부상신고
2023082600100086,2023년 8월 26일 07시,토요일,인천광역시 미추홀구 숭의동,경상사고,0,0,2,0,차대차 - 측면충돌,안전거리미확보,건조,맑음,단일로 - 기타,승용,남,39세,상해없음,승용,남,63세,경상
2023082600100088,2023년 8월 26일 07시,토요일,인천광역시 계양구 장기동,경상사고,0,0,1,0,차대차 - 측면충돌,신호위반,건조,맑음,교차로 - 교차로안,승용,남,75세,상해없음,승용,남,29세,경상
2023082600100108,2023년 8월 26일 08시,토요일,인천광역시 중구 운서동,경상사고,0,0,1,0,차대차 - 측면충돌,안전운전불이행,건조,맑음,교차로 - 교차로안,승용,남,70세,상해없음,승용,남,49세,경상
2023082600100109,2023년 8월 26일 08시,토요일,인천광역시 부평구 십정동,중상사고,0,1,2,0,차대차 - 측면충돌,안전운전불이행,건조,맑음,교차로 - 교차로안,승용,남,65세,기타불명,승합,남,68세,경상
2023082600100110,2023년 8월 26일 08시,토요일,인천광역시 부평구 삼산동,경상사고,0,0,1,0,차량단독 - 공작물충돌,안전운전불이행,건조,맑음,단일로 - 교량,이륜,남,18세,경상,,,,
2023082600100172,2023년 8월 26일 10시,토요일,인천광역시 서구 청라동,경상사고,0,0,2,0,차대차 - 측면충돌,신호위반,기타,맑음,교차로 - 교차로안,승용,남,22세,상해없음,승용,남,65세,경상
2023082600100228,2023년 8월 26일 11시,토요일,인천광역시 연수구 송도동,중상사고,0,1,2,0,차대차 - 측면충돌,안전거리미확보,건조,맑음,단일로 - 교량,승용,남,30세,상해없음,승용,남,46세,경상
2023082600100267,2023년 8월 26일 12시,토요일,인천광역시 미추홀구 용현동,경상사고,0,0,1,0,차대차 - 측면충돌,안전운전불이행,건조,맑음,단일로 - 기타,승용,여,60세,상해없음,이륜,남,23세,경상
2023082600100268,2023년 8월 26일 12시,토요일,인천광역시 남동구 구월동,경상사고,0,0,1,0,차대차 - 측면충돌,안전거리미확보,건조,맑음,교차로 - 교차로부근,승용,남,25세,상해없음,승용,남,77세,경상
2023082600100312,2023년 8월 26일 13시,토요일,인천광역시 미추홀구 도화동,부상신고사고,0,0,0,1,차대차 - 측면충돌,안전운전불이행,건조,맑음,기타 - 기타,승합,남,54세,상해없음,승용,남,74세,부상신고
2023082600100313,2023년 8월 26일 13시,토요일,인천광역시 미추홀구 학익동,경상사고,0,0,1,0,차대차 - 추돌,안전운전불이행,건조,맑음,교차로 - 교차로부근,승용,여,38세,상해없음,승용,여,38세,경상
2023082600100314,2023년 8월 26일 13시,토요일,인천광역시 부평구 십정동,경상사고,0,0,1,0,차대사람 - 기타,안전운전불이행,건조,맑음,기타 - 기타,승용,남,42세,상해없음,보행자,남,45세,경상
2023082600100345,2023년 8월 26일 14시,토요일,인천광역시 미추홀구 도화동,경상사고,0,0,2,0,차대차 - 측면충돌,안전거리미확보,건조,맑음,교차로 - 교차로안,이륜,남,33세,경상,이륜,남,27세,경상
2023082600100346,2023년 8월 26일 14시,토요일,인천광역시 계양구 계산동,경상사고,0,0,1,0,차대차 - 정면충돌,안전운전불이행,건조,맑음,기타 - 기타,화물,남,50세,상해없음,이륜,남,54세,경상
2023082600100347,2023년 8월 26일 14시,토요일,인천광역시 남동구 서창동,경상사고,0,0,1,0,차대차 - 측면충돌,안전운전불이행,건조,맑음,교차로 - 교차로부근,승용,여,47세,상해없음,이륜,남,43세,경상
2023082600100384,2023년 8월 26일 15시,토요일,인천광역시 서구 경서동,경상사고,0,0,2,0,차대차 - 측면충돌,안전운전불이행,건조,맑음,교차로 - 교차로부근,승용,남,66세,상해없음,승용,남,47세,경상
2023082600100465,2023년 8월 26일 17시,토요일,인천광역시 동구 송림동,중상사고,0,1,0,0,차대차 - 측면충돌,안전운전불이행,건조,맑음,단일로 - 기타,승용,남,43세,상해없음,이륜,남,42세,중상
2023082600100495,2023년 8월 26일 18시,토요일,인천광역시 미추홀구 주안동,경상사고,0,0,4,0,차대차 - 정면충돌,중앙선침범,건조,맑음,교차로 - 교차로부근,승용,남,83세,상해없음,승용,남,49세,경상
2023082600100529,2023년 8월 26일 19시,토요일,인천광역시 미추홀구 용현동,경상사고,0,0,1,0,차대차 - 측면충돌,안전운전불이행,건조,맑음,단일로 - 기타,승용,여,36세,상해없음,승용,남,74세,경상
2023082600100556,2023년 8월 26일 20시,토요일,인천광역시 중구 북성동1가,경상사고,0,0,2,0,차대차 - 측면충돌,안전운전불이행,건조,맑음,교차로 - 교차로부근,승용,남,39세,상해없음,승용,남,30세,경상
2023082600100557,2023년 8월 26일 20시,토요일,인천광역시 부평구 삼산동,경상사고,0,0,1,0,차대차 - 측면충돌,안전운전불이행,건조,맑음,교차로 - 교차로부근,승용,여,36세,상해없음,승용,남,50세,경상
2023082600100580,2023년 8월 26일 21시,토요일,인천광역시 미추홀구 도화동,경상사고,0,0,1,0,차대차 - 측면충돌,안전운전불이행,건조,맑음,교차로 - 교차로안,이륜,남,50세,상해없음,승용,여,39세,경상
2023082600100610,2023년 8월 26일 23시,토요일,인천광역시 중구 을왕동,경상사고,0,0,1,0,차대사람 - 차도통행중,안전운전불이행,건조,맑음,단일로 - 기타,승용,여,41세,상해없음,보행자,남,27세,경상
2023082600100611,2023년 8월 26일 23시,토요일,인천광역시 부평구 부평동,경상사고,0,0,1,0,차대차 - 후진중충돌,안전운전불이행,건조,맑음,단일로 - 기타,승용,남,30세,상해없음,승용,남,52세,경상
2023082700100019,2023년 8월 27일 01시,일요일,인천광역시 미추홀구 숭의동,경상사고,0,0,1,0,차대차 - 측면충돌,신호위반,건조,맑음,교차로 - 교차로안,승용,남,46세,상해없음,승용,남,32세,경상
2023082700100020,2023년 8월 27일 01시,일요일,인천광역시 남동구 구월동,경상사고,0,0,1,0,차대차 - 추돌,안전거리미확보,건조,맑음,단일로 - 기타,승용,남,60세,상해없음,승용,남,48세,경상
2023082700100037,2023년 8월 27일 02시,일요일,인천광역시 계양구 효성동,경상사고,0,0,4,0,차대차 - 측면충돌,안전거리미확보,건조,맑음,교차로 - 교차로부근,승용,남,22세,상해없음,승용,남,19세,경상
2023082700100050,2023년 8월 27일 04시,일요일,인천광역시 서구 공촌동,중상사고,0,1,1,0,차대차 - 기타,중앙선침범,건조,맑음,단일로 - 기타,승용,남,74세,상해없음,승합,남,54세,상해없음
2023082700100064,2023년 8월 27일 06시,일요일,인천광역시 미추홀구 도화동,경상사고,0,0,3,1,차대차 - 추돌,안전운전불이행,건조,맑음,교차로 - 교차로부근,승용,남,43세,상해없음,승용,남,73세,경상
2023082700100084,2023년 8월 27일 08시,일요일,인천광역시 서구 연희동,중상사고,0,1,0,0,차대사람 - 기타,안전운전불이행,건조,맑음,단일로 - 기타,승용,여,47세,상해없음,보행자,남,82세,중상
2023082700100085,2023년 8월 27일 08시,일요일,인천광역시 강화군 하점면,중상사고,0,1,0,0,차대사람 - 길가장자리구역통행중,안전운전불이행,건조,맑음,단일로 - 지하차도(도로)내,승용,남,41세,상해없음,보행자,남,76세,중상
2023082700100151,2023년 8월 27일 11시,일요일,인천광역시 중구 을왕동,경상사고,0,0,2,0,차대차 - 후진중충돌,안전운전불이행,건조,맑음,교차로 - 교차로부근,승용,여,31세,상해없음,승용,남,28세,경상
2023082700100152,2023년 8월 27일 11시,일요일,인천광역시 부평구 삼산동,경상사고,0,0,1,0,차대차 - 추돌,안전운전불이행,건조,맑음,교차로 - 교차로부근,승용,남,59세,상해없음,이륜,남,28세,경상
2023082700100191,2023년 8월 27일 12시,일요일,인천광역시 옹진군 영흥면,경상사고,0,0,1,0,차대차 - 측면충돌,안전운전불이행,건조,맑음,교차로 - 교차로안,승용,남,25세,상해없음,화물,남,39세,경상
2023082700100219,2023년 8월 27일 13시,일요일,인천광역시 중구 운서동,중상사고,0,1,0,0,차대차 - 정면충돌,안전운전불이행,건조,맑음,교차로 - 교차로부근,승용,남,42세,상해없음,이륜,남,50세,중상
2023082700100220,2023년 8월 27일 13시,일요일,인천광역시 미추홀구 주안동,경상사고,0,0,1,0,차대사람 - 기타,안전운전불이행,건조,맑음,기타 - 기타,개인형이동수단(PM),남,15세,기타불명,보행자,남,42세,경상
2023082700100253,2023년 8월 27일 14시,일요일,인천광역시 서구 가정동,경상사고,0,0,2,0,차대차 - 추돌,안전거리미확보,건조,맑음,단일로 - 기타,승용,남,46세,경상,승용,남,36세,상해없음
2023082700100276,2023년 8월 27일 15시,일요일,인천광역시 서구 가정동,중상사고,0,2,3,0,차대차 - 추돌,기타,건조,맑음,단일로 - 기타,승용,남,34세,상해없음,승용,여,31세,경상
2023082700100306,2023년 8월 27일 16시,일요일,인천광역시 중구 덕교동,중상사고,0,1,6,0,차대차 - 측면충돌,안전운전불이행,건조,맑음,교차로 - 교차로안,승용,남,28세,상해없음,화물,남,41세,경상
2023082700100307,2023년 8월 27일 16시,일요일,인천광역시 서구 가좌동,경상사고,0,0,1,0,차대차 - 측면충돌,안전운전불이행,건조,맑음,교차로 - 교차로안,승용,여,48세,상해없음,승용,여,65세,경상
2023082700100308,2023년 8월 27일 16시,일요일,인천광역시 연수구 동춘동,사망사고,1,0,0,0,차대차 - 기타,기타,건조,맑음,단일로 - 기타,화물,남,64세,사망,특수,기타불명,미분류,기타불명
2023082700100363,2023년 8월 27일 18시,일요일,인천광역시 중구 운서동,경상사고,0,0,1,0,차대차 - 측면충돌,안전운전불이행,건조,맑음,교차로 - 교차로안,승용,남,63세,상해없음,이륜,남,44세,경상
2023082700100423,2023년 8월 27일 20시,일요일,인천광역시 서구 청라동,중상사고,0,1,0,0,차대차 - 측면충돌,안전운전불이행,건조,맑음,교차로 - 교차로안,승용,여,65세,상해없음,이륜,남,45세,중상
2023082800100014,2023년 8월 28일 03시,월요일,인천광역시 미추홀구 주안동,경상사고,0,0,1,0,차대사람 - 보도통행중,신호위반,젖음/습기,비,교차로 - 교차로부근,승용,남,25세,상해없음,보행자,남,23세,경상
2023082800100015,2023년 8월 28일 03시,월요일,인천광역시 남동구 운연동,경상사고,0,0,1,0,차량단독 - 공작물충돌,안전운전불이행,젖음/습기,비,교차로 - 교차로안,승용,남,16세,상해없음,,,,
2023082800100036,2023년 8월 28일 05시,월요일,인천광역시 미추홀구 주안동,중상사고,0,1,0,0,차대사람 - 횡단중,안전운전불이행,젖음/습기,비,교차로 - 교차로횡단보도내,승용,남,62세,상해없음,보행자,남,73세,중상
2023082800100048,2023년 8월 28일 06시,월요일,인천광역시 부평구 십정동,경상사고,0,0,1,0,차대사람 - 횡단중,신호위반,젖음/습기,비,교차로 - 교차로부근,승용,남,70세,상해없음,보행자,여,63세,경상
2023082800100049,2023년 8월 28일 06시,월요일,인천광역시 연수구 동춘동,경상사고,0,0,1,0,차대차 - 추돌,안전운전불이행,젖음/습기,비,단일로 - 기타,승용,남,44세,상해없음,승용,남,44세,경상
2023082800100133,2023년 8월 28일 08시,월요일,인천광역시 미추홀구 주안동,경상사고,0,0,1,0,차량단독 - 기타,안전운전불이행,젖음/습기,비,단일로 - 기타,승합,남,74세,상해없음,,,,
2023082800100172,2023년 8월 28일 09시,월요일,인천광역시 미추홀구 숭의동,경상사고,0,0,1,0,차대차 - 측면충돌,안전거리미확보,건조,맑음,단일로 - 기타,화물,남,40세,기타불명,승용,여,40세,경상
2023082800100173,2023년 8월 28일 09시,월요일,인천광역시 미추홀구 용현동,경상사고,0,0,2,0,차대차 - 추돌,안전운전불이행,건조,맑음,단일로 - 기타,화물,남,56세,상해없음,승용,남,38세,경상
2023082800100209,2023년 8월 28일 10시,월요일,인천광역시 부평구 청천동,경상사고,0,0,1,0,차대차 - 측면충돌,안전운전불이행,젖음/습기,비,단일로 - 기타,화물,남,32세,상해없음,승용,여,53세,경상
2023082800100274,2023년 8월 28일 12시,월요일,인천광역시 중구 항동7가,중상사고,0,1,0,0,차대차 - 측면충돌,안전거리미확보,건조,맑음,단일로 - 기타,승용,여,28세,상해없음,화물,남,46세,중상
2023082800100275,2023년 8월 28일 12시,월요일,인천광역시 서구 오류동,중상사고,0,1,0,0,차량단독 - 공작물충돌,안전운전불이행,건조,맑음,단일로 - 기타,승용,여,30세,중상,,,,
2023082800100334,2023년 8월 28일 14시,월요일,인천광역시 서구 검암동,경상사고,0,0,1,0,차대차 - 측면충돌,안전거리미확보,건조,맑음,단일로 - 기타,승용,여,42세,상해없음,승용,여,47세,경상
2023082800100363,2023년 8월 28일 15시,월요일,인천광역시 중구 신흥동3가,경상사고,0,0,1,0,차대차 - 추돌,안전운전불이행,건조,맑음,교차로 - 교차로부근,승용,남,65세,상해없음,승용,남,56세,경상
2023082800100364,2023년 8월 28일 15시,월요일,인천광역시 부평구 부평동,경상사고,0,0,2,0,차대차 - 측면충돌,신호위반,건조,맑음,교차로 - 교차로안,승용,여,65세,상해없음,승용,남,55세,경상
2023082800100415,2023년 8월 28일 16시,월요일,인천광역시 연수구 송도동,중상사고,0,1,0,0,차대사람 - 횡단중,기타,건조,맑음,교차로 - 교차로횡단보도내,승합,남,50세,상해없음,보행자,여,11세,중상
2023082800100416,2023년 8월 28일 16시,월요일,인천광역시 남동구 만수동,경상사고,0,0,1,0,차대차 - 측면충돌,교차로운행방법위반,젖음/습기,비,교차로 - 교차로안,승용,남,29세,상해없음,화물,남,27세,경상
2023082800100458,2023년 8월 28일 17시,월요일,인천광역시 중구 중산동,중상사고,0,1,0,0,차대차 - 정면충돌,신호위반,건조,흐림,교차로 - 교차로부근,승용,여,48세,상해없음,이륜,남,53세,중상
2023082800100459,2023년 8월 28일 17시,월요일,인천광역시 중구 운서동,경상사고,0,0,1,0,차대차 - 추돌,안전운전불이행,젖음/습기,비,교차로 - 교차로부근,승용,남,39세,상해없음,승합,남,35세,기타불명
2023082800100460,2023년 8월 28일 17시,월요일,인천광역시 서구 금곡동,경상사고,0,0,1,0,차대차 - 추돌,안전운전불이행,젖음/습기,비,교차로 - 교차로안,승용,남,65세,상해없음,승용,남,54세,경상
2023082800100461,2023년 8월 28일 17시,월요일,인천광역시 계양구 계산동,경상사고,0,0,1,0,차대차 - 기타,신호위반,건조,맑음,교차로 - 교차로안,승합,남,62세,상해없음,이륜,남,33세,경상
2023082800100499,2023년 8월 28일 18시,월요일,인천광역시 서구 원창동,경상사고,0,0,2,0,차대차 - 정면충돌,신호위반,건조,맑음,교차로 - 교차로안,화물,남,53세,상해없음,화물,남,56세,경상
2023082800100500,2023년 8월 28일 18시,월요일,인천광역시 남동구 서창동,경상사고,0,0,1,0,차대차 - 측면충돌,교차로운행방법위반,건조,맑음,교차로 - 교차로안,승용,남,49세,경상,승용,남,54세,상해없음
2023082800100501,2023년 8월 28일 18시,월요일,인천광역시 남동구 서창동,중상사고,0,1,0,0,차대차 - 측면충돌,안전운전불이행,건조,맑음,교차로 - 교차로부근,승용,여,42세,상해없음,자전거,남,10세,중상
2023082800100576,2023년 8월 28일 21시,월요일,인천광역시 미추홀구 주안동,경상사고,0,0,1,0,차대차 - 측면충돌,안전거리미확보,건조,맑음,단일로 - 기타,원동기,남,26세,상해없음,승용,여,54세,경상
2023082800100578,2023년 8월 28일 21시,월요일,인천광역시 서구 청라동,경상사고,0,0,1,0,차대차 - 측면충돌,안전거리미확보,건조,맑음,단일로 - 기타,화물,남,63세,상해없음,화물,남,43세,경상
2023082800100579,2023년 8월 28일 21시,월요일,인천광역시 남동구 논현동,경상사고,0,0,1,0,차대사람 - 차도통행중,안전운전불이행,건조,맑음,단일로 - 지하차도(도로)내,승용,남,50세,상해없음,보행자,남,46세,경상
2023082800100602,2023년 8월 28일 23시,월요일,인천광역시 연수구 선학동,경상사고,0,0,2,0,차대차 - 측면충돌,안전거리미확보,건조,흐림,단일로 - 기타,원동기,남,46세,경상,승용,남,54세,경상
2023082900100014,2023년 8월 29일 01시,화요일,인천광역시 중구 운서동,경상사고,0,0,1,0,차대차 - 추돌,안전운전불이행,젖음/습기,비,교차로 - 교차로부근,승용,남,57세,상해없음,승용,남,75세,경상
2023082900100138,2023년 8월 29일 09시,화요일,인천광역시 미추홀구 학익동,경상사고,0,0,1,0,차대차 - 측면충돌,신호위반,젖음/습기,비,교차로 - 교차로안,승용,남,64세,상해없음,승용,남,26세,경상
2023082900100168,2023년 8월 29일 10시,화요일,인천광역시 계양구 효성동,경상사고,0,0,1,0,차대차 - 기타,안전운전불이행,젖음/습기,비,주차장 - 주차장,화물,남,66세,상해없음,승용,남,61세,경상
2023082900100213,2023년 8월 29일 11시,화요일,인천광역시 서구 가좌동,경상사고,0,0,1,0,차대차 - 정면충돌,신호위반,젖음/습기,비,교차로 - 교차로부근,화물,남,42세,상해없음,승용,남,24세,경상
2023082900100245,2023년 8월 29일 12시,화요일,인천광역시 강화군 강화읍,중상사고,0,2,0,0,차대차 - 기타,교차로운행방법위반,젖음/습기,비,교차로 - 교차로안,승용,남,64세,상해없음,승용,여,60세,중상
2023082900100423,2023년 8월 29일 17시,화요일,인천광역시 남동구 도림동,경상사고,0,0,2,0,차대차 - 측면충돌,안전거리미확보,건조,맑음,단일로 - 기타,특수,남,49세,경상,승용,남,50세,경상
2023082900100521,2023년 8월 29일 19시,화요일,인천광역시 서구 가정동,경상사고,0,0,1,0,차대차 - 추돌,신호위반,건조,맑음,교차로 - 교차로안,승용,남,52세,상해없음,승용,여,49세,경상
2023082900100553,2023년 8월 29일 20시,화요일,인천광역시 남동구 서창동,경상사고,0,0,1,0,차대차 - 측면충돌,안전거리미확보,젖음/습기,흐림,교차로 - 교차로부근,승용,여,54세,상해없음,승용,남,21세,경상
2023082900100586,2023년 8월 29일 22시,화요일,인천광역시 서구 가좌동,경상사고,0,0,1,0,차대차 - 기타,신호위반,건조,맑음,교차로 - 교차로안,승용,남,52세,상해없음,이륜,남,62세,경상
2023082900100587,2023년 8월 29일 22시,화요일,인천광역시 부평구 청천동,경상사고,0,0,2,0,차대차 - 측면충돌,안전거리미확보,건조,맑음,단일로 - 교량,승용,여,32세,상해없음,승용,남,24세,경상
2023083000100042,2023년 8월 30일 03시,수요일,인천광역시 미추홀구 주안동,경상사고,0,0,1,0,차대차 - 측면충돌,안전운전불이행,건조,맑음,단일로 - 교량,승용,남,34세,상해없음,특수,남,49세,경상
2023083000100054,2023년 8월 30일 05시,수요일,인천광역시 미추홀구 주안동,경상사고,0,0,1,0,차대차 - 측면충돌,교차로운행방법위반,건조,맑음,교차로 - 교차로안,화물,남,62세,상해없음,승용,남,25세,경상
2023083000100121,2023년 8월 30일 08시,수요일,인천광역시 미추홀구 용현동,경상사고,0,0,1,0,차대차 - 추돌,안전운전불이행,건조,맑음,단일로 - 기타,이륜,남,20세,기타불명,승용,남,60세,상해없음
2023083000100122,2023년 8월 30일 08시,수요일,인천광역시 미추홀구 도화동,경상사고,0,0,1,0,차대차 - 추돌,안전운전불이행,건조,맑음,단일로 - 기타,화물,남,73세,상해없음,승용,여,40세,경상
2023083000100188,2023년 8월 30일 10시,수요일,인천광역시 미추홀구 주안동,경상사고,0,0,1,0,차대차 - 측면충돌,안전거리미확보,건조,맑음,단일로 - 기타,승용,남,67세,기타불명,특수,남,56세,경상
2023083000100219,2023년 8월 30일 11시,수요일,인천광역시 남동구 논현동,경상사고,0,0,2,0,차대차 - 추돌,안전운전불이행,건조,맑음,교차로 - 교차로부근,화물,남,40세,상해없음,승용,남,42세,경상
2023083000100282,2023년 8월 30일 13시,수요일,인천광역시 중구 운서동,경상사고,0,0,1,0,차대차 - 기타,안전운전불이행,젖음/습기,비,교차로 - 교차로안,승용,여,60세,상해없음,이륜,남,31세,경상
2023083000100283,2023년 8월 30일 13시,수요일,인천광역시 계양구 상야동,경상사고,0,0,1,0,차대차 - 추돌,안전운전불이행,건조,맑음,단일로 - 기타,승용,남,43세,상해없음,승용,남,40세,경상
2023083000100348,2023년 8월 30일 15시,수요일,인천광역시 미추홀구 용현동,경상사고,0,0,1,0,차대사람 - 길가장자리구역통행중,안전운전불이행,건조,맑음,교차로 - 교차로안,건설기계,남,42세,상해없음,보행자,여,64세,경상
2023083000100381,2023년 8월 30일 16시,수요일,인천광역시 강화군 불은면,중상사고,0,3,0,0,차대차 - 측면충돌,교차로운행방법위반,건조,맑음,교차로 - 교차로안,승용,여,52세,상해없음,승용,남,45세,중상
2023083000100418,2023년 8월 30일 17시,수요일,인천광역시 서구 가좌동,부상신고사고,0,0,0,1,차대차 - 측면충돌,안전거리미확보,건조,맑음,교차로 - 교차로부근,승용,여,51세,상해없음,승합,남,62세,부상신고
2023083000100419,2023년 8월 30일 17시,수요일,인천광역시 부평구 갈산동,경상사고,0,0,1,0,차대사람 - 길가장자리구역통행중,안전운전불이행,젖음/습기,맑음,교차로 - 교차로부근,승합,남,62세,상해없음,보행자,여,63세,경상
2023083000100464,2023년 8월 30일 18시,수요일,인천광역시 서구 청라동,경상사고,0,0,1,0,차대차 - 측면충돌,안전운전불이행,건조,맑음,교차로 - 교차로안,승용,남,71세,상해없음,승용,남,28세,경상
2023083000100465,2023년 8월 30일 18시,수요일,인천광역시 계양구 귤현동,경상사고,0,0,2,0,차대차 - 측면충돌,안전운전불이행,건조,맑음,단일로 - 기타,승용,남,35세,상해없음,승용,남,47세,경상
2023083000100502,2023년 8월 30일 19시,수요일,인천광역시 부평구 청천동,경상사고,0,0,1,0,차대차 - 기타,차로위반,건조,맑음,교차로 - 교차로부근,승용,여,58세,상해없음,승용,남,22세,경상
2023083000100503,2023년 8월 30일 19시,수요일,인천광역시 부평구 십정동,경상사고,0,0,1,0,차대차 - 기타,차로위반,건조,맑음,교차로 - 교차로안,승용,남,52세,상해없음,승용,남,59세,경상
2023083000100504,2023년 8월 30일 19시,수요일,인천광역시 남동구 간석동,경상사고,0,0,1,0,차대사람 - 차도통행중,안전운전불이행,건조,맑음,교차로 - 교차로부근,승용,남,54세,상해없음,보행자,여,69세,경상
2023083000100582,2023년 8월 30일 22시,수요일,인천광역시 미추홀구 주안동,경상사고,0,0,1,0,차대차 - 측면충돌,기타,건조,맑음,단일로 - 기타,승용,여,43세,상해없음,이륜,남,43세,경상
2023083100100059,2023년 8월 31일 06시,목요일,인천광역시 부평구 청천동,경상사고,0,0,1,0,차대차 - 측면충돌,신호위반,건조,맑음,기타 - 기타,승용,남,52세,상해없음,화물,남,48세,경상
2023083100100127,2023년 8월 31일 08시,목요일,인천광역시 남동구 장수동,경상사고,0,0,1,0,차대차 - 추돌,안전운전불이행,건조,흐림,단일로 - 지하차도(도로)내,화물,남,63세,상해없음,승용,남,28세,경상
2023083100100167,2023년 8월 31일 09시,목요일,인천광역시 강화군 송해면,중상사고,0,2,0,0,차대차 - 측면충돌,직진우회전진행방해,건조,맑음,교차로 - 교차로안,화물,남,46세,상해없음,승용,여,68세,중상
2023083100100210,2023년 8월 31일 11시,목요일,인천광역시 남동구 남촌동,경상사고,0,0,3,0,차대차 - 측면충돌,안전운전불이행,건조,맑음,교차로 - 교차로안,승용,남,30세,상해없음,승용,남,59세,경상
2023083100100246,2023년 8월 31일 12시,목요일,인천광역시 남동구 간석동,경상사고,0,0,2,0,차대차 - 추돌,안전운전불이행,건조,맑음,단일로 - 기타,승용,여,59세,상해없음,승용,남,41세,경상
2023083100100247,2023년 8월 31일 12시,목요일,인천광역시 중구 신흥동3가,경상사고,0,0,1,0,차대차 - 측면충돌,안전거리미확보,건조,맑음,단일로 - 기타,승용,남,86세,상해없음,화물,남,47세,경상
2023083100100268,2023년 8월 31일 13시,목요일,인천광역시 중구 운서동,경상사고,0,0,1,0,차대차 - 기타,안전운전불이행,건조,맑음,단일로 - 터널,건설기계,남,44세,상해없음,승용,남,38세,경상
2023083100100308,2023년 8월 31일 14시,목요일,인천광역시 동구 송림동,경상사고,0,0,1,0,차대차 - 추돌,안전운전불이행,건조,맑음,교차로 - 교차로부근,화물,남,52세,상해없음,화물,남,59세,경상