사고번호,사고일시,요일,시군구,사고내용,사망자수,중상자수,경상자수,부상신고자수,사고유형,법규위반,노면상태,기상상태,도로형태,가해운전자 차종,가해운전자 성별,가해운전자 연령,가해운전자 상해정도,피해운전자 차종,피해운전자 성별,피해운전자 연령,피해운전자 상해정도
2023090600100134,2023년 9월 6일 08시,수요일,인천광역시 중구 중산동,중상사고,0,1,0,0,차대차 - 기타,신호위반,건조,맑음,교차로 - 교차로안,승용,여,72세,상해없음,자전거,남,63세,중상
2023090600100171,2023년 9월 6일 09시,수요일,인천광역시 남동구 간석동,경상사고,0,0,1,0,차대차 - 측면충돌,안전운전불이행,건조,맑음,교차로 - 교차로부근,화물,남,59세,상해없음,승용,여,35세,경상
2023090600100172,2023년 9월 6일 09시,수요일,인천광역시 남동구 구월동,경상사고,0,0,1,0,차대차 - 측면충돌,안전운전불이행,건조,맑음,단일로 - 지하차도(도로)내,승용,여,63세,기타불명,승용,남,62세,경상
2023090600100173,2023년 9월 6일 09시,수요일,인천광역시 부평구 부평동,경상사고,0,0,1,0,차대차 - 후진중충돌,안전운전불이행,건조,맑음,교차로 - 교차로부근,승용,여,64세,상해없음,화물,여,50세,경상
2023090600100222,2023년 9월 6일 11시,수요일,인천광역시 부평구 부평동,경상사고,0,0,1,0,차대사람 - 길가장자리구역통행중,안전운전불이행,건조,맑음,단일로 - 기타,승용,남,45세,상해없음,보행자,여,47세,경상
2023090600100223,2023년 9월 6일 11시,수요일,인천광역시 남동구 구월동,경상사고,0,0,2,0,차대차 - 측면충돌,차로위반,건조,맑음,단일로 - 기타,승용,남,35세,상해없음,승용,여,52세,경상
2023090600100224,2023년 9월 6일 11시,수요일,인천광역시 서구 청라동,경상사고,0,0,1,0,차대차 - 측면충돌,교차로운행방법위반,건조,맑음,교차로 - 교차로안,승용,여,62세,상해없음,승용,여,31세,경상
2023090600100225,2023년 9월 6일 11시,수요일,인천광역시 서구 왕길동,경상사고,0,0,2,0,차대차 - 추돌,안전운전불이행,건조,맑음,교차로 - 교차로부근,화물,남,83세,상해없음,승용,남,70세,경상
2023090600100284,2023년 9월 6일 13시,수요일,인천광역시 미추홀구 도화동,중상사고,0,1,1,0,차대차 - 추돌,안전거리미확보,건조,맑음,교차로 - 교차로부근,이륜,남,43세,경상,승용,여,27세,중상
2023090600100285,2023년 9월 6일 13시,수요일,인천광역시 미추홀구 용현동,중상사고,0,1,0,0,차대차 - 측면충돌,신호위반,건조,맑음,단일로 - 기타,승용,여,52세,상해없음,자전거,여,47세,중상
2023090600100359,2023년 9월 6일 15시,수요일,인천광역시 부평구 산곡동,경상사고,0,0,1,0,차대사람 - 기타,신호위반,건조,맑음,단일로 - 기타,승용,남,64세,상해없음,보행자,남,48세,경상
2023090600100405,2023년 9월 6일 16시,수요일,인천광역시 부평구 청천동,경상사고,0,0,1,0,차대차 - 후진중충돌,안전운전불이행,건조,맑음,단일로 - 기타,승용,남,46세,상해없음,승용,여,62세,경상
2023090600100406,2023년 9월 6일 16시,수요일,인천광역시 계양구 계산동,경상사고,0,0,1,0,차대차 - 측면충돌,차로위반,건조,맑음,교차로 - 교차로부근,승용,여,68세,상해없음,승용,남,44세,경상
2023090600100457,2023년 9월 6일 17시,수요일,인천광역시 미추홀구 용현동,경상사고,0,0,1,0,차대사람 - 횡단중,보행자보호의무위반,건조,맑음,교차로 - 교차로안,승용,여,62세,상해없음,보행자,여,9세,경상
2023090600100503,2023년 9월 6일 18시,수요일,인천광역시 연수구 송도동,경상사고,0,0,3,0,차대차 - 측면충돌,안전운전불이행,건조,맑음,단일로 - 기타,승용,남,37세,경상,승용,여,44세,경상
2023090600100504,2023년 9월 6일 18시,수요일,인천광역시 부평구 삼산동,경상사고,0,0,1,0,차대차 - 기타,안전운전불이행,건조,맑음,교차로 - 교차로부근,승용,남,47세,상해없음,자전거,남,31세,경상
2023090600100600,2023년 9월 6일 21시,수요일,인천광역시 미추홀구 도화동,경상사고,0,0,1,0,차대사람 - 횡단중,신호위반,건조,맑음,교차로 - 교차로횡단보도내,승합,남,70세,상해없음,보행자,남,45세,경상
2023090600100601,2023년 9월 6일 21시,수요일,인천광역시 서구 심곡동,경상사고,0,0,1,0,차대차 - 추돌,안전운전불이행,건조,맑음,단일로 - 기타,승용,남,27세,상해없음,승용,남,30세,경상
2023090700100023,2023년 9월 7일 02시,목요일,인천광역시 연수구 연수동,경상사고,0,0,1,0,차량단독 - 기타,안전운전불이행,건조,맑음,교차로 - 교차로안,승용,남,51세,상해없음,,,,
2023090700100051,2023년 9월 7일 05시,목요일,인천광역시 서구 당하동,중상사고,0,1,0,0,차대차 - 정면충돌,안전운전불이행,건조,맑음,교차로 - 교차로안,이륜,남,58세,상해없음,자전거,남,60세,중상
2023090700100052,2023년 9월 7일 05시,목요일,인천광역시 계양구 계산동,경상사고,0,0,1,0,차대사람 - 기타,안전운전불이행,건조,맑음,단일로 - 기타,승용,남,65세,상해없음,보행자,남,49세,경상
2023090700100115,2023년 9월 7일 07시,목요일,인천광역시 서구 가정동,경상사고,0,0,1,0,차대차 - 추돌,안전운전불이행,건조,맑음,기타 - 기타,승용,여,50세,상해없음,승용,남,31세,경상
2023090700100116,2023년 9월 7일 07시,목요일,인천광역시 연수구 연수동,부상신고사고,0,0,0,1,차대사람 - 횡단중,안전운전불이행,건조,맑음,교차로 - 교차로부근,승용,여,58세,상해없음,보행자,남,41세,부상신고
2023090700100180,2023년 9월 7일 08시,목요일,인천광역시 부평구 청천동,경상사고,0,0,4,0,차대차 - 추돌,안전운전불이행,건조,맑음,단일로 - 기타,승합,남,67세,상해없음,승용,여,42세,경상
2023090700100181,2023년 9월 7일 08시,목요일,인천광역시 서구 가정동,경상사고,0,0,1,0,차대차 - 측면충돌,안전운전불이행,건조,맑음,단일로 - 기타,화물,남,57세,상해없음,승합,남,50세,경상
2023090700100182,2023년 9월 7일 08시,목요일,인천광역시 서구 가정동,경상사고,0,0,1,0,차대차 - 추돌,안전운전불이행,건조,맑음,기타 - 기타,승용,여,32세,상해없음,승용,여,28세,경상
2023090700100183,2023년 9월 7일 08시,목요일,인천광역시 연수구 송도동,중상사고,0,1,0,0,차대사람 - 기타,보행자보호의무위반,건조,맑음,교차로 - 교차로안,화물,남,24세,상해없음,보행자,남,56세,중상
2023090700100231,2023년 9월 7일 09시,목요일,인천광역시 미추홀구 도화동,경상사고,0,0,1,0,차대차 - 추돌,안전운전불이행,건조,맑음,단일로 - 기타,승용,여,39세,상해없음,승용,남,52세,경상
2023090700100232,2023년 9월 7일 09시,목요일,인천광역시 강화군 강화읍,중상사고,0,1,0,0,차대사람 - 횡단중,안전운전불이행,건조,맑음,단일로 - 기타,화물,남,60세,상해없음,보행자,여,85세,중상
2023090700100233,2023년 9월 7일 09시,목요일,인천광역시 연수구 동춘동,중상사고,0,1,0,0,차대사람 - 횡단중,보행자보호의무위반,건조,맑음,교차로 - 교차로안,승용,여,50세,상해없음,보행자,남,73세,중상
2023090700100234,2023년 9월 7일 09시,목요일,인천광역시 남동구 고잔동,경상사고,0,0,1,0,차대차 - 측면충돌,교차로운행방법위반,건조,맑음,교차로 - 교차로안,승용,여,46세,상해없음,승용,남,43세,경상
2023090700100261,2023년 9월 7일 10시,목요일,인천광역시 계양구 병방동,경상사고,0,0,1,0,차대차 - 기타,안전거리미확보,건조,맑음,단일로 - 기타,승용,남,56세,상해없음,특수,남,49세,경상
2023090700100319,2023년 9월 7일 12시,목요일,인천광역시 미추홀구 주안동,경상사고,0,0,1,0,차대차 - 측면충돌,안전거리미확보,건조,맑음,단일로 - 기타,화물,남,69세,기타불명,승용,여,40세,경상
2023090700100320,2023년 9월 7일 12시,목요일,인천광역시 미추홀구 용현동,경상사고,0,0,1,0,차대차 - 추돌,안전운전불이행,건조,맑음,단일로 - 기타,승용,남,33세,상해없음,화물,남,42세,경상
2023090700100391,2023년 9월 7일 14시,목요일,인천광역시 부평구 삼산동,중상사고,0,1,0,0,차대차 - 측면충돌,신호위반,건조,맑음,교차로 - 교차로안,승용,남,24세,상해없음,승용,남,62세,중상
2023090700100430,2023년 9월 7일 15시,목요일,인천광역시 서구 가좌동,경상사고,0,0,1,0,차대차 - 기타,안전거리미확보,건조,맑음,교차로 - 교차로안,승용,여,41세,상해없음,승용,여,33세,경상
2023090700100431,2023년 9월 7일 15시,목요일,인천광역시 계양구 계산동,경상사고,0,0,2,0,차대차 - 추돌,안전운전불이행,건조,맑음,교차로 - 교차로부근,승용,여,56세,상해없음,승용,남,34세,경상
2023090700100432,2023년 9월 7일 15시,목요일,인천광역시 남동구 만수동,경상사고,0,0,1,0,차대차 - 측면충돌,안전거리미확보,건조,맑음,단일로 - 기타,승용,남,49세,상해없음,승용,여,41세,경상
2023090700100482,2023년 9월 7일 16시,목요일,인천광역시 미추홀구 주안동,경상사고,0,0,1,0,차대차 - 정면충돌,중앙선침범,건조,맑음,교차로 - 교차로부근,건설기계,남,53세,상해없음,승용,여,31세,경상
2023090700100545,2023년 9월 7일 17시,목요일,인천광역시 중구 운남동,경상사고,0,0,1,0,차대차 - 측면충돌,안전거리미확보,건조,맑음,단일로 - 지하차도(도로)내,승합,남,66세,상해없음,승용,남,28세,상해없음
2023090700100546,2023년 9월 7일 17시,목요일,인천광역시 계양구 갈현동,경상사고,0,0,1,0,차대차 - 측면충돌,안전운전불이행,건조,맑음,단일로 - 기타,승합,남,44세,기타불명,승용,남,40세,경상
2023090700100547,2023년 9월 7일 17시,목요일,인천광역시 연수구 송도동,경상사고,0,0,3,0,차대차 - 측면충돌,안전거리미확보,건조,맑음,단일로 - 기타,승용,남,66세,경상,승합,남,43세,경상
2023090700100590,2023년 9월 7일 18시,목요일,인천광역시 미추홀구 도화동,경상사고,0,0,1,0,차대사람 - 기타,안전운전불이행,건조,맑음,단일로 - 기타,이륜,남,45세,기타불명,보행자,남,12세,경상
2023090700100591,2023년 9월 7일 18시,목요일,인천광역시 계양구 계산동,경상사고,0,0,1,0,차대차 - 추돌,안전운전불이행,건조,맑음,단일로 - 기타,승용,여,42세,상해없음,승용,여,51세,경상
2023090700100592,2023년 9월 7일 18시,목요일,인천광역시 강화군 강화읍,경상사고,0,0,4,0,차대차 - 측면충돌,안전운전불이행,건조,맑음,단일로 - 고가도로위,승용,여,78세,경상,승용,여,54세,경상
2023090700100593,2023년 9월 7일 18시,목요일,인천광역시 부평구 부평동,중상사고,0,1,0,0,차대차 - 측면충돌,안전운전불이행,건조,맑음,교차로 - 교차로안,승용,남,58세,상해없음,이륜,남,43세,중상
2023090700100594,2023년 9월 7일 18시,목요일,인천광역시 남동구 논현동,중상사고,0,1,3,0,차대차 - 기타,기타,건조,맑음,교차로 - 교차로부근,이륜,남,44세,상해없음,승합,남,67세,상해없음
2023090700100641,2023년 9월 7일 19시,목요일,인천광역시 서구 마전동,경상사고,0,0,1,0,차대차 - 측면충돌,안전운전불이행,건조,맑음,교차로 - 교차로안,승용,남,71세,상해없음,화물,남,72세,경상
2023090700100667,2023년 9월 7일 20시,목요일,인천광역시 서구 석남동,경상사고,0,0,1,0,차대차 - 후진중충돌,안전운전불이행,건조,맑음,단일로 - 기타,승용,남,47세,상해없음,승용,남,42세,경상
2023090700100711,2023년 9월 7일 22시,목요일,인천광역시 부평구 부평동,경상사고,0,0,1,0,차대사람 - 보도통행중,기타,건조,맑음,단일로 - 기타,자전거,남,38세,상해없음,보행자,여,55세,경상
2023090700100734,2023년 9월 7일 23시,목요일,인천광역시 강화군 길상면,경상사고,0,0,1,0,차량단독 - 전도전복 - 전도,안전운전불이행,건조,흐림,단일로 - 지하차도(도로)내,승용,남,37세,경상,,,,
2023090800100023,2023년 9월 8일 02시,금요일,인천광역시 서구 청라동,경상사고,0,0,1,0,차대차 - 기타,안전운전불이행,건조,맑음,단일로 - 기타,승용,남,50세,상해없음,이륜,남,24세,경상
2023090800100029,2023년 9월 8일 03시,금요일,인천광역시 부평구 십정동,경상사고,0,0,1,0,차대차 - 추돌,안전운전불이행,건조,맑음,단일로 - 기타,승용,남,59세,상해없음,승용,여,66세,경상
2023090800100059,2023년 9월 8일 06시,금요일,인천광역시 미추홀구 주안동,중상사고,0,1,0,0,차대사람 - 횡단중,안전운전불이행,건조,맑음,단일로 - 기타,승용,남,39세,상해없음,보행자,여,80세,중상
2023090800100078,2023년 9월 8일 07시,금요일,인천광역시 미추홀구 용현동,경상사고,0,0,1,0,차대차 - 측면충돌,안전운전불이행,건조,맑음,교차로 - 교차로부근,승용,여,52세,상해없음,승용,여,42세,경상
2023090800100128,2023년 9월 8일 08시,금요일,인천광역시 미추홀구 주안동,경상사고,0,0,1,0,차대차 - 기타,직진우회전진행방해,건조,맑음,교차로 - 교차로안,원동기,남,42세,경상,승용,남,27세,상해없음
2023090800100129,2023년 9월 8일 08시,금요일,인천광역시 남동구 간석동,경상사고,0,0,1,0,차대차 - 추돌,안전운전불이행,건조,맑음,단일로 - 지하차도(도로)내,승용,남,31세,상해없음,승용,남,36세,경상
2023090800100130,2023년 9월 8일 08시,금요일,인천광역시 남동구 간석동,경상사고,0,0,1,0,차대차 - 측면충돌,안전운전불이행,건조,맑음,단일로 - 기타,승용,여,52세,상해없음,승용,여,47세,경상
2023090800100131,2023년 9월 8일 08시,금요일,인천광역시 연수구 송도동,경상사고,0,0,1,0,차대차 - 측면충돌,중앙선침범,건조,맑음,단일로 - 기타,승용,남,26세,상해없음,개인형이동수단(PM),남,15세,경상
2023090800100132,2023년 9월 8일 08시,금요일,인천광역시 남동구 만수동,경상사고,0,0,2,0,차대차 - 측면충돌,신호위반,건조,맑음,교차로 - 교차로안,승용,남,56세,상해없음,승용,남,59세,경상
2023090800100133,2023년 9월 8일 08시,금요일,인천광역시 남동구 고잔동,경상사고,0,0,1,0,차대차 - 정면충돌,안전운전불이행,건조,맑음,단일로 - 지하차도(도로)내,승용,남,27세,상해없음,승용,남,66세,경상
2023090800100201,2023년 9월 8일 10시,금요일,인천광역시 서구 가좌동,경상사고,0,0,1,0,차대차 - 정면충돌,중앙선침범,건조,맑음,단일로 - 기타,승용,남,60세,상해없음,화물,남,59세,경상
2023090800100202,2023년 9월 8일 10시,금요일,인천광역시 계양구 효성동,경상사고,0,0,1,0,차대차 - 추돌,직진우회전진행방해,건조,맑음,교차로 - 교차로안,승용,남,44세,상해없음,이륜,남,41세,경상
2023090800100203,2023년 9월 8일 10시,금요일,인천광역시 부평구 갈산동,경상사고,0,0,1,0,차량단독 - 기타,안전운전불이행,건조,맑음,단일로 - 지하차도(도로)내,승합,남,52세,상해없음,,,,
2023090800100272,2023년 9월 8일 12시,금요일,인천광역시 부평구 부평동,경상사고,0,0,1,0,차대차 - 추돌,안전운전불이행,건조,맑음,단일로 - 기타,승용,여,65세,상해없음,승용,남,33세,경상
2023090800100273,2023년 9월 8일 12시,금요일,인천광역시 남동구 간석동,경상사고,0,0,1,0,차대사람 - 길가장자리구역통행중,안전운전불이행,건조,맑음,단일로 - 기타,승용,남,52세,상해없음,보행자,여,17세,경상
2023090800100346,2023년 9월 8일 14시,금요일,인천광역시 서구 경서동,경상사고,0,0,2,0,차대차 - 기타,안전운전불이행,건조,맑음,단일로 - 기타,승용,여,47세,상해없음,승용,여,40세,경상
2023090800100381,2023년 9월 8일 15시,금요일,인천광역시 미추홀구 숭의동,중상사고,0,2,0,0,차대차 - 추돌,안전운전불이행,건조,맑음,교차로 - 교차로안,화물,남,60세,상해없음,화물,남,62세,중상
2023090800100445,2023년 9월 8일 16시,금요일,인천광역시 서구 석남동,경상사고,0,0,1,0,차대차 - 기타,안전운전불이행,건조,맑음,교차로 - 교차로부근,승용,남,68세,상해없음,이륜,남,29세,경상
2023090800100446,2023년 9월 8일 16시,금요일,인천광역시 계양구 갈현동,중상사고,0,1,16,0,차대차 - 측면충돌,안전운전불이행,건조,맑음,교차로 - 교차로안,승용,여,44세,경상,승용,남,38세,경상
2023090800100447,2023년 9월 8일 16시,금요일,인천광역시 부평구 삼산동,중상사고,0,1,0,0,차대차 - 측면충돌,안전운전불이행,건조,맑음,단일로 - 기타,이륜,남,33세,중상,화물,남,54세,상해없음
2023090800100448,2023년 9월 8일 16시,금요일,인천광역시 부평구 부평동,경상사고,0,0,1,0,차대차 - 추돌,안전운전불이행,건조,맑음,주차장 - 주차장,승용,여,53세,상해없음,승용,여,74세,경상
2023090800100522,2023년 9월 8일 17시,금요일,인천광역시 서구 오류동,경상사고,0,0,1,0,차대차 - 정면충돌,신호위반,건조,맑음,교차로 - 교차로안,승용,남,58세,상해없음,승용,여,51세,경상
2023090800100523,2023년 9월 8일 17시,금요일,인천광역시 계양구 둑실동,중상사고,0,1,7,0,차대차 - 추돌,안전운전불이행,건조,맑음,단일로 - 교량,화물,남,60세,상해없음,화물,남,63세,중상
2023090800100629,2023년 9월 8일 19시,금요일,인천광역시 서구 석남동,경상사고,0,0,1,0,차대사람 - 횡단중,보행자보호의무위반,건조,맑음,교차로 - 교차로안,승용,여,51세,상해없음,보행자,남,33세,경상
2023090800100630,2023년 9월 8일 19시,금요일,인천광역시 남동구 서창동,경상사고,0,0,1,0,차대차 - 측면충돌,안전거리미확보,건조,맑음,단일로 - 교량,승용,남,58세,상해없음,승용,남,52세,경상
2023090800100669,2023년 9월 8일 20시,금요일,인천광역시 남동구 간석동,경상사고,0,0,1,0,차대차 - 측면충돌,신호위반,건조,맑음,단일로 - 지하차도(도로)내,승합,남,73세,상해없음,이륜,남,27세,경상
2023090800100715,2023년 9월 8일 22시,금요일,인천광역시 미추홀구 주안동,중상사고,0,1,1,0,차대차 - 추돌,안전운전불이행,건조,맑음,교차로 - 교차로부근,승용,남,21세,상해없음,승용,남,60세,경상
2023090800100716,2023년 9월 8일 22시,금요일,인천광역시 연수구 청학동,중상사고,0,1,0,0,차대사람 - 기타,보행자보호의무위반,건조,맑음,교차로 - 교차로횡단보도내,이륜,남,33세,상해없음,보행자,남,36세,중상
2023090900100018,2023년 9월 9일 00시,토요일,인천광역시 부평구 삼산동,중상사고,0,1,0,0,차대차 - 측면충돌,교차로운행방법위반,건조,맑음,교차로 - 교차로안,승용,남,36세,상해없음,자전거,남,56세,중상
2023090900100028,2023년 9월 9일 01시,토요일,인천광역시 서구 가정동,경상사고,0,0,1,0,차대차 - 기타,안전거리미확보,건조,맑음,기타 - 기타,승용,남,64세,상해없음,승용,남,29세,경상
2023090900100034,2023년 9월 9일 02시,토요일,인천광역시 미추홀구 주안동,중상사고,0,1,1,0,차대차 - 정면충돌,신호위반,건조,맑음,교차로 - 교차로안,승용,남,35세,상해없음,승용,남,55세,중상
2023090900100035,2023년 9월 9일 02시,토요일,인천광역시 부평구 부평동,부상신고사고,0,0,0,1,차대차 - 측면충돌,안전운전불이행,건조,맑음,교차로 - 교차로부근,기타불명,기타불명,미분류,기타불명,이륜,남,22세,부상신고
2023090900100116,2023년 9월 9일 08시,토요일,인천광역시 중구 운남동,경상사고,0,0,1,0,차대차 - 기타,기타,건조,맑음,단일로 - 기타,승용,남,62세,기타불명,승용,여,30세,경상
2023090900100117,2023년 9월 9일 08시,토요일,인천광역시 남동구 논현동,경상사고,0,0,1,0,차대사람 - 기타,안전운전불이행,건조,맑음,단일로 - 기타,개인형이동수단(PM),여,32세,상해없음,보행자,여,63세,경상
2023090900100146,2023년 9월 9일 09시,토요일,인천광역시 부평구 청천동,경상사고,0,0,1,0,차대차 - 정면충돌,신호위반,건조,맑음,교차로 - 교차로안,승용,여,22세,상해없음,이륜,남,51세,경상
2023090900100192,2023년 9월 9일 10시,토요일,인천광역시 미추홀구 용현동,경상사고,0,0,1,0,차대사람 - 횡단중,보행자보호의무위반,건조,맑음,교차로 - 교차로안,화물,남,72세,상해없음,보행자,여,42세,경상
2023090900100193,2023년 9월 9일 10시,토요일,인천광역시 부평구 구산동,경상사고,0,0,1,0,차대차 - 기타,안전운전불이행,건조,맑음,교차로 - 교차로부근,승용,남,25세,상해없음,자전거,남,64세,경상
2023090900100232,2023년 9월 9일 11시,토요일,인천광역시 남동구 구월동,경상사고,0,0,1,0,차대차 - 측면충돌,안전거리미확보,건조,맑음,단일로 - 지하차도(도로)내,화물,여,51세,상해없음,승용,여,69세,경상
2023090900100233,2023년 9월 9일 11시,토요일,인천광역시 계양구 작전동,경상사고,0,0,4,0,차대차 - 추돌,안전운전불이행,건조,맑음,주차장 - 주차장,승용,여,67세,상해없음,승용,여,37세,경상
2023090900100284,2023년 9월 9일 12시,토요일,인천광역시 연수구 옥련동,경상사고,0,0,1,0,차대차 - 측면충돌,안전운전불이행,건조,맑음,단일로 - 기타,승용,남,50세,상해없음,승용,여,37세,경상
2023090900100285,2023년 9월 9일 12시,토요일,인천광역시 연수구 송도동,경상사고,0,0,2,0,차대차 - 추돌,교차로운행방법위반,건조,맑음,교차로 - 교차로부근,승용,남,69세,상해없음,승용,남,36세,경상
2023090900100330,2023년 9월 9일 13시,토요일,인천광역시 중구 인현동,경상사고,0,0,1,0,차대사람 - 기타,안전운전불이행,기타,맑음,기타 - 기타,승합,남,61세,상해없음,보행자,여,57세,경상
2023090900100368,2023년 9월 9일 14시,토요일,인천광역시 부평구 일신동,중상사고,0,1,1,0,차대차 - 정면충돌,신호위반,건조,맑음,교차로 - 교차로안,이륜,남,42세,중상,승용,여,44세,경상
2023090900100456,2023년 9월 9일 16시,토요일,인천광역시 부평구 산곡동,경상사고,0,0,2,0,차대차 - 측면충돌,안전운전불이행,건조,맑음,단일로 - 기타,승용,남,75세,상해없음,승용,남,38세,경상
2023090900100457,2023년 9월 9일 16시,토요일,인천광역시 계양구 효성동,경상사고,0,0,1,0,차대차 - 후진중충돌,안전운전불이행,건조,맑음,주차장 - 주차장,승용,남,57세,상해없음,승용,남,34세,상해없음
2023090900100501,2023년 9월 9일 17시,토요일,인천광역시 남동구 간석동,경상사고,0,0,2,0,차대차 - 기타,안전운전불이행,건조,맑음,교차로 - 교차로부근,승용,남,73세,상해없음,승용,여,28세,경상
2023090900100502,2023년 9월 9일 17시,토요일,인천광역시 계양구 박촌동,경상사고,0,0,3,0,차대차 - 측면충돌,안전운전불이행,건조,맑음,교차로 - 교차로안,승용,남,58세,상해없음,승용,남,65세,경상
2023090900100581,2023년 9월 9일 19시,토요일,인천광역시 계양구 둑실동,경상사고,0,0,1,0,차대차 - 기타,안전운전불이행,건조,맑음,주차장 - 주차장,승용,여,28세,상해없음,승합,남,51세,경상
2023090900100616,2023년 9월 9일 20시,토요일,인천광역시 중구 운북동,경상사고,0,0,1,0,차대차 - 측면충돌,안전거리미확보,건조,맑음,단일로 - 기타,승용,남,41세,상해없음,승용,남,72세,경상
2023090900100639,2023년 9월 9일 21시,토요일,인천광역시 연수구 송도동,경상사고,0,0,1,0,차대차 - 측면충돌,신호위반,건조,맑음,교차로 - 교차로안,원동기,남,62세,상해없음,원동기,남,24세,경상
2023090900100657,2023년 9월 9일 22시,토요일,인천광역시 중구 전동,경상사고,0,0,1,0,차대사람 - 횡단중,안전운전불이행,건조,맑음,교차로 - 교차로안,이륜,남,31세,상해없음,보행자,남,38세,경상
2023090900100658,2023년 9월 9일 22시,토요일,인천광역시 중구 운서동,중상사고,0,2,5,0,차대차 - 측면충돌,안전운전불이행,건조,맑음,교차로 - 교차로부근,승용,남,38세,기타불명,승용,여,53세,중상
2023091000100037,2023년 9월 10일 02시,일요일,인천광역시 부평구 산곡동,경상사고,0,0,1,0,차대차 - 측면충돌,안전운전불이행,건조,맑음,교차로 - 교차로안,승용,남,28세,상해없음,승용,여,24세,경상
2023091000100047,2023년 9월 10일 03시,일요일,인천광역시 중구 운남동,경상사고,0,0,1,0,차대차 - 정면충돌,교차로운행방법위반,건조,맑음,교차로 - 교차로안,승용,남,66세,상해없음,승용,남,27세,경상
2023091000100059,2023년 9월 10일 05시,일요일,인천광역시 중구 운서동,경상사고,0,0,1,0,차대차 - 추돌,안전거리미확보,건조,맑음,단일로 - 지하차도(도로)내,승용,여,41세,상해없음,승합,남,61세,상해없음
2023091000100064,2023년 9월 10일 06시,일요일,인천광역시 남동구 구월동,경상사고,0,0,1,0,차량단독 - 기타,안전운전불이행,건조,맑음,교차로 - 교차로부근,승합,남,61세,상해없음,,,,
2023091000100065,2023년 9월 10일 06시,일요일,인천광역시 계양구 계산동,경상사고,0,0,1,0,차대차 - 추돌,안전운전불이행,건조,맑음,교차로 - 교차로부근,승용,남,28세,상해없음,승용,남,43세,경상
2023091000100225,2023년 9월 10일 13시,일요일,인천광역시 미추홀구 용현동,경상사고,0,0,1,0,차대차 - 기타,안전운전불이행,건조,맑음,기타 - 기타,기타불명,기타불명,미분류,기타불명,이륜,남,42세,경상
2023091000100284,2023년 9월 10일 15시,일요일,인천광역시 남동구 간석동,경상사고,0,0,2,0,차대차 - 측면충돌,교차로운행방법위반,건조,맑음,교차로 - 교차로안,이륜,남,42세,기타불명,승용,여,65세,경상
2023091000100354,2023년 9월 10일 17시,일요일,인천광역시 중구 무의동,경상사고,0,0,3,0,차대차 - 후진중충돌,안전운전불이행,건조,맑음,단일로 - 지하차도(도로)내,승용,남,52세,기타불명,승용,남,41세,경상
2023091000100409,2023년 9월 10일 19시,일요일,인천광역시 계양구 박촌동,경상사고,0,0,1,0,차대사람 - 횡단중,보행자보호의무위반,건조,맑음,교차로 - 교차로부근,승합,남,28세,상해없음,보행자,남,84세,경상
2023091000100438,2023년 9월 10일 20시,일요일,인천광역시 연수구 송도동,경상사고,0,0,1,0,차대차 - 기타,기타,건조,맑음,단일로 - 기타,자전거,남,49세,상해없음,자전거,여,49세,경상
2023091000100467,2023년 9월 10일 22시,일요일,인천광역시 남동구 만수동,중상사고,0,1,0,0,차대사람 - 횡단중,신호위반,건조,맑음,교차로 - 교차로부근,원동기,남,79세,상해없음,보행자,여,21세,중상
2023091000100468,2023년 9월 10일 22시,일요일,인천광역시 서구 가좌동,경상사고,0,0,1,0,차대차 - 측면충돌,안전운전불이행,건조,맑음,단일로 - 기타,승용,남,28세,상해없음,승용,남,63세,경상
2023091000100469,2023년 9월 10일 22시,일요일,인천광역시 연수구 동춘동,경상사고,0,0,1,0,차대차 - 추돌,중앙선침범,건조,맑음,교차로 - 교차로부근,승용,남,32세,상해없음,승용,남,57세,경상
2023091000100470,2023년 9월 10일 22시,일요일,인천광역시 부평구 부평동,경상사고,0,0,1,0,차대차 - 정면충돌,안전운전불이행,건조,맑음,교차로 - 교차로안,승용,여,29세,상해없음,이륜,남,39세,경상
2023091100100020,2023년 9월 11일 03시,월요일,인천광역시 남동구 구월동,경상사고,0,0,2,0,차대차 - 측면충돌,안전운전불이행,건조,맑음,기타 - 기타,승용,남,18세,상해없음,승용,남,23세,기타불명
2023091100100090,2023년 9월 11일 07시,월요일,인천광역시 중구 운서동,경상사고,0,0,1,0,차대차 - 측면충돌,안전운전불이행,건조,맑음,단일로 - 기타,승용,여,15세,상해없음,승용,여,30세,경상
2023091100100091,2023년 9월 11일 07시,월요일,인천광역시 계양구 박촌동,경상사고,0,0,2,0,차대차 - 측면충돌,안전운전불이행,건조,흐림,단일로 - 기타,승용,여,63세,상해없음,승용,남,26세,경상
2023091100100136,2023년 9월 11일 08시,월요일,인천광역시 중구 신흥동3가,부상신고사고,0,0,0,1,차대사람 - 기타,안전운전불이행,건조,맑음,기타 - 기타,승용,남,19세,상해없음,보행자,남,38세,부상신고
2023091100100138,2023년 9월 11일 08시,월요일,인천광역시 미추홀구 도화동,경상사고,0,0,2,0,차대차 - 측면충돌,안전거리미확보,건조,맑음,단일로 - 기타,승용,남,47세,기타불명,승용,여,32세,경상
2023091100100139,2023년 9월 11일 08시,월요일,인천광역시 부평구 산곡동,경상사고,0,0,1,0,차대차 - 측면충돌,안전운전불이행,건조,맑음,교차로 - 교차로횡단보도내,승용,남,29세,상해없음,승용,여,66세,경상