사고번호,사고일시,요일,시군구,사고내용,사망자수,중상자수,경상자수,부상신고자수,사고유형,법규위반,노면상태,기상상태,도로형태,가해운전자 차종,가해운전자 성별,가해운전자 연령,가해운전자 상해정도,피해운전자 차종,피해운전자 성별,피해운전자 연령,피해운전자 상해정도
2023092200100146,2023년 9월 22일 08시,금요일,인천광역시 연수구 송도동,중상사고,0,1,0,0,차대사람 - 횡단중,안전운전불이행,건조,맑음,단일로 - 기타,승합,남,65세,상해없음,보행자,여,17세,중상
2023092200100296,2023년 9월 22일 12시,금요일,인천광역시 미추홀구 주안동,중상사고,0,1,2,0,차대차 - 측면충돌,신호위반,건조,맑음,기타 - 기타,이륜,남,33세,기타불명,승용,여,43세,경상
2023092200100297,2023년 9월 22일 12시,금요일,인천광역시 서구 석남동,중상사고,0,1,0,0,차대사람 - 기타,안전운전불이행,건조,맑음,교차로 - 교차로부근,승용,여,59세,상해없음,보행자,여,85세,중상
2023092200100298,2023년 9월 22일 12시,금요일,인천광역시 연수구 송도동,중상사고,0,1,2,0,차대차 - 측면충돌,신호위반,건조,맑음,교차로 - 교차로부근,승용,여,48세,상해없음,승용,남,61세,경상
2023092200100370,2023년 9월 22일 14시,금요일,인천광역시 남동구 구월동,중상사고,0,1,0,0,차대차 - 측면충돌,안전거리미확보,건조,맑음,단일로 - 기타,승용,남,37세,상해없음,이륜,남,45세,중상
2023092200100419,2023년 9월 22일 15시,금요일,인천광역시 남동구 만수동,중상사고,0,1,0,0,차대사람 - 횡단중,안전운전불이행,건조,맑음,단일로 - 기타,승용,여,50세,상해없음,보행자,여,71세,중상
2023092200100420,2023년 9월 22일 15시,금요일,인천광역시 남동구 논현동,사망사고,1,0,0,0,차대사람 - 횡단중,안전운전불이행,건조,맑음,교차로 - 교차로안,승용,남,44세,상해없음,보행자,여,90세,사망
2023092200100478,2023년 9월 22일 16시,금요일,인천광역시 연수구 동춘동,경상사고,0,0,1,0,차대차 - 측면충돌,교차로운행방법위반,건조,맑음,교차로 - 교차로부근,승용,남,71세,상해없음,승용,남,30세,경상
2023092200100542,2023년 9월 22일 17시,금요일,인천광역시 중구 항동7가,중상사고,0,1,0,0,차대사람 - 횡단중,안전운전불이행,건조,맑음,교차로 - 교차로안,화물,남,64세,상해없음,보행자,남,70세,중상
2023092200100543,2023년 9월 22일 17시,금요일,인천광역시 중구 신흥동1가,경상사고,0,0,1,0,차대사람 - 횡단중,보행자보호의무위반,건조,맑음,교차로 - 교차로횡단보도내,승용,남,58세,상해없음,보행자,남,58세,경상
2023092200100544,2023년 9월 22일 17시,금요일,인천광역시 서구 청라동,중상사고,0,1,0,0,차대사람 - 횡단중,보행자보호의무위반,건조,맑음,단일로 - 기타,승용,남,74세,상해없음,보행자,여,66세,중상
2023092200100605,2023년 9월 22일 18시,금요일,인천광역시 서구 마전동,경상사고,0,0,1,0,차대사람 - 횡단중,보행자보호의무위반,건조,맑음,단일로 - 기타,승용,남,63세,상해없음,보행자,남,6세,경상
2023092200100606,2023년 9월 22일 18시,금요일,인천광역시 남동구 고잔동,경상사고,0,0,1,0,차대차 - 측면충돌,안전운전불이행,건조,맑음,교차로 - 교차로부근,승용,남,49세,상해없음,승용,여,37세,경상
2023092200100607,2023년 9월 22일 18시,금요일,인천광역시 남동구 고잔동,경상사고,0,0,1,0,차대차 - 측면충돌,안전운전불이행,건조,맑음,교차로 - 교차로부근,승합,남,56세,상해없음,승용,남,52세,경상
2023092200100669,2023년 9월 22일 19시,금요일,인천광역시 계양구 귤현동,경상사고,0,0,1,0,차대사람 - 횡단중,보행자보호의무위반,건조,맑음,교차로 - 교차로횡단보도내,승용,여,30세,상해없음,보행자,남,29세,경상
2023092200100670,2023년 9월 22일 19시,금요일,인천광역시 계양구 계산동,중상사고,0,1,0,0,차대차 - 추돌,안전운전불이행,건조,맑음,단일로 - 기타,화물,남,51세,상해없음,승용,남,36세,중상
2023092200100671,2023년 9월 22일 19시,금요일,인천광역시 강화군 길상면,경상사고,0,0,1,0,차대사람 - 차도통행중,안전운전불이행,건조,흐림,교차로 - 교차로안,화물,남,66세,상해없음,보행자,여,84세,경상
2023092200100672,2023년 9월 22일 19시,금요일,인천광역시 미추홀구 관교동,중상사고,0,1,0,0,차대차 - 기타,차로위반,건조,맑음,단일로 - 기타,승용,여,32세,상해없음,이륜,남,54세,중상
2023092200100706,2023년 9월 22일 20시,금요일,인천광역시 서구 검암동,경상사고,0,0,3,0,차대차 - 측면충돌,안전거리미확보,건조,맑음,기타 - 기타,승용,남,29세,경상,승합,남,64세,경상
2023092200100707,2023년 9월 22일 20시,금요일,인천광역시 부평구 부평동,경상사고,0,0,1,0,차대차 - 기타,안전운전불이행,건조,맑음,단일로 - 기타,승용,남,62세,상해없음,승용,남,34세,경상
2023092200100708,2023년 9월 22일 20시,금요일,인천광역시 부평구 일신동,경상사고,0,0,1,0,차대차 - 추돌,안전운전불이행,건조,맑음,단일로 - 기타,화물,남,29세,상해없음,승용,남,51세,경상
2023092200100756,2023년 9월 22일 22시,금요일,인천광역시 남동구 구월동,부상신고사고,0,0,0,1,차량단독 - 전도전복 - 전도,안전운전불이행,건조,맑음,교차로 - 교차로부근,이륜,남,32세,부상신고,,,,
2023092300100019,2023년 9월 23일 00시,토요일,인천광역시 서구 청라동,경상사고,0,0,1,0,차대사람 - 보도통행중,기타,건조,맑음,기타 - 기타,개인형이동수단(PM),남,17세,상해없음,보행자,여,32세,경상
2023092300100043,2023년 9월 23일 02시,토요일,인천광역시 미추홀구 숭의동,경상사고,0,0,2,0,차대차 - 측면충돌,안전운전불이행,건조,맑음,단일로 - 기타,승용,남,60세,상해없음,이륜,남,17세,경상
2023092300100044,2023년 9월 23일 02시,토요일,인천광역시 남동구 서창동,부상신고사고,0,0,0,3,차대차 - 추돌,안전운전불이행,건조,맑음,교차로 - 교차로부근,승용,남,63세,상해없음,승용,남,28세,부상신고
2023092300100082,2023년 9월 23일 06시,토요일,인천광역시 서구 가좌동,경상사고,0,0,1,0,차대사람 - 보도통행중,기타,건조,맑음,단일로 - 기타,화물,남,31세,상해없음,보행자,남,63세,경상
2023092300100111,2023년 9월 23일 08시,토요일,인천광역시 부평구 삼산동,경상사고,0,0,1,0,차대차 - 측면충돌,안전운전불이행,건조,맑음,교차로 - 교차로안,이륜,남,66세,경상,승용,남,35세,상해없음
2023092300100192,2023년 9월 23일 10시,토요일,인천광역시 연수구 송도동,경상사고,0,0,2,0,차대차 - 측면충돌,안전거리미확보,건조,맑음,교차로 - 교차로부근,승용,여,37세,상해없음,승용,여,21세,경상
2023092300100193,2023년 9월 23일 10시,토요일,인천광역시 남동구 고잔동,사망사고,1,10,18,0,차대차 - 추돌,안전운전불이행,건조,맑음,단일로 - 터널,승합,남,53세,기타불명,건설기계,남,54세,중상
2023092300100232,2023년 9월 23일 11시,토요일,인천광역시 계양구 계산동,경상사고,0,0,1,0,차량단독 - 기타,안전운전불이행,건조,맑음,교차로 - 교차로부근,승용,남,34세,상해없음,,,,
2023092300100233,2023년 9월 23일 11시,토요일,인천광역시 계양구 임학동,경상사고,0,0,1,0,차대차 - 측면충돌,직진우회전진행방해,건조,맑음,교차로 - 교차로안,승용,여,26세,상해없음,승용,남,50세,경상
2023092300100276,2023년 9월 23일 12시,토요일,인천광역시 남동구 구월동,경상사고,0,0,1,0,차대사람 - 기타,안전운전불이행,건조,맑음,단일로 - 기타,승용,여,35세,상해없음,보행자,남,48세,경상
2023092300100311,2023년 9월 23일 13시,토요일,인천광역시 중구 운북동,경상사고,0,0,1,0,차대차 - 측면충돌,신호위반,건조,맑음,교차로 - 교차로안,승용,남,69세,상해없음,승용,여,30세,경상
2023092300100312,2023년 9월 23일 13시,토요일,인천광역시 미추홀구 용현동,경상사고,0,0,2,0,차대차 - 기타,안전운전불이행,건조,맑음,기타 - 기타,승용,여,27세,상해없음,승용,남,76세,경상
2023092300100385,2023년 9월 23일 15시,토요일,인천광역시 남동구 간석동,경상사고,0,0,1,0,차대차 - 측면충돌,중앙선침범,건조,맑음,단일로 - 기타,승용,남,44세,상해없음,승용,남,47세,경상
2023092300100386,2023년 9월 23일 15시,토요일,인천광역시 계양구 작전동,경상사고,0,0,1,0,차대차 - 기타,안전운전불이행,건조,맑음,교차로 - 교차로부근,승용,남,34세,상해없음,승합,남,65세,상해없음
2023092300100429,2023년 9월 23일 16시,토요일,인천광역시 남동구 간석동,경상사고,0,0,3,0,차대차 - 측면충돌,안전운전불이행,건조,맑음,교차로 - 교차로부근,승용,남,60세,상해없음,화물,남,51세,경상
2023092300100430,2023년 9월 23일 16시,토요일,인천광역시 부평구 산곡동,경상사고,0,0,2,0,차대차 - 측면충돌,안전운전불이행,건조,맑음,교차로 - 교차로부근,승용,남,49세,상해없음,승용,남,45세,경상
2023092300100431,2023년 9월 23일 16시,토요일,인천광역시 남동구 간석동,경상사고,0,0,4,1,차대차 - 추돌,안전운전불이행,건조,맑음,단일로 - 기타,승용,남,71세,상해없음,승용,남,45세,경상
2023092300100477,2023년 9월 23일 17시,토요일,인천광역시 미추홀구 학익동,경상사고,0,0,1,0,차대차 - 기타,안전운전불이행,건조,맑음,교차로 - 교차로안,승용,남,64세,상해없음,이륜,남,36세,경상
2023092300100478,2023년 9월 23일 17시,토요일,인천광역시 부평구 부평동,중상사고,0,1,0,0,차대사람 - 길가장자리구역통행중,안전운전불이행,건조,맑음,단일로 - 지하차도(도로)내,승용,남,63세,상해없음,보행자,여,67세,중상
2023092300100509,2023년 9월 23일 18시,토요일,인천광역시 미추홀구 도화동,경상사고,0,0,1,0,차대차 - 측면충돌,직진우회전진행방해,건조,맑음,교차로 - 교차로안,승용,남,44세,상해없음,승용,여,44세,경상
2023092300100510,2023년 9월 23일 18시,토요일,인천광역시 서구 시천동,경상사고,0,0,2,0,차대차 - 기타,안전운전불이행,건조,맑음,기타 - 기타,승용,남,39세,상해없음,승용,남,63세,경상
2023092300100511,2023년 9월 23일 18시,토요일,인천광역시 부평구 갈산동,중상사고,0,1,2,0,차대차 - 측면충돌,신호위반,건조,맑음,단일로 - 고가도로위,승합,남,79세,상해없음,승용,여,22세,경상
2023092300100543,2023년 9월 23일 19시,토요일,인천광역시 미추홀구 숭의동,경상사고,0,0,1,0,차대차 - 측면충돌,신호위반,건조,맑음,교차로 - 교차로안,승용,남,75세,상해없음,승용,남,61세,경상
2023092300100544,2023년 9월 23일 19시,토요일,인천광역시 미추홀구 주안동,경상사고,0,0,2,0,차대차 - 측면충돌,안전운전불이행,건조,맑음,교차로 - 교차로안,승용,여,23세,상해없음,승용,남,54세,경상
2023092300100545,2023년 9월 23일 19시,토요일,인천광역시 부평구 십정동,경상사고,0,0,2,0,차대차 - 기타,신호위반,건조,맑음,교차로 - 교차로안,기타불명,기타불명,미분류,기타불명,승용,남,70세,경상
2023092300100604,2023년 9월 23일 21시,토요일,인천광역시 남동구 구월동,경상사고,0,0,1,0,차대사람 - 차도통행중,안전운전불이행,건조,맑음,단일로 - 기타,승용,남,63세,상해없음,보행자,남,38세,경상
2023092300100633,2023년 9월 23일 22시,토요일,인천광역시 서구 당하동,경상사고,0,0,2,0,차대차 - 기타,안전운전불이행,건조,맑음,교차로 - 교차로안,승용,남,18세,상해없음,이륜,남,40세,경상
2023092300100634,2023년 9월 23일 22시,토요일,인천광역시 서구 석남동,중상사고,0,1,0,0,차대사람 - 횡단중,안전운전불이행,건조,맑음,단일로 - 기타,이륜,남,30세,상해없음,보행자,여,46세,중상
2023092300100649,2023년 9월 23일 23시,토요일,인천광역시 중구 인현동,경상사고,0,0,2,0,차대차 - 기타,안전운전불이행,건조,맑음,단일로 - 기타,승용,남,64세,기타불명,승용,남,44세,경상
2023092400100012,2023년 9월 24일 00시,일요일,인천광역시 서구 심곡동,중상사고,0,3,0,0,차대차 - 기타,안전운전불이행,건조,맑음,기타 - 기타,승용,남,65세,상해없음,승용,남,55세,중상
2023092400100020,2023년 9월 24일 01시,일요일,인천광역시 계양구 서운동,중상사고,0,1,0,0,차대차 - 측면충돌,안전운전불이행,건조,맑음,단일로 - 기타,승용,남,38세,상해없음,승용,남,36세,중상
2023092400100037,2023년 9월 24일 03시,일요일,인천광역시 미추홀구 도화동,경상사고,0,0,2,0,차대차 - 측면충돌,안전운전불이행,건조,맑음,기타 - 기타,승용,남,41세,기타불명,승용,남,35세,경상
2023092400100051,2023년 9월 24일 05시,일요일,인천광역시 남동구 구월동,중상사고,0,1,0,0,차대사람 - 횡단중,안전운전불이행,건조,맑음,교차로 - 교차로안,승용,남,23세,상해없음,보행자,여,33세,중상
2023092400100071,2023년 9월 24일 07시,일요일,인천광역시 남동구 구월동,중상사고,0,1,0,0,차대차 - 추돌,안전운전불이행,건조,맑음,기타 - 기타,화물,남,51세,상해없음,승용,남,47세,중상
2023092400100111,2023년 9월 24일 09시,일요일,인천광역시 미추홀구 주안동,경상사고,0,0,1,0,차대차 - 측면충돌,안전운전불이행,건조,맑음,교차로 - 교차로안,화물,남,72세,상해없음,승용,남,41세,경상
2023092400100112,2023년 9월 24일 09시,일요일,인천광역시 강화군 하점면,중상사고,0,1,0,0,차대차 - 측면충돌,교차로운행방법위반,건조,맑음,교차로 - 교차로안,이륜,남,77세,중상,화물,남,76세,상해없음
2023092400100172,2023년 9월 24일 11시,일요일,인천광역시 부평구 부개동,경상사고,0,0,1,0,차대차 - 추돌,안전운전불이행,건조,맑음,교차로 - 교차로부근,승용,여,25세,상해없음,승용,남,38세,경상
2023092400100173,2023년 9월 24일 11시,일요일,인천광역시 남동구 논현동,경상사고,0,0,3,0,차대차 - 추돌,안전운전불이행,건조,맑음,교차로 - 교차로부근,승용,남,59세,상해없음,승용,남,68세,경상
2023092400100231,2023년 9월 24일 13시,일요일,인천광역시 중구 중산동,중상사고,0,1,0,0,차대차 - 기타,신호위반,건조,맑음,교차로 - 교차로안,승용,남,35세,상해없음,이륜,남,40세,중상
2023092400100232,2023년 9월 24일 13시,일요일,인천광역시 연수구 청학동,경상사고,0,0,1,0,차대사람 - 기타,안전운전불이행,건조,맑음,단일로 - 기타,승합,남,60세,상해없음,보행자,남,82세,경상
2023092400100274,2023년 9월 24일 14시,일요일,인천광역시 미추홀구 학익동,경상사고,0,0,1,0,차대사람 - 횡단중,안전운전불이행,건조,맑음,주차장 - 주차장,승용,남,64세,상해없음,보행자,남,24세,경상
2023092400100298,2023년 9월 24일 15시,일요일,인천광역시 미추홀구 용현동,경상사고,0,0,1,0,차대사람 - 기타,기타,건조,맑음,단일로 - 기타,자전거,남,12세,상해없음,보행자,여,25세,경상
2023092400100299,2023년 9월 24일 15시,일요일,인천광역시 미추홀구 용현동,경상사고,0,0,1,0,차대차 - 추돌,안전운전불이행,건조,맑음,단일로 - 기타,승용,남,64세,상해없음,승용,남,44세,경상
2023092400100323,2023년 9월 24일 16시,일요일,인천광역시 계양구 용종동,경상사고,0,0,1,0,차대차 - 추돌,안전운전불이행,건조,맑음,단일로 - 기타,승용,남,60세,상해없음,승용,남,29세,경상
2023092400100324,2023년 9월 24일 16시,일요일,인천광역시 부평구 삼산동,부상신고사고,0,0,0,1,차대사람 - 차도통행중,안전운전불이행,건조,맑음,교차로 - 교차로부근,승용,남,56세,상해없음,보행자,남,43세,부상신고
2023092400100379,2023년 9월 24일 18시,일요일,인천광역시 미추홀구 도화동,경상사고,0,0,1,0,차대사람 - 기타,안전운전불이행,건조,맑음,단일로 - 기타,승용,남,68세,상해없음,보행자,여,76세,경상
2023092400100380,2023년 9월 24일 18시,일요일,인천광역시 부평구 십정동,중상사고,0,1,0,0,차대차 - 추돌,안전운전불이행,건조,맑음,단일로 - 기타,승용,남,24세,상해없음,이륜,남,34세,중상
2023092400100381,2023년 9월 24일 18시,일요일,인천광역시 서구 청라동,경상사고,0,0,2,0,차대차 - 추돌,안전운전불이행,건조,맑음,교차로 - 교차로안,승용,여,40세,상해없음,승용,여,32세,경상
2023092400100434,2023년 9월 24일 20시,일요일,인천광역시 남동구 간석동,중상사고,0,1,0,0,차대차 - 측면충돌,신호위반,건조,맑음,교차로 - 교차로안,이륜,남,62세,상해없음,원동기,남,23세,중상
2023092400100470,2023년 9월 24일 22시,일요일,인천광역시 계양구 작전동,경상사고,0,0,2,0,차대차 - 추돌,안전운전불이행,건조,맑음,교차로 - 교차로안,승용,남,22세,기타불명,승용,남,70세,경상
2023092500100020,2023년 9월 25일 04시,월요일,인천광역시 남동구 만수동,중상사고,0,1,0,0,차대사람 - 횡단중,안전운전불이행,젖음/습기,비,교차로 - 교차로부근,화물,남,24세,상해없음,보행자,남,42세,중상
2023092500100021,2023년 9월 25일 04시,월요일,인천광역시 서구 원창동,중상사고,0,1,0,0,차대사람 - 횡단중,안전운전불이행,젖음/습기,비,교차로 - 교차로횡단보도내,화물,남,31세,상해없음,보행자,남,75세,중상
2023092500100111,2023년 9월 25일 08시,월요일,인천광역시 강화군 강화읍,부상신고사고,0,0,0,1,차대사람 - 길가장자리구역통행중,안전운전불이행,건조,맑음,교차로 - 교차로부근,화물,남,71세,상해없음,보행자,남,17세,부상신고
2023092500100112,2023년 9월 25일 08시,월요일,인천광역시 연수구 송도동,경상사고,0,0,1,0,차대차 - 측면충돌,안전거리미확보,건조,맑음,교차로 - 교차로안,건설기계,남,42세,상해없음,승용,남,44세,경상
2023092500100201,2023년 9월 25일 10시,월요일,인천광역시 서구 가정동,경상사고,0,0,1,0,차대차 - 기타,안전운전불이행,건조,맑음,교차로 - 교차로횡단보도내,승용,여,40세,상해없음,자전거,남,33세,경상
2023092500100285,2023년 9월 25일 12시,월요일,인천광역시 부평구 산곡동,경상사고,0,0,1,0,차량단독 - 기타,안전운전불이행,건조,맑음,단일로 - 기타,승합,남,55세,상해없음,,,,
2023092500100286,2023년 9월 25일 12시,월요일,인천광역시 남동구 간석동,경상사고,0,0,1,0,차대차 - 추돌,안전거리미확보,건조,맑음,단일로 - 기타,승용,여,37세,상해없음,화물,남,59세,경상
2023092500100287,2023년 9월 25일 12시,월요일,인천광역시 남동구 만수동,경상사고,0,0,2,0,차대차 - 측면충돌,안전운전불이행,건조,맑음,교차로 - 교차로부근,승용,여,51세,상해없음,승용,여,49세,경상
2023092500100288,2023년 9월 25일 12시,월요일,인천광역시 남동구 논현동,경상사고,0,0,1,0,차대차 - 기타,신호위반,건조,맑음,교차로 - 교차로부근,이륜,남,33세,상해없음,승용,남,67세,경상
2023092500100330,2023년 9월 25일 13시,월요일,인천광역시 부평구 효성동,중상사고,0,3,1,0,차대차 - 추돌,안전운전불이행,건조,맑음,단일로 - 기타,승용,남,49세,상해없음,승용,여,45세,중상
2023092500100370,2023년 9월 25일 14시,월요일,인천광역시 서구 석남동,중상사고,0,1,0,0,차대사람 - 기타,안전운전불이행,건조,맑음,단일로 - 기타,승용,남,43세,상해없음,보행자,여,11세,중상
2023092500100371,2023년 9월 25일 14시,월요일,인천광역시 계양구 작전동,경상사고,0,0,1,0,차대차 - 정면충돌,안전운전불이행,건조,맑음,기타 - 기타,화물,남,62세,상해없음,이륜,여,44세,경상
2023092500100372,2023년 9월 25일 14시,월요일,인천광역시 남동구 고잔동,경상사고,0,0,1,0,차대차 - 측면충돌,교차로운행방법위반,건조,맑음,교차로 - 교차로안,승용,여,49세,상해없음,승용,여,65세,경상
2023092500100373,2023년 9월 25일 14시,월요일,인천광역시 남동구 고잔동,중상사고,0,1,0,0,차대차 - 기타,안전운전불이행,건조,맑음,교차로 - 교차로부근,승용,남,36세,상해없음,자전거,여,67세,중상
2023092500100374,2023년 9월 25일 14시,월요일,인천광역시 남동구 서창동,사망사고,1,0,0,0,차대차 - 추돌,안전운전불이행,건조,맑음,단일로 - 기타,화물,남,61세,사망,화물,남,51세,상해없음
2023092500100459,2023년 9월 25일 16시,월요일,인천광역시 미추홀구 숭의동,경상사고,0,0,1,0,차대차 - 측면충돌,안전거리미확보,건조,맑음,교차로 - 교차로안,승용,남,82세,상해없음,건설기계,남,47세,경상
2023092500100460,2023년 9월 25일 16시,월요일,인천광역시 서구 검암동,중상사고,0,1,1,0,차대차 - 측면충돌,안전운전불이행,건조,맑음,교차로 - 교차로안,승용,남,73세,경상,승용,남,46세,중상
2023092500100490,2023년 9월 25일 17시,월요일,인천광역시 계양구 동양동,경상사고,0,0,1,0,차대차 - 추돌,안전운전불이행,건조,맑음,단일로 - 기타,승용,남,52세,상해없음,승용,여,31세,경상
2023092500100491,2023년 9월 25일 17시,월요일,인천광역시 남동구 남촌동,중상사고,0,1,0,0,차대차 - 측면충돌,안전운전불이행,건조,맑음,단일로 - 기타,승용,남,58세,상해없음,자전거,남,80세,중상
2023092500100538,2023년 9월 25일 18시,월요일,인천광역시 동구 화평동,경상사고,0,0,1,0,차대차 - 정면충돌,안전운전불이행,건조,맑음,단일로 - 기타,승용,남,65세,상해없음,승용,여,35세,경상
2023092500100539,2023년 9월 25일 18시,월요일,인천광역시 미추홀구 주안동,중상사고,0,1,0,0,차대차 - 추돌,안전거리미확보,건조,맑음,단일로 - 기타,이륜,남,37세,중상,승용,남,37세,상해없음
2023092500100540,2023년 9월 25일 18시,월요일,인천광역시 계양구 효성동,경상사고,0,0,1,0,차대사람 - 차도통행중,안전운전불이행,건조,맑음,교차로 - 교차로부근,화물,남,64세,상해없음,보행자,남,25세,경상
2023092500100624,2023년 9월 25일 20시,월요일,인천광역시 중구 항동7가,경상사고,0,0,2,0,차대차 - 정면충돌,신호위반,젖음/습기,비,교차로 - 교차로안,승용,남,52세,경상,승용,남,66세,경상
2023092500100659,2023년 9월 25일 21시,월요일,인천광역시 미추홀구 도화동,중상사고,0,1,1,0,차대차 - 정면충돌,중앙선침범,젖음/습기,비,단일로 - 기타,승용,여,26세,상해없음,승용,여,46세,중상
2023092500100660,2023년 9월 25일 21시,월요일,인천광역시 서구 가정동,경상사고,0,0,1,0,차대차 - 측면충돌,신호위반,건조,맑음,교차로 - 교차로안,이륜,여,52세,상해없음,이륜,여,27세,경상
2023092500100661,2023년 9월 25일 21시,월요일,인천광역시 부평구 부개동,경상사고,0,0,1,0,차대차 - 추돌,안전운전불이행,젖음/습기,비,교차로 - 교차로안,승용,여,48세,상해없음,승용,남,32세,경상
2023092500100693,2023년 9월 25일 22시,월요일,인천광역시 동구 송림동,중상사고,0,2,0,0,차대사람 - 횡단중,안전운전불이행,젖음/습기,비,단일로 - 지하차도(도로)내,승용,남,38세,상해없음,보행자,남,51세,중상
2023092600100063,2023년 9월 26일 06시,화요일,인천광역시 중구 운남동,중상사고,0,1,1,0,차대차 - 정면충돌,신호위반,젖음/습기,비,교차로 - 교차로안,승용,남,56세,상해없음,승용,남,54세,중상
2023092600100064,2023년 9월 26일 06시,화요일,인천광역시 남동구 구월동,경상사고,0,0,1,0,차대차 - 측면충돌,교차로운행방법위반,건조,맑음,교차로 - 교차로부근,승용,남,28세,상해없음,화물,남,37세,경상
2023092600100094,2023년 9월 26일 07시,화요일,인천광역시 계양구 작전동,경상사고,0,0,1,0,차대차 - 측면충돌,안전운전불이행,젖음/습기,비,기타 - 기타,화물,남,50세,기타불명,승용,남,57세,경상
2023092600100146,2023년 9월 26일 08시,화요일,인천광역시 중구 운서동,경상사고,0,0,1,0,차대차 - 추돌,안전운전불이행,건조,맑음,단일로 - 기타,승용,남,25세,상해없음,승합,남,52세,상해없음
2023092600100147,2023년 9월 26일 08시,화요일,인천광역시 부평구 구산동,경상사고,0,0,1,0,차대차 - 추돌,안전운전불이행,젖음/습기,비,교차로 - 교차로부근,승용,남,57세,상해없음,승용,여,41세,경상
2023092600100148,2023년 9월 26일 08시,화요일,인천광역시 남동구 만수동,부상신고사고,0,0,0,1,차대사람 - 기타,안전운전불이행,건조,맑음,단일로 - 지하차도(도로)내,기타불명,기타불명,미분류,기타불명,보행자,여,18세,부상신고
2023092600100191,2023년 9월 26일 09시,화요일,인천광역시 부평구 청천동,경상사고,0,0,1,0,차대차 - 측면충돌,안전운전불이행,젖음/습기,비,단일로 - 기타,승용,남,47세,상해없음,승용,여,32세,경상
2023092600100321,2023년 9월 26일 13시,화요일,인천광역시 서구 왕길동,경상사고,0,0,1,0,차대차 - 측면충돌,안전운전불이행,젖음/습기,비,단일로 - 기타,승용,남,56세,상해없음,화물,남,59세,경상
2023092600100358,2023년 9월 26일 14시,화요일,인천광역시 남동구 구월동,경상사고,0,0,1,0,차대차 - 기타,안전운전불이행,젖음/습기,비,기타 - 기타,승용,여,56세,상해없음,승용,여,53세,경상
2023092600100359,2023년 9월 26일 14시,화요일,인천광역시 연수구 송도동,경상사고,0,0,1,0,차대차 - 측면충돌,안전거리미확보,젖음/습기,흐림,단일로 - 기타,화물,남,64세,상해없음,승용,여,35세,경상
2023092600100360,2023년 9월 26일 14시,화요일,인천광역시 연수구 동춘동,경상사고,0,0,1,0,차대차 - 기타,안전운전불이행,젖음/습기,비,단일로 - 기타,승용,남,41세,상해없음,승용,여,48세,경상
2023092600100361,2023년 9월 26일 14시,화요일,인천광역시 연수구 청학동,경상사고,0,0,1,0,차대차 - 측면충돌,안전운전불이행,젖음/습기,비,교차로 - 교차로부근,승용,여,54세,상해없음,승용,여,44세,경상
2023092600100401,2023년 9월 26일 15시,화요일,인천광역시 미추홀구 숭의동,경상사고,0,0,1,0,차대차 - 추돌,안전운전불이행,건조,맑음,단일로 - 기타,승용,여,24세,상해없음,승용,여,41세,경상
2023092600100402,2023년 9월 26일 15시,화요일,인천광역시 남동구 구월동,중상사고,0,1,0,0,차대사람 - 기타,안전운전불이행,건조,맑음,기타 - 기타,승용,여,43세,상해없음,보행자,여,12세,중상
2023092600100506,2023년 9월 26일 17시,화요일,인천광역시 서구 가좌동,경상사고,0,0,1,0,차대차 - 추돌,안전운전불이행,젖음/습기,비,단일로 - 기타,승용,여,53세,상해없음,승용,남,35세,경상
2023092600100507,2023년 9월 26일 17시,화요일,인천광역시 남동구 수산동,경상사고,0,0,1,0,차대차 - 측면충돌,차로위반,건조,맑음,단일로 - 기타,승용,여,68세,상해없음,승용,남,34세,경상
2023092600100559,2023년 9월 26일 18시,화요일,인천광역시 남동구 도림동,중상사고,0,1,0,0,차대차 - 기타,신호위반,젖음/습기,비,교차로 - 교차로안,승용,남,50세,상해없음,이륜,남,36세,중상
2023092600100641,2023년 9월 26일 20시,화요일,인천광역시 부평구 부개동,경상사고,0,0,1,0,차대차 - 기타,안전운전불이행,건조,맑음,교차로 - 교차로부근,화물,남,63세,상해없음,이륜,남,26세,경상
2023092600100695,2023년 9월 26일 22시,화요일,인천광역시 남동구 장수동,경상사고,0,0,1,0,차대차 - 추돌,안전운전불이행,젖음/습기,비,단일로 - 고가도로위,기타불명,기타불명,미분류,기타불명,승용,남,57세,경상
2023092600100713,2023년 9월 26일 23시,화요일,인천광역시 미추홀구 문학동,중상사고,0,1,0,0,차대사람 - 기타,안전운전불이행,기타,맑음,단일로 - 기타,승용,남,36세,상해없음,보행자,남,46세,중상
2023092600100714,2023년 9월 26일 23시,화요일,인천광역시 미추홀구 용현동,중상사고,0,1,0,0,차대사람 - 기타,기타,건조,맑음,단일로 - 기타,승용,남,61세,상해없음,보행자,여,48세,중상
2023092700100043,2023년 9월 27일 04시,수요일,인천광역시 계양구 용종동,경상사고,0,0,1,0,차대차 - 측면충돌,안전거리미확보,젖음/습기,비,단일로 - 기타,화물,남,57세,상해없음,건설기계,남,50세,경상
2023092700100060,2023년 9월 27일 05시,수요일,인천광역시 남동구 간석동,중상사고,0,1,0,0,차대사람 - 차도통행중,안전운전불이행,젖음/습기,비,교차로 - 교차로부근,승용,남,58세,상해없음,보행자,남,68세,중상