사고번호,사고일시,요일,시군구,사고내용,사망자수,중상자수,경상자수,부상신고자수,사고유형,법규위반,노면상태,기상상태,도로형태,가해운전자 차종,가해운전자 성별,가해운전자 연령,가해운전자 상해정도,피해운전자 차종,피해운전자 성별,피해운전자 연령,피해운전자 상해정도
2023092700100079,2023년 9월 27일 06시,수요일,인천광역시 계양구 계산동,중상사고,0,1,0,0,차대사람 - 기타,안전운전불이행,젖음/습기,비,교차로 - 교차로안,승용,여,60세,상해없음,보행자,남,52세,중상
2023092700100080,2023년 9월 27일 06시,수요일,인천광역시 연수구 선학동,경상사고,0,0,2,0,차대차 - 측면충돌,교차로운행방법위반,젖음/습기,비,교차로 - 교차로안,승용,남,25세,상해없음,화물,여,71세,경상
2023092700100198,2023년 9월 27일 09시,수요일,인천광역시 계양구 박촌동,경상사고,0,0,3,0,차대차 - 측면충돌,차로위반,젖음/습기,흐림,단일로 - 기타,승용,남,49세,경상,승용,남,61세,경상
2023092700100234,2023년 9월 27일 10시,수요일,인천광역시 부평구 십정동,경상사고,0,0,1,0,차대사람 - 길가장자리구역통행중,안전운전불이행,건조,맑음,교차로 - 교차로안,화물,남,58세,상해없음,보행자,여,67세,경상
2023092700100357,2023년 9월 27일 13시,수요일,인천광역시 서구 가정동,경상사고,0,0,2,0,차대차 - 추돌,안전운전불이행,건조,맑음,교차로 - 교차로안,승용,남,21세,상해없음,승용,남,55세,경상
2023092700100358,2023년 9월 27일 13시,수요일,인천광역시 연수구 선학동,경상사고,0,0,1,0,차대차 - 측면충돌,차로위반,건조,맑음,단일로 - 기타,승용,여,65세,상해없음,승용,여,33세,경상
2023092700100359,2023년 9월 27일 13시,수요일,인천광역시 남동구 서창동,부상신고사고,0,0,0,1,차대사람 - 차도통행중,안전운전불이행,건조,맑음,단일로 - 지하차도(도로)내,승용,남,44세,상해없음,보행자,남,31세,부상신고
2023092700100407,2023년 9월 27일 14시,수요일,인천광역시 남동구 구월동,경상사고,0,0,1,0,차대차 - 측면충돌,안전거리미확보,건조,맑음,교차로 - 교차로부근,승용,남,57세,상해없음,승용,여,46세,경상
2023092700100457,2023년 9월 27일 15시,수요일,인천광역시 미추홀구 학익동,경상사고,0,0,1,0,차대차 - 측면충돌,교차로운행방법위반,건조,맑음,교차로 - 교차로부근,승용,남,76세,상해없음,승합,남,50세,경상
2023092700100505,2023년 9월 27일 16시,수요일,인천광역시 남동구 고잔동,사망사고,1,0,0,0,차량단독 - 공작물충돌,안전운전불이행,건조,맑음,기타 - 기타,이륜,남,16세,기타불명,,,,
2023092700100578,2023년 9월 27일 17시,수요일,인천광역시 서구 석남동,경상사고,0,0,1,0,차대차 - 추돌,안전운전불이행,건조,맑음,단일로 - 기타,승용,남,59세,상해없음,화물,남,60세,경상
2023092700100641,2023년 9월 27일 18시,수요일,인천광역시 부평구 부평동,경상사고,0,0,1,0,차대차 - 추돌,안전운전불이행,건조,맑음,교차로 - 교차로부근,승용,남,68세,상해없음,이륜,남,52세,경상
2023092700100642,2023년 9월 27일 18시,수요일,인천광역시 남동구 만수동,부상신고사고,0,0,0,1,차대차 - 측면충돌,신호위반,건조,맑음,교차로 - 교차로안,원동기,남,82세,부상신고,승용,여,64세,상해없음
2023092700100692,2023년 9월 27일 19시,수요일,인천광역시 미추홀구 주안동,경상사고,0,0,1,0,차량단독 - 기타,안전운전불이행,건조,맑음,단일로 - 기타,승합,남,62세,상해없음,,,,
2023092700100693,2023년 9월 27일 19시,수요일,인천광역시 부평구 산곡동,경상사고,0,0,1,0,차대사람 - 횡단중,안전운전불이행,건조,흐림,교차로 - 교차로안,승용,여,66세,상해없음,보행자,여,68세,경상
2023092700100694,2023년 9월 27일 19시,수요일,인천광역시 서구 오류동,경상사고,0,0,2,0,차대차 - 추돌,안전운전불이행,건조,맑음,교차로 - 교차로부근,승용,남,22세,상해없음,승용,남,68세,경상
2023092700100695,2023년 9월 27일 19시,수요일,인천광역시 부평구 갈산동,경상사고,0,0,1,0,차대차 - 측면충돌,안전운전불이행,건조,흐림,교차로 - 교차로안,승용,여,45세,상해없음,승용,여,67세,경상
2023092700100758,2023년 9월 27일 21시,수요일,인천광역시 남동구 구월동,경상사고,0,0,1,0,차대차 - 측면충돌,안전거리미확보,건조,맑음,단일로 - 기타,승용,남,30세,상해없음,승용,남,49세,경상
2023092700100759,2023년 9월 27일 21시,수요일,인천광역시 서구 신현동,중상사고,0,1,0,0,차대사람 - 차도통행중,안전운전불이행,건조,맑음,기타 - 기타,승용,남,29세,상해없음,보행자,여,67세,중상
2023092700100778,2023년 9월 27일 22시,수요일,인천광역시 미추홀구 주안동,중상사고,0,1,0,0,차대차 - 측면충돌,신호위반,건조,맑음,교차로 - 교차로안,승용,남,28세,상해없음,이륜,남,30세,중상
2023092700100794,2023년 9월 27일 23시,수요일,인천광역시 미추홀구 도화동,경상사고,0,0,1,0,차대차 - 정면충돌,신호위반,건조,맑음,교차로 - 교차로안,승용,남,27세,상해없음,이륜,남,37세,경상
2023092800100016,2023년 9월 28일 00시,목요일,인천광역시 서구 석남동,경상사고,0,0,1,0,차대차 - 측면충돌,안전운전불이행,건조,맑음,단일로 - 기타,승용,남,44세,상해없음,이륜,남,23세,경상
2023092800100027,2023년 9월 28일 01시,목요일,인천광역시 미추홀구 용현동,중상사고,0,2,3,0,차대차 - 측면충돌,신호위반,건조,맑음,교차로 - 교차로안,승용,남,40세,경상,승용,여,44세,중상
2023092800100066,2023년 9월 28일 07시,목요일,인천광역시 서구 연희동,중상사고,0,1,0,0,차대차 - 측면충돌,안전운전불이행,건조,맑음,단일로 - 기타,승용,여,48세,상해없음,이륜,남,29세,중상
2023092800100101,2023년 9월 28일 09시,목요일,인천광역시 남동구 구월동,경상사고,0,0,1,0,차대사람 - 기타,안전운전불이행,건조,맑음,단일로 - 기타,화물,남,76세,상해없음,보행자,여,35세,경상
2023092800100102,2023년 9월 28일 09시,목요일,인천광역시 계양구 작전동,경상사고,0,0,1,0,차대차 - 기타,안전운전불이행,건조,맑음,교차로 - 교차로안,자전거,남,9세,경상,승용,남,51세,상해없음
2023092800100150,2023년 9월 28일 11시,목요일,인천광역시 중구 중산동,중상사고,0,1,0,0,차대차 - 측면충돌,안전거리미확보,건조,맑음,단일로 - 지하차도(도로)내,승용,남,40세,상해없음,이륜,여,29세,중상
2023092800100151,2023년 9월 28일 11시,목요일,인천광역시 부평구 부평동,경상사고,0,0,4,0,차대차 - 추돌,안전운전불이행,건조,맑음,단일로 - 기타,승용,남,33세,상해없음,승용,남,43세,경상
2023092800100152,2023년 9월 28일 11시,목요일,인천광역시 부평구 부평동,중상사고,0,1,0,0,차대사람 - 기타,안전운전불이행,건조,맑음,기타 - 기타,승용,남,53세,상해없음,보행자,여,44세,중상
2023092800100153,2023년 9월 28일 11시,목요일,인천광역시 남동구 고잔동,경상사고,0,0,1,0,차대차 - 추돌,안전운전불이행,건조,맑음,단일로 - 기타,승용,남,30세,상해없음,승용,남,45세,경상
2023092800100154,2023년 9월 28일 11시,목요일,인천광역시 중구 신흥동1가,경상사고,0,0,2,0,차대차 - 기타,신호위반,건조,맑음,단일로 - 터널,승용,여,53세,상해없음,승용,남,56세,경상
2023092800100199,2023년 9월 28일 12시,목요일,인천광역시 중구 신흥동3가,경상사고,0,0,1,0,차대차 - 측면충돌,안전거리미확보,건조,맑음,교차로 - 교차로안,화물,남,60세,상해없음,승합,남,21세,경상
2023092800100200,2023년 9월 28일 12시,목요일,인천광역시 미추홀구 주안동,경상사고,0,0,1,0,차대사람 - 차도통행중,안전운전불이행,건조,맑음,단일로 - 기타,승용,남,45세,상해없음,보행자,남,31세,경상
2023092800100202,2023년 9월 28일 12시,목요일,인천광역시 남동구 남촌동,경상사고,0,0,3,0,차대차 - 측면충돌,안전거리미확보,건조,맑음,교차로 - 교차로부근,승용,여,70세,상해없음,승용,남,48세,경상
2023092800100265,2023년 9월 28일 14시,목요일,인천광역시 미추홀구 도화동,경상사고,0,0,3,0,차대차 - 측면충돌,교차로운행방법위반,건조,맑음,단일로 - 기타,승용,남,62세,상해없음,승용,남,42세,경상
2023092800100334,2023년 9월 28일 16시,목요일,인천광역시 동구 송현동,경상사고,0,0,1,0,차대사람 - 횡단중,안전운전불이행,건조,맑음,교차로 - 교차로안,승용,남,74세,상해없음,보행자,여,17세,경상
2023092800100335,2023년 9월 28일 16시,목요일,인천광역시 중구 중산동,경상사고,0,0,4,0,차대차 - 측면충돌,안전운전불이행,건조,맑음,단일로 - 지하차도(도로)내,승용,여,51세,상해없음,승용,남,49세,경상
2023092800100354,2023년 9월 28일 17시,목요일,인천광역시 연수구 동춘동,경상사고,0,0,2,0,차대차 - 측면충돌,신호위반,건조,맑음,단일로 - 기타,승용,남,48세,상해없음,승용,여,33세,경상
2023092800100399,2023년 9월 28일 19시,목요일,인천광역시 미추홀구 주안동,경상사고,0,0,1,0,차대차 - 기타,신호위반,건조,맑음,교차로 - 교차로안,승용,남,63세,상해없음,자전거,남,46세,경상
2023092800100424,2023년 9월 28일 20시,목요일,인천광역시 남동구 간석동,경상사고,0,0,1,0,차대차 - 기타,불법유턴,건조,맑음,교차로 - 교차로안,승용,여,63세,상해없음,이륜,남,40세,경상
2023092800100452,2023년 9월 28일 21시,목요일,인천광역시 부평구 부평동,중상사고,0,1,1,0,차대차 - 측면충돌,안전운전불이행,건조,맑음,단일로 - 기타,이륜,남,43세,상해없음,이륜,남,28세,중상
2023092900100009,2023년 9월 29일 00시,금요일,인천광역시 미추홀구 주안동,부상신고사고,0,0,0,1,차대사람 - 횡단중,안전운전불이행,건조,맑음,단일로 - 기타,승용,남,57세,상해없음,보행자,여,45세,부상신고
2023092900100056,2023년 9월 29일 09시,금요일,인천광역시 서구 마전동,경상사고,0,0,1,0,차대차 - 측면충돌,직진우회전진행방해,건조,맑음,교차로 - 교차로안,승용,여,38세,상해없음,승용,남,48세,경상
2023092900100116,2023년 9월 29일 12시,금요일,인천광역시 미추홀구 문학동,경상사고,0,0,2,0,차대차 - 후진중충돌,안전운전불이행,건조,맑음,교차로 - 교차로부근,승용,남,49세,상해없음,승용,남,35세,상해없음
2023092900100117,2023년 9월 29일 12시,금요일,인천광역시 미추홀구 숭의동,부상신고사고,0,0,0,3,차대차 - 측면충돌,안전운전불이행,건조,맑음,교차로 - 교차로부근,승용,남,43세,상해없음,승용,남,41세,상해없음
2023092900100118,2023년 9월 29일 12시,금요일,인천광역시 부평구 십정동,경상사고,0,0,3,0,차대차 - 측면충돌,안전거리미확보,건조,맑음,단일로 - 기타,승용,여,31세,상해없음,승용,남,31세,경상
2023092900100119,2023년 9월 29일 12시,금요일,인천광역시 계양구 둑실동,경상사고,0,0,4,0,차대차 - 측면충돌,안전운전불이행,건조,맑음,단일로 - 교량,승용,남,41세,상해없음,승용,남,38세,경상
2023092900100144,2023년 9월 29일 13시,금요일,인천광역시 부평구 청천동,경상사고,0,0,1,0,차대차 - 기타,차로위반,건조,맑음,교차로 - 교차로부근,승용,남,62세,상해없음,승용,여,27세,경상
2023092900100145,2023년 9월 29일 13시,금요일,인천광역시 남동구 남촌동,경상사고,0,0,3,0,차대차 - 추돌,안전운전불이행,건조,맑음,교차로 - 교차로부근,승용,남,64세,상해없음,승용,남,34세,경상
2023092900100213,2023년 9월 29일 16시,금요일,인천광역시 남동구 간석동,경상사고,0,0,1,0,차대차 - 후진중충돌,안전운전불이행,건조,맑음,기타 - 기타,승용,남,50세,상해없음,원동기,남,24세,경상
2023092900100288,2023년 9월 29일 19시,금요일,인천광역시 미추홀구 숭의동,경상사고,0,0,1,0,차대차 - 측면충돌,안전거리미확보,건조,맑음,단일로 - 기타,승용,남,71세,기타불명,승합,남,59세,경상
2023092900100302,2023년 9월 29일 20시,금요일,인천광역시 부평구 부평동,경상사고,0,0,2,0,차대차 - 측면충돌,안전운전불이행,건조,맑음,교차로 - 교차로안,승용,남,29세,상해없음,승용,남,46세,경상
2023092900100323,2023년 9월 29일 21시,금요일,인천광역시 부평구 십정동,부상신고사고,0,0,0,1,차대사람 - 기타,안전운전불이행,건조,맑음,단일로 - 기타,승용,남,49세,부상신고,보행자,남,48세,기타불명
2023092900100350,2023년 9월 29일 23시,금요일,인천광역시 서구 가좌동,경상사고,0,0,1,0,차대차 - 추돌,안전운전불이행,건조,맑음,기타 - 기타,승용,남,42세,상해없음,승용,남,65세,경상
2023092900100351,2023년 9월 29일 23시,금요일,인천광역시 중구 율목동,중상사고,0,2,0,0,차대차 - 추돌,안전운전불이행,건조,맑음,단일로 - 터널,승용,남,19세,상해없음,승용,남,36세,중상
2023093000100007,2023년 9월 30일 00시,토요일,인천광역시 미추홀구 숭의동,경상사고,0,0,1,0,차대사람 - 보도통행중,보행자보호의무위반,건조,맑음,교차로 - 교차로안,승용,여,44세,상해없음,보행자,남,26세,경상
2023093000100062,2023년 9월 30일 09시,토요일,인천광역시 남동구 간석동,경상사고,0,0,2,0,차대차 - 추돌,안전운전불이행,건조,맑음,교차로 - 교차로횡단보도내,승용,남,31세,상해없음,승용,남,77세,경상
2023093000100071,2023년 9월 30일 10시,토요일,인천광역시 중구 중산동,경상사고,0,0,1,0,차대차 - 기타,안전거리미확보,건조,맑음,단일로 - 기타,승용,여,64세,상해없음,승용,여,32세,경상
2023093000100072,2023년 9월 30일 10시,토요일,인천광역시 부평구 십정동,경상사고,0,0,2,0,차대차 - 측면충돌,안전운전불이행,건조,맑음,주차장 - 주차장,승용,남,38세,상해없음,승용,여,26세,경상
2023093000100073,2023년 9월 30일 10시,토요일,인천광역시 남동구 서창동,경상사고,0,0,1,0,차대차 - 기타,안전운전불이행,건조,맑음,단일로 - 기타,승용,남,36세,상해없음,승용,남,35세,경상
2023093000100098,2023년 9월 30일 11시,토요일,인천광역시 중구 운남동,경상사고,0,0,3,0,차대차 - 기타,안전운전불이행,건조,맑음,교차로 - 교차로안,화물,남,60세,상해없음,승용,남,26세,경상
2023093000100099,2023년 9월 30일 11시,토요일,인천광역시 남동구 구월동,경상사고,0,0,1,0,차대사람 - 기타,안전운전불이행,젖음/습기,비,교차로 - 교차로부근,화물,남,65세,상해없음,보행자,여,38세,경상
2023093000100145,2023년 9월 30일 13시,토요일,인천광역시 부평구 십정동,경상사고,0,0,1,0,차대차 - 기타,안전운전불이행,건조,맑음,교차로 - 교차로안,승용,남,68세,상해없음,승용,남,66세,상해없음
2023093000100146,2023년 9월 30일 13시,토요일,인천광역시 서구 당하동,중상사고,0,1,0,0,차대차 - 측면충돌,안전운전불이행,건조,맑음,교차로 - 교차로안,화물,남,35세,상해없음,원동기,남,84세,중상
2023093000100179,2023년 9월 30일 14시,토요일,인천광역시 연수구 옥련동,경상사고,0,0,2,0,차대차 - 측면충돌,차로위반,건조,맑음,교차로 - 교차로안,승용,남,72세,상해없음,승용,남,23세,경상
2023093000100209,2023년 9월 30일 15시,토요일,인천광역시 연수구 옥련동,경상사고,0,0,1,0,차대차 - 기타,안전운전불이행,건조,맑음,단일로 - 기타,승용,남,32세,상해없음,승용,여,39세,경상
2023093000100242,2023년 9월 30일 16시,토요일,인천광역시 남동구 만수동,경상사고,0,0,1,0,차대차 - 측면충돌,안전운전불이행,건조,맑음,교차로 - 교차로부근,승용,여,64세,상해없음,이륜,여,32세,경상
2023093000100299,2023년 9월 30일 18시,토요일,인천광역시 미추홀구 주안동,경상사고,0,0,2,0,차대차 - 측면충돌,안전운전불이행,건조,맑음,단일로 - 기타,승용,남,49세,상해없음,승용,남,24세,경상
2023093000100300,2023년 9월 30일 18시,토요일,인천광역시 서구 가정동,경상사고,0,0,1,0,차대차 - 추돌,안전운전불이행,건조,맑음,교차로 - 교차로부근,승용,남,38세,상해없음,이륜,남,39세,경상
2023093000100301,2023년 9월 30일 18시,토요일,인천광역시 강화군 교동면,경상사고,0,0,1,0,차량단독 - 전도전복 - 전도,안전운전불이행,건조,흐림,단일로 - 고가도로위,이륜,남,40세,경상,,,,
2023093000100325,2023년 9월 30일 19시,토요일,인천광역시 미추홀구 숭의동,경상사고,0,0,1,0,차대차 - 측면충돌,중앙선침범,건조,맑음,단일로 - 기타,승용,남,61세,상해없음,승용,남,66세,경상
2023093000100326,2023년 9월 30일 19시,토요일,인천광역시 미추홀구 주안동,경상사고,0,0,1,0,차대차 - 측면충돌,안전거리미확보,건조,맑음,단일로 - 기타,승용,남,60세,상해없음,승용,여,44세,경상
2023093000100327,2023년 9월 30일 19시,토요일,인천광역시 남동구 논현동,중상사고,0,1,0,0,차대사람 - 횡단중,신호위반,건조,맑음,교차로 - 교차로부근,이륜,남,35세,상해없음,보행자,남,17세,중상
2023093000100391,2023년 9월 30일 23시,토요일,인천광역시 부평구 부평동,경상사고,0,0,1,0,차대사람 - 기타,안전운전불이행,기타,기타,기타 - 기타,이륜,남,46세,상해없음,보행자,여,22세,경상
2023100100100014,2023년 10월 1일 00시,일요일,인천광역시 계양구 계산동,중상사고,0,1,3,0,차대차 - 기타,교차로운행방법위반,건조,맑음,교차로 - 교차로안,승용,남,24세,경상,승용,남,22세,경상
2023100100100015,2023년 10월 1일 00시,일요일,인천광역시 부평구 부평동,경상사고,0,0,1,0,차대사람 - 기타,안전운전불이행,건조,맑음,단일로 - 기타,승용,남,28세,상해없음,보행자,남,19세,경상
2023100100100156,2023년 10월 1일 12시,일요일,인천광역시 계양구 오류동,경상사고,0,0,2,0,차대차 - 측면충돌,안전운전불이행,건조,맑음,교차로 - 교차로안,승용,남,46세,경상,승합,남,61세,경상
2023100100100221,2023년 10월 1일 14시,일요일,인천광역시 남동구 간석동,경상사고,0,0,1,0,차대차 - 측면충돌,교차로운행방법위반,건조,맑음,교차로 - 교차로안,승용,남,57세,상해없음,승용,여,30세,경상
2023100100100252,2023년 10월 1일 15시,일요일,인천광역시 계양구 용종동,경상사고,0,0,1,0,차대차 - 측면충돌,안전거리미확보,건조,맑음,단일로 - 기타,승용,여,63세,기타불명,승용,여,70세,경상
2023100100100402,2023년 10월 1일 20시,일요일,인천광역시 계양구 목상동,중상사고,0,1,0,0,차대차 - 측면충돌,안전운전불이행,건조,맑음,교차로 - 교차로안,승용,남,32세,상해없음,이륜,남,37세,중상
2023100100100403,2023년 10월 1일 20시,일요일,인천광역시 부평구 부평동,경상사고,0,0,2,0,차량단독 - 공작물충돌,안전운전불이행,건조,맑음,교차로 - 교차로부근,승용,남,53세,상해없음,,,,
2023100100100404,2023년 10월 1일 20시,일요일,인천광역시 남동구 장수동,경상사고,0,0,2,0,차대차 - 측면충돌,안전거리미확보,건조,맑음,교차로 - 교차로부근,기타불명,기타불명,미분류,기타불명,승용,남,40세,경상
2023100100100424,2023년 10월 1일 21시,일요일,인천광역시 강화군 길상면,경상사고,0,0,3,0,차대차 - 측면충돌,중앙선침범,건조,맑음,기타 - 기타,승용,남,35세,상해없음,승용,남,51세,경상
2023100100100425,2023년 10월 1일 21시,일요일,인천광역시 연수구 송도동,중상사고,0,1,0,0,차대차 - 추돌,안전운전불이행,건조,맑음,단일로 - 기타,승용,남,53세,상해없음,승용,남,54세,상해없음
2023100200100013,2023년 10월 2일 01시,월요일,인천광역시 미추홀구 주안동,사망사고,1,0,0,0,차대사람 - 횡단중,안전운전불이행,건조,맑음,단일로 - 기타,승용,남,35세,상해없음,보행자,여,88세,사망
2023100200100027,2023년 10월 2일 04시,월요일,인천광역시 부평구 갈산동,경상사고,0,0,1,0,차대차 - 정면충돌,안전운전불이행,건조,맑음,단일로 - 기타,승용,여,32세,상해없음,승용,남,57세,경상
2023100200100049,2023년 10월 2일 07시,월요일,인천광역시 서구 금곡동,경상사고,0,0,2,0,차대차 - 추돌,안전운전불이행,건조,맑음,단일로 - 기타,승용,여,45세,상해없음,승용,여,64세,경상
2023100200100061,2023년 10월 2일 08시,월요일,인천광역시 부평구 십정동,중상사고,0,1,0,0,차대차 - 추돌,신호위반,건조,맑음,단일로 - 기타,승용,남,59세,기타불명,승용,남,58세,중상
2023100200100073,2023년 10월 2일 09시,월요일,인천광역시 강화군 강화읍,사망사고,1,0,0,0,차량단독 - 공작물충돌,안전운전불이행,건조,맑음,단일로 - 고가도로위,이륜,남,48세,사망,,,,
2023100200100122,2023년 10월 2일 11시,월요일,인천광역시 서구 오류동,중상사고,0,1,0,0,차대차 - 기타,안전운전불이행,건조,맑음,단일로 - 기타,자전거,여,30세,상해없음,자전거,여,33세,중상
2023100200100154,2023년 10월 2일 12시,월요일,인천광역시 미추홀구 주안동,경상사고,0,0,1,0,차대차 - 측면충돌,직진우회전진행방해,건조,맑음,교차로 - 교차로안,화물,남,72세,상해없음,자전거,남,32세,경상
2023100200100155,2023년 10월 2일 12시,월요일,인천광역시 남동구 논현동,경상사고,0,0,1,0,차대차 - 측면충돌,안전운전불이행,건조,맑음,단일로 - 기타,승용,남,46세,상해없음,승용,여,32세,경상
2023100200100196,2023년 10월 2일 13시,월요일,인천광역시 강화군 강화읍,중상사고,0,1,2,0,차대차 - 추돌,안전운전불이행,건조,맑음,교차로 - 교차로부근,승합,남,58세,상해없음,승용,남,55세,중상
2023100200100268,2023년 10월 2일 15시,월요일,인천광역시 중구 신흥동3가,경상사고,0,0,2,0,차대차 - 측면충돌,교차로운행방법위반,건조,맑음,교차로 - 교차로안,승용,남,68세,상해없음,이륜,남,28세,경상
2023100200100292,2023년 10월 2일 16시,월요일,인천광역시 중구 북성동1가,부상신고사고,0,0,0,1,차대사람 - 차도통행중,안전운전불이행,건조,맑음,교차로 - 교차로부근,기타불명,기타불명,미분류,기타불명,보행자,남,73세,부상신고
2023100200100319,2023년 10월 2일 17시,월요일,인천광역시 미추홀구 주안동,경상사고,0,0,2,0,차대차 - 추돌,안전운전불이행,건조,맑음,단일로 - 기타,승용,남,69세,상해없음,승용,남,55세,경상
2023100200100362,2023년 10월 2일 18시,월요일,인천광역시 부평구 부평동,경상사고,0,0,1,0,차대사람 - 기타,안전운전불이행,건조,맑음,교차로 - 교차로부근,승용,남,58세,상해없음,보행자,여,19세,경상
2023100200100449,2023년 10월 2일 21시,월요일,인천광역시 서구 심곡동,중상사고,0,1,0,0,차대차 - 기타,안전운전불이행,건조,맑음,단일로 - 기타,이륜,남,48세,상해없음,이륜,남,46세,중상
2023100200100468,2023년 10월 2일 22시,월요일,인천광역시 미추홀구 학익동,경상사고,0,0,1,0,차대차 - 측면충돌,안전운전불이행,건조,맑음,교차로 - 교차로부근,이륜,남,42세,상해없음,승용,남,63세,경상
2023100200100469,2023년 10월 2일 22시,월요일,인천광역시 남동구 만수동,경상사고,0,0,1,0,차대차 - 측면충돌,안전운전불이행,건조,맑음,단일로 - 기타,승용,남,71세,상해없음,승용,남,66세,경상
2023100300100007,2023년 10월 3일 00시,화요일,인천광역시 서구 원당동,경상사고,0,0,2,0,차대차 - 추돌,안전운전불이행,건조,맑음,교차로 - 교차로부근,이륜,남,22세,상해없음,승용,여,48세,경상
2023100300100094,2023년 10월 3일 11시,화요일,인천광역시 서구 경서동,중상사고,0,1,0,0,차대차 - 추돌,안전운전불이행,건조,맑음,단일로 - 기타,승용,남,35세,상해없음,화물,남,51세,중상
2023100300100193,2023년 10월 3일 15시,화요일,인천광역시 서구 왕길동,중상사고,0,2,0,0,차대차 - 정면충돌,안전운전불이행,건조,맑음,단일로 - 기타,승용,여,59세,중상,승용,남,43세,중상
2023100300100217,2023년 10월 3일 16시,화요일,인천광역시 연수구 연수동,경상사고,0,0,1,0,차대차 - 추돌,안전운전불이행,건조,맑음,교차로 - 교차로부근,승용,여,27세,상해없음,승용,남,49세,상해없음
2023100300100244,2023년 10월 3일 17시,화요일,인천광역시 중구 신흥동3가,경상사고,0,0,1,0,차대차 - 측면충돌,안전운전불이행,건조,맑음,단일로 - 지하차도(도로)내,승용,여,50세,상해없음,승용,남,30세,경상
2023100300100245,2023년 10월 3일 17시,화요일,인천광역시 남동구 구월동,경상사고,0,0,1,0,차대차 - 후진중충돌,안전운전불이행,건조,맑음,단일로 - 기타,승용,남,80세,상해없음,이륜,남,46세,경상
2023100300100246,2023년 10월 3일 17시,화요일,인천광역시 서구 석남동,경상사고,0,0,1,0,차대차 - 측면충돌,안전거리미확보,건조,맑음,교차로 - 교차로안,승용,남,26세,상해없음,이륜,남,29세,경상
2023100300100247,2023년 10월 3일 17시,화요일,인천광역시 연수구 선학동,경상사고,0,0,2,0,차대차 - 측면충돌,차로위반,건조,맑음,단일로 - 기타,승용,남,44세,경상,승합,남,61세,경상
2023100300100248,2023년 10월 3일 17시,화요일,인천광역시 계양구 박촌동,경상사고,0,0,1,0,차대차 - 측면충돌,차로위반,건조,맑음,단일로 - 고가도로위,승용,여,56세,상해없음,승용,여,27세,경상
2023100300100291,2023년 10월 3일 19시,화요일,인천광역시 미추홀구 도화동,사망사고,1,0,0,0,차대차 - 측면충돌,신호위반,건조,맑음,교차로 - 교차로안,이륜,남,37세,사망,화물,남,40세,상해없음
2023100300100292,2023년 10월 3일 19시,화요일,인천광역시 서구 청라동,중상사고,0,1,0,0,차대차 - 측면충돌,안전운전불이행,건조,맑음,교차로 - 교차로안,승용,남,64세,상해없음,개인형이동수단(PM),남,48세,중상
2023100300100314,2023년 10월 3일 20시,화요일,인천광역시 서구 청라동,경상사고,0,0,1,0,차대사람 - 보도통행중,보행자보호의무위반,건조,맑음,교차로 - 교차로횡단보도내,승용,남,59세,상해없음,보행자,여,15세,경상
2023100300100334,2023년 10월 3일 21시,화요일,인천광역시 부평구 부평동,부상신고사고,0,0,0,1,차대사람 - 기타,안전운전불이행,건조,맑음,교차로 - 교차로부근,기타불명,기타불명,미분류,기타불명,보행자,남,26세,부상신고
2023100300100345,2023년 10월 3일 22시,화요일,인천광역시 남동구 논현동,경상사고,0,0,1,0,차대사람 - 횡단중,기타,건조,맑음,단일로 - 기타,개인형이동수단(PM),남,16세,상해없음,보행자,남,45세,경상
2023100400100032,2023년 10월 4일 05시,수요일,인천광역시 중구 운남동,경상사고,0,0,2,0,차대차 - 정면충돌,신호위반,건조,맑음,교차로 - 교차로안,승용,남,26세,상해없음,승용,남,55세,경상
2023100400100062,2023년 10월 4일 07시,수요일,인천광역시 계양구 계산동,사망사고,1,0,0,0,차대사람 - 횡단중,안전거리미확보,건조,맑음,교차로 - 교차로횡단보도내,화물,남,67세,상해없음,보행자,남,89세,사망
2023100400100063,2023년 10월 4일 07시,수요일,인천광역시 연수구 옥련동,경상사고,0,0,1,0,차대차 - 추돌,안전운전불이행,건조,맑음,단일로 - 기타,승용,남,40세,상해없음,승용,남,35세,경상
2023100400100104,2023년 10월 4일 08시,수요일,인천광역시 중구 답동,경상사고,0,0,2,0,차대차 - 측면충돌,안전거리미확보,건조,맑음,교차로 - 교차로부근,승용,남,72세,상해없음,화물,남,43세,경상
2023100400100105,2023년 10월 4일 08시,수요일,인천광역시 남동구 만수동,경상사고,0,0,1,0,차대차 - 기타,안전운전불이행,건조,맑음,단일로 - 기타,승용,남,24세,상해없음,승용,여,47세,경상
2023100400100106,2023년 10월 4일 08시,수요일,인천광역시 서구 가좌동,경상사고,0,0,1,0,차대차 - 측면충돌,안전운전불이행,건조,맑음,교차로 - 교차로부근,승용,남,56세,상해없음,화물,남,51세,경상
2023100400100140,2023년 10월 4일 09시,수요일,인천광역시 남동구 구월동,경상사고,0,0,2,0,차대차 - 측면충돌,안전거리미확보,건조,맑음,단일로 - 기타,승용,남,49세,경상,승용,남,60세,경상