사고번호,사고일시,요일,시군구,사고내용,사망자수,중상자수,경상자수,부상신고자수,사고유형,법규위반,노면상태,기상상태,도로형태,가해운전자 차종,가해운전자 성별,가해운전자 연령,가해운전자 상해정도,피해운전자 차종,피해운전자 성별,피해운전자 연령,피해운전자 상해정도
2023100400100209,2023년 10월 4일 11시,수요일,인천광역시 부평구 일신동,중상사고,0,1,0,0,차대사람 - 보도통행중,안전운전불이행,건조,맑음,교차로 - 교차로부근,자전거,남,54세,상해없음,보행자,여,88세,중상
2023100400100344,2023년 10월 4일 15시,수요일,인천광역시 중구 운남동,경상사고,0,0,1,0,차대차 - 기타,안전거리미확보,건조,맑음,단일로 - 기타,승용,여,66세,상해없음,승용,여,29세,경상
2023100400100345,2023년 10월 4일 15시,수요일,인천광역시 미추홀구 학익동,경상사고,0,0,1,0,차대사람 - 횡단중,안전운전불이행,건조,맑음,단일로 - 기타,승용,여,34세,상해없음,보행자,남,9세,경상
2023100400100346,2023년 10월 4일 15시,수요일,인천광역시 부평구 산곡동,경상사고,0,0,1,0,차대차 - 추돌,안전운전불이행,건조,맑음,단일로 - 기타,승용,남,49세,상해없음,승용,여,62세,경상
2023100400100386,2023년 10월 4일 16시,수요일,인천광역시 서구 연희동,경상사고,0,0,2,0,차대차 - 측면충돌,안전운전불이행,건조,맑음,기타 - 기타,승용,남,63세,상해없음,승용,여,64세,경상
2023100400100387,2023년 10월 4일 16시,수요일,인천광역시 계양구 병방동,경상사고,0,0,1,0,차대차 - 측면충돌,안전운전불이행,젖음/습기,비,교차로 - 교차로안,승용,여,43세,상해없음,이륜,남,42세,경상
2023100400100388,2023년 10월 4일 16시,수요일,인천광역시 계양구 계산동,경상사고,0,0,1,0,차대차 - 기타,안전운전불이행,건조,맑음,단일로 - 기타,이륜,기타불명,미분류,기타불명,이륜,남,56세,경상
2023100400100421,2023년 10월 4일 17시,수요일,인천광역시 서구 마전동,경상사고,0,0,1,0,차대차 - 추돌,안전운전불이행,젖음/습기,비,기타 - 기타,승용,여,70세,상해없음,승용,여,48세,경상
2023100400100474,2023년 10월 4일 18시,수요일,인천광역시 남동구 간석동,경상사고,0,0,1,0,차대차 - 측면충돌,안전거리미확보,젖음/습기,비,교차로 - 교차로부근,승용,여,52세,상해없음,승용,남,37세,경상
2023100400100475,2023년 10월 4일 18시,수요일,인천광역시 연수구 선학동,경상사고,0,0,1,0,차대사람 - 횡단중,보행자보호의무위반,건조,맑음,교차로 - 교차로횡단보도내,승합,남,27세,상해없음,보행자,여,30세,경상
2023100400100517,2023년 10월 4일 19시,수요일,인천광역시 연수구 옥련동,경상사고,0,0,1,0,차대차 - 측면충돌,신호위반,건조,맑음,단일로 - 터널,승용,남,31세,상해없음,승용,남,34세,경상
2023100400100575,2023년 10월 4일 22시,수요일,인천광역시 부평구 갈산동,경상사고,0,0,1,0,차대차 - 추돌,신호위반,건조,맑음,교차로 - 교차로안,이륜,남,43세,상해없음,승용,남,54세,경상
2023100400100584,2023년 10월 4일 23시,수요일,인천광역시 계양구 장기동,경상사고,0,0,1,0,차대차 - 측면충돌,안전운전불이행,건조,맑음,교차로 - 교차로안,승용,남,41세,상해없음,화물,남,35세,경상
2023100500100031,2023년 10월 5일 05시,목요일,인천광역시 중구 운서동,경상사고,0,0,1,0,차대차 - 측면충돌,안전운전불이행,건조,맑음,단일로 - 기타,승용,남,51세,상해없음,승용,여,40세,경상
2023100500100032,2023년 10월 5일 05시,목요일,인천광역시 부평구 일신동,경상사고,0,0,1,0,차대차 - 측면충돌,안전운전불이행,건조,맑음,단일로 - 기타,기타불명,기타불명,미분류,기타불명,건설기계,남,56세,경상
2023100500100042,2023년 10월 5일 06시,목요일,인천광역시 강화군 송해면,경상사고,0,0,3,0,차대차 - 측면충돌,교차로운행방법위반,건조,흐림,교차로 - 교차로부근,승용,여,70세,경상,화물,남,57세,경상
2023100500100070,2023년 10월 5일 07시,목요일,인천광역시 계양구 장기동,경상사고,0,0,5,0,차대차 - 추돌,안전운전불이행,건조,맑음,단일로 - 기타,화물,남,28세,상해없음,승용,남,43세,경상
2023100500100117,2023년 10월 5일 08시,목요일,인천광역시 서구 연희동,경상사고,0,0,1,0,차대차 - 측면충돌,안전운전불이행,건조,맑음,교차로 - 교차로안,승용,여,30세,상해없음,승용,남,47세,경상
2023100500100155,2023년 10월 5일 09시,목요일,인천광역시 미추홀구 학익동,경상사고,0,0,1,0,차대차 - 측면충돌,중앙선침범,건조,맑음,교차로 - 교차로부근,화물,여,53세,상해없음,승용,남,62세,경상
2023100500100156,2023년 10월 5일 09시,목요일,인천광역시 미추홀구 문학동,경상사고,0,0,1,0,차대사람 - 차도통행중,안전운전불이행,건조,맑음,교차로 - 교차로안,승용,남,66세,상해없음,보행자,여,21세,경상
2023100500100248,2023년 10월 5일 12시,목요일,인천광역시 미추홀구 주안동,경상사고,0,0,2,0,차대차 - 추돌,안전운전불이행,건조,맑음,교차로 - 교차로부근,이륜,남,22세,상해없음,승용,남,35세,경상
2023100500100249,2023년 10월 5일 12시,목요일,인천광역시 미추홀구 주안동,경상사고,0,0,1,0,차대차 - 추돌,안전운전불이행,건조,맑음,단일로 - 기타,승용,남,28세,상해없음,승용,여,36세,경상
2023100500100250,2023년 10월 5일 12시,목요일,인천광역시 부평구 부평동,경상사고,0,0,2,0,차대차 - 측면충돌,안전운전불이행,건조,맑음,교차로 - 교차로부근,승용,남,54세,상해없음,승용,남,28세,경상
2023100500100251,2023년 10월 5일 12시,목요일,인천광역시 부평구 부평동,경상사고,0,0,1,0,차대차 - 추돌,안전운전불이행,건조,맑음,단일로 - 지하차도(도로)내,승용,남,45세,상해없음,승용,여,57세,경상
2023100500100336,2023년 10월 5일 15시,목요일,인천광역시 부평구 산곡동,경상사고,0,0,1,0,차대사람 - 횡단중,신호위반,건조,맑음,단일로 - 기타,승용,여,28세,상해없음,보행자,여,9세,경상
2023100500100337,2023년 10월 5일 15시,목요일,인천광역시 서구 금곡동,경상사고,0,0,1,0,차대차 - 측면충돌,안전거리미확보,건조,맑음,교차로 - 교차로부근,승용,여,47세,상해없음,승용,여,34세,경상
2023100500100374,2023년 10월 5일 16시,목요일,인천광역시 계양구 귤현동,경상사고,0,0,1,0,차대차 - 측면충돌,안전거리미확보,건조,맑음,단일로 - 교량,승용,남,81세,상해없음,화물,남,36세,경상
2023100500100414,2023년 10월 5일 17시,목요일,인천광역시 서구 심곡동,경상사고,0,0,1,0,차대차 - 정면충돌,안전운전불이행,건조,맑음,교차로 - 교차로안,승용,남,30세,상해없음,이륜,남,32세,경상
2023100500100415,2023년 10월 5일 17시,목요일,인천광역시 연수구 송도동,부상신고사고,0,0,0,1,차대차 - 측면충돌,안전운전불이행,건조,맑음,단일로 - 기타,승용,남,37세,상해없음,승용,남,32세,부상신고
2023100500100416,2023년 10월 5일 17시,목요일,인천광역시 연수구 송도동,경상사고,0,0,1,0,차대차 - 측면충돌,중앙선침범,건조,맑음,단일로 - 기타,승용,남,49세,상해없음,승용,남,32세,경상
2023100500100473,2023년 10월 5일 18시,목요일,인천광역시 서구 마전동,경상사고,0,0,2,0,차대차 - 기타,안전운전불이행,건조,맑음,기타 - 기타,승용,남,77세,상해없음,승용,남,35세,경상
2023100500100505,2023년 10월 5일 19시,목요일,인천광역시 미추홀구 숭의동,경상사고,0,0,1,0,차대사람 - 기타,신호위반,건조,맑음,단일로 - 기타,자전거,남,62세,기타불명,보행자,남,9세,경상
2023100500100506,2023년 10월 5일 19시,목요일,인천광역시 계양구 효성동,경상사고,0,0,1,0,차대차 - 측면충돌,중앙선침범,건조,맑음,단일로 - 기타,승용,남,59세,상해없음,승용,여,29세,경상
2023100500100527,2023년 10월 5일 20시,목요일,인천광역시 부평구 십정동,경상사고,0,0,1,0,차대차 - 기타,중앙선침범,건조,맑음,교차로 - 교차로부근,승용,남,62세,상해없음,이륜,남,33세,경상
2023100500100528,2023년 10월 5일 20시,목요일,인천광역시 계양구 임학동,경상사고,0,0,1,0,차대차 - 측면충돌,신호위반,건조,맑음,기타 - 기타,이륜,남,27세,상해없음,자전거,남,17세,경상
2023100500100553,2023년 10월 5일 21시,목요일,인천광역시 계양구 계산동,중상사고,0,2,0,0,차대차 - 측면충돌,안전운전불이행,건조,맑음,기타 - 기타,승용,남,54세,상해없음,승용,여,64세,중상
2023100500100564,2023년 10월 5일 22시,목요일,인천광역시 남동구 간석동,경상사고,0,0,1,0,차대차 - 측면충돌,안전운전불이행,건조,맑음,교차로 - 교차로부근,승용,남,68세,상해없음,승용,남,69세,상해없음
2023100600100015,2023년 10월 6일 01시,금요일,인천광역시 미추홀구 문학동,경상사고,0,0,2,0,차대차 - 측면충돌,안전운전불이행,건조,맑음,교차로 - 교차로부근,이륜,남,19세,경상,승용,남,55세,경상
2023100600100031,2023년 10월 6일 04시,금요일,인천광역시 남동구 고잔동,중상사고,0,1,0,0,차대차 - 측면충돌,신호위반,건조,맑음,교차로 - 교차로부근,승용,여,64세,상해없음,이륜,남,44세,중상
2023100600100116,2023년 10월 6일 08시,금요일,인천광역시 동구 송림동,경상사고,0,0,1,0,차대차 - 측면충돌,안전거리미확보,건조,맑음,단일로 - 기타,승용,남,69세,상해없음,승용,여,46세,경상
2023100600100117,2023년 10월 6일 08시,금요일,인천광역시 서구 가정동,경상사고,0,0,1,0,차대사람 - 보도통행중,안전운전불이행,건조,맑음,기타 - 기타,개인형이동수단(PM),여,15세,상해없음,보행자,여,74세,경상
2023100600100150,2023년 10월 6일 09시,금요일,인천광역시 남동구 구월동,경상사고,0,0,1,0,차대사람 - 기타,안전운전불이행,건조,맑음,단일로 - 기타,승용,남,28세,상해없음,보행자,남,33세,경상
2023100600100182,2023년 10월 6일 10시,금요일,인천광역시 동구 송현동,경상사고,0,0,1,0,차대차 - 측면충돌,안전운전불이행,건조,맑음,교차로 - 교차로안,승용,남,53세,상해없음,승용,남,44세,상해없음
2023100600100215,2023년 10월 6일 11시,금요일,인천광역시 서구 청라동,중상사고,0,1,0,0,차대차 - 측면충돌,안전운전불이행,건조,맑음,교차로 - 교차로부근,승용,남,32세,상해없음,이륜,남,58세,중상
2023100600100216,2023년 10월 6일 11시,금요일,인천광역시 서구 가좌동,경상사고,0,0,1,0,차대사람 - 기타,안전운전불이행,건조,맑음,기타 - 기타,화물,남,30세,상해없음,보행자,여,63세,경상
2023100600100217,2023년 10월 6일 11시,금요일,인천광역시 연수구 옥련동,경상사고,0,0,2,0,차대차 - 후진중충돌,불법유턴,건조,맑음,교차로 - 교차로부근,승용,여,68세,상해없음,이륜,남,29세,경상
2023100600100218,2023년 10월 6일 11시,금요일,인천광역시 남동구 남촌동,경상사고,0,0,2,0,차대차 - 측면충돌,안전운전불이행,건조,맑음,주차장 - 주차장,승용,남,63세,상해없음,승용,여,51세,경상
2023100600100248,2023년 10월 6일 12시,금요일,인천광역시 연수구 송도동,부상신고사고,0,0,0,1,차대차 - 기타,중앙선침범,건조,맑음,교차로 - 교차로부근,이륜,남,27세,상해없음,이륜,남,36세,부상신고
2023100600100279,2023년 10월 6일 13시,금요일,인천광역시 남동구 만수동,경상사고,0,0,1,0,차대차 - 기타,교차로운행방법위반,건조,맑음,교차로 - 교차로안,승용,여,39세,상해없음,자전거,남,61세,경상
2023100600100318,2023년 10월 6일 14시,금요일,인천광역시 중구 중산동,경상사고,0,0,1,0,차대차 - 정면충돌,신호위반,건조,맑음,교차로 - 교차로안,승용,남,27세,기타불명,승용,여,41세,경상
2023100600100319,2023년 10월 6일 14시,금요일,인천광역시 동구 송림동,경상사고,0,0,1,0,차대차 - 측면충돌,안전운전불이행,건조,맑음,단일로 - 지하차도(도로)내,건설기계,남,71세,상해없음,승용,남,45세,경상
2023100600100320,2023년 10월 6일 14시,금요일,인천광역시 미추홀구 용현동,부상신고사고,0,0,0,1,차대차 - 측면충돌,교차로운행방법위반,건조,맑음,교차로 - 교차로안,승용,여,34세,상해없음,개인형이동수단(PM),여,28세,부상신고
2023100600100321,2023년 10월 6일 14시,금요일,인천광역시 미추홀구 용현동,중상사고,0,1,0,0,차대사람 - 보도통행중,기타,건조,맑음,단일로 - 기타,승합,남,64세,상해없음,보행자,여,90세,중상
2023100600100322,2023년 10월 6일 14시,금요일,인천광역시 부평구 청천동,중상사고,0,1,0,0,차대사람 - 기타,안전운전불이행,건조,맑음,단일로 - 기타,건설기계,남,54세,상해없음,보행자,남,48세,중상
2023100600100353,2023년 10월 6일 15시,금요일,인천광역시 중구 신흥동3가,경상사고,0,0,1,0,차대차 - 측면충돌,안전거리미확보,건조,맑음,단일로 - 지하차도(도로)내,승용,여,45세,상해없음,승용,남,36세,경상
2023100600100355,2023년 10월 6일 15시,금요일,인천광역시 미추홀구 용현동,경상사고,0,0,1,0,차대차 - 측면충돌,안전거리미확보,건조,맑음,기타 - 기타,화물,남,53세,기타불명,승용,남,40세,경상
2023100600100478,2023년 10월 6일 18시,금요일,인천광역시 미추홀구 학익동,경상사고,0,0,1,0,차대차 - 정면충돌,안전운전불이행,건조,맑음,교차로 - 교차로부근,승용,남,35세,상해없음,승용,여,36세,경상
2023100600100479,2023년 10월 6일 18시,금요일,인천광역시 미추홀구 도화동,경상사고,0,0,1,0,차대차 - 측면충돌,안전거리미확보,건조,맑음,단일로 - 기타,승용,남,40세,상해없음,승용,남,38세,경상
2023100600100480,2023년 10월 6일 18시,금요일,인천광역시 미추홀구 학익동,중상사고,0,1,1,0,차대차 - 정면충돌,신호위반,건조,맑음,교차로 - 교차로안,원동기,남,34세,경상,원동기,남,40세,중상
2023100600100518,2023년 10월 6일 19시,금요일,인천광역시 부평구 청천동,사망사고,1,0,2,0,차대차 - 추돌,안전운전불이행,건조,흐림,기타 - 기타,승용,여,47세,상해없음,이륜,남,52세,사망
2023100600100519,2023년 10월 6일 19시,금요일,인천광역시 부평구 갈산동,경상사고,0,0,1,0,차대차 - 측면충돌,안전운전불이행,건조,맑음,교차로 - 교차로부근,승용,여,62세,상해없음,승용,여,30세,상해없음
2023100600100554,2023년 10월 6일 20시,금요일,인천광역시 중구 운서동,중상사고,0,1,0,0,차대차 - 추돌,안전운전불이행,건조,맑음,교차로 - 교차로부근,승용,남,26세,상해없음,이륜,남,43세,중상
2023100600100555,2023년 10월 6일 20시,금요일,인천광역시 부평구 십정동,경상사고,0,0,3,0,차대차 - 추돌,안전운전불이행,건조,맑음,단일로 - 기타,승용,남,18세,상해없음,승용,남,41세,경상
2023100600100556,2023년 10월 6일 20시,금요일,인천광역시 서구 청라동,경상사고,0,0,1,0,차대차 - 측면충돌,신호위반,건조,맑음,교차로 - 교차로안,승용,여,26세,상해없음,승용,남,35세,경상
2023100600100557,2023년 10월 6일 20시,금요일,인천광역시 계양구 계산동,중상사고,0,1,0,0,차대사람 - 횡단중,신호위반,건조,맑음,단일로 - 기타,이륜,남,52세,기타불명,보행자,여,77세,중상
2023100600100558,2023년 10월 6일 20시,금요일,인천광역시 연수구 동춘동,경상사고,0,0,1,0,차대차 - 후진중충돌,안전운전불이행,건조,맑음,교차로 - 교차로부근,승용,남,61세,상해없음,승용,남,43세,경상
2023100600100587,2023년 10월 6일 21시,금요일,인천광역시 남동구 간석동,경상사고,0,0,2,0,차대차 - 측면충돌,안전거리미확보,건조,맑음,단일로 - 지하차도(도로)내,승용,남,25세,상해없음,승용,남,27세,경상
2023100600100588,2023년 10월 6일 21시,금요일,인천광역시 서구 석남동,경상사고,0,0,1,0,차대사람 - 횡단중,안전운전불이행,건조,맑음,단일로 - 기타,승용,남,70세,상해없음,보행자,여,47세,경상
2023100600100615,2023년 10월 6일 22시,금요일,인천광역시 부평구 청천동,경상사고,0,0,1,0,차대사람 - 기타,안전운전불이행,건조,흐림,단일로 - 기타,승용,여,54세,상해없음,보행자,남,35세,경상
2023100700100018,2023년 10월 7일 01시,토요일,인천광역시 중구 용동,부상신고사고,0,0,0,1,차대사람 - 기타,안전운전불이행,건조,맑음,단일로 - 기타,화물,남,47세,상해없음,보행자,남,60세,부상신고
2023100700100037,2023년 10월 7일 03시,토요일,인천광역시 남동구 간석동,경상사고,0,0,1,0,차대차 - 추돌,안전운전불이행,건조,맑음,교차로 - 교차로부근,승용,여,35세,상해없음,이륜,남,45세,경상
2023100700100068,2023년 10월 7일 07시,토요일,인천광역시 서구 원창동,경상사고,0,0,1,0,차대차 - 기타,안전운전불이행,건조,맑음,단일로 - 기타,건설기계,남,70세,상해없음,자전거,남,60세,경상
2023100700100098,2023년 10월 7일 09시,토요일,인천광역시 남동구 간석동,경상사고,0,0,1,0,차대사람 - 길가장자리구역통행중,안전운전불이행,건조,맑음,기타 - 기타,승용,여,63세,상해없음,보행자,남,24세,경상
2023100700100099,2023년 10월 7일 09시,토요일,인천광역시 서구 마전동,중상사고,0,1,0,0,차대차 - 기타,안전거리미확보,건조,맑음,단일로 - 기타,승용,여,58세,상해없음,이륜,남,30세,중상
2023100700100100,2023년 10월 7일 09시,토요일,인천광역시 서구 원당동,경상사고,0,0,1,0,차대사람 - 차도통행중,안전운전불이행,건조,맑음,교차로 - 교차로횡단보도내,승용,남,60세,상해없음,보행자,남,10세,경상
2023100700100101,2023년 10월 7일 09시,토요일,인천광역시 연수구 선학동,중상사고,0,2,0,0,차대차 - 추돌,안전운전불이행,건조,맑음,단일로 - 지하차도(도로)내,자전거,기타불명,미분류,기타불명,자전거,여,65세,중상
2023100700100129,2023년 10월 7일 10시,토요일,인천광역시 계양구 계산동,경상사고,0,0,1,0,차대차 - 측면충돌,안전운전불이행,건조,맑음,교차로 - 교차로부근,승용,남,58세,상해없음,이륜,남,23세,경상
2023100700100158,2023년 10월 7일 11시,토요일,인천광역시 연수구 선학동,중상사고,0,1,0,0,차대사람 - 차도통행중,보행자보호의무위반,건조,맑음,단일로 - 기타,화물,남,59세,상해없음,보행자,여,7세,중상
2023100700100192,2023년 10월 7일 12시,토요일,인천광역시 강화군 화도면,부상신고사고,0,0,0,1,차대차 - 측면충돌,안전운전불이행,건조,맑음,단일로 - 기타,승용,남,37세,상해없음,이륜,남,31세,부상신고
2023100700100193,2023년 10월 7일 12시,토요일,인천광역시 부평구 구산동,경상사고,0,0,2,0,차대차 - 기타,안전운전불이행,건조,맑음,기타 - 기타,승용,여,47세,상해없음,승용,남,57세,경상
2023100700100194,2023년 10월 7일 12시,토요일,인천광역시 계양구 서운동,경상사고,0,0,1,0,차대차 - 측면충돌,안전거리미확보,건조,맑음,단일로 - 기타,화물,남,35세,상해없음,승용,남,46세,경상
2023100700100262,2023년 10월 7일 14시,토요일,인천광역시 부평구 부평동,부상신고사고,0,0,0,1,차대사람 - 기타,안전운전불이행,건조,맑음,단일로 - 기타,승용,여,71세,상해없음,보행자,남,61세,부상신고
2023100700100300,2023년 10월 7일 15시,토요일,인천광역시 서구 마전동,중상사고,0,1,0,0,차대차 - 측면충돌,안전운전불이행,건조,맑음,단일로 - 기타,승용,여,63세,상해없음,이륜,남,44세,중상
2023100700100334,2023년 10월 7일 16시,토요일,인천광역시 서구 석남동,경상사고,0,0,1,0,차대사람 - 기타,안전운전불이행,건조,맑음,단일로 - 기타,개인형이동수단(PM),남,21세,상해없음,보행자,여,62세,경상
2023100700100367,2023년 10월 7일 17시,토요일,인천광역시 미추홀구 문학동,경상사고,0,0,1,0,차대사람 - 횡단중,안전운전불이행,건조,맑음,교차로 - 교차로안,승용,남,41세,상해없음,보행자,남,24세,경상
2023100700100394,2023년 10월 7일 18시,토요일,인천광역시 남동구 만수동,경상사고,0,0,1,0,차대차 - 측면충돌,안전거리미확보,건조,맑음,교차로 - 교차로부근,승용,남,22세,상해없음,승용,남,64세,경상
2023100700100433,2023년 10월 7일 19시,토요일,인천광역시 계양구 계산동,경상사고,0,0,1,0,차대차 - 후진중충돌,안전운전불이행,건조,맑음,단일로 - 기타,화물,남,65세,상해없음,이륜,남,22세,경상
2023100700100434,2023년 10월 7일 19시,토요일,인천광역시 계양구 방축동,경상사고,0,0,1,0,차대차 - 측면충돌,안전운전불이행,건조,맑음,교차로 - 교차로부근,승용,남,68세,상해없음,이륜,남,34세,경상
2023100700100473,2023년 10월 7일 20시,토요일,인천광역시 남동구 만수동,경상사고,0,0,2,0,차대차 - 측면충돌,신호위반,건조,맑음,교차로 - 교차로부근,승용,남,66세,상해없음,이륜,남,43세,경상
2023100700100514,2023년 10월 7일 22시,토요일,인천광역시 미추홀구 학익동,경상사고,0,0,1,0,차대차 - 측면충돌,안전거리미확보,건조,맑음,교차로 - 교차로부근,승용,남,69세,상해없음,승용,남,41세,경상
2023100700100515,2023년 10월 7일 22시,토요일,인천광역시 부평구 삼산동,경상사고,0,0,1,0,차대차 - 정면충돌,중앙선침범,건조,맑음,단일로 - 지하차도(도로)내,승용,남,56세,상해없음,승용,남,54세,경상
2023100700100516,2023년 10월 7일 22시,토요일,인천광역시 부평구 삼산동,중상사고,0,1,1,0,차대차 - 후진중충돌,교차로운행방법위반,건조,맑음,교차로 - 교차로안,승용,남,66세,상해없음,승용,남,26세,경상
2023100800100025,2023년 10월 8일 03시,일요일,인천광역시 부평구 십정동,중상사고,0,1,0,0,차대사람 - 기타,안전운전불이행,건조,맑음,단일로 - 기타,이륜,남,26세,상해없음,보행자,남,42세,중상
2023100800100076,2023년 10월 8일 09시,일요일,인천광역시 남동구 간석동,경상사고,0,0,1,0,차대차 - 측면충돌,안전운전불이행,건조,맑음,단일로 - 기타,승용,남,61세,상해없음,승용,남,71세,경상
2023100800100132,2023년 10월 8일 12시,일요일,인천광역시 남동구 구월동,경상사고,0,0,2,0,차대차 - 측면충돌,신호위반,건조,맑음,교차로 - 교차로부근,승용,여,47세,경상,이륜,남,39세,경상
2023100800100150,2023년 10월 8일 13시,일요일,인천광역시 강화군 길상면,중상사고,0,1,0,0,차대차 - 측면충돌,안전운전불이행,건조,맑음,기타 - 기타,승용,남,70세,기타불명,화물,여,60세,중상
2023100800100151,2023년 10월 8일 13시,일요일,인천광역시 남동구 장수동,경상사고,0,0,1,0,차대차 - 정면충돌,안전운전불이행,건조,맑음,교차로 - 교차로부근,화물,남,67세,상해없음,승용,여,76세,경상
2023100800100176,2023년 10월 8일 14시,일요일,인천광역시 계양구 작전동,경상사고,0,0,1,0,차대차 - 측면충돌,안전운전불이행,건조,맑음,교차로 - 교차로부근,승용,남,82세,상해없음,승용,남,39세,경상
2023100800100318,2023년 10월 8일 20시,일요일,인천광역시 중구 항동2가,경상사고,0,0,3,0,차대차 - 추돌,안전운전불이행,건조,맑음,교차로 - 교차로부근,승용,남,54세,기타불명,기타불명,남,54세,경상
2023100800100337,2023년 10월 8일 21시,일요일,인천광역시 부평구 부평동,경상사고,0,0,1,0,차대사람 - 기타,안전운전불이행,건조,맑음,교차로 - 교차로안,승용,남,63세,상해없음,보행자,여,31세,경상
2023100900100022,2023년 10월 9일 01시,월요일,인천광역시 미추홀구 용현동,경상사고,0,0,1,0,차대차 - 측면충돌,신호위반,건조,맑음,교차로 - 교차로안,승용,남,45세,상해없음,이륜,남,26세,경상
2023100900100095,2023년 10월 9일 09시,월요일,인천광역시 부평구 갈산동,경상사고,0,0,1,0,차대차 - 기타,안전운전불이행,기타,기타,단일로 - 기타,승용,여,70세,상해없음,승용,남,40세,경상
2023100900100172,2023년 10월 9일 12시,월요일,인천광역시 중구 운서동,경상사고,0,0,1,0,차대차 - 기타,안전운전불이행,건조,맑음,단일로 - 지하차도(도로)내,자전거,여,41세,상해없음,자전거,남,69세,경상
2023100900100197,2023년 10월 9일 13시,월요일,인천광역시 남동구 서창동,경상사고,0,0,1,0,차대차 - 측면충돌,안전운전불이행,건조,맑음,교차로 - 교차로횡단보도내,승용,남,57세,상해없음,자전거,여,8세,경상
2023100900100245,2023년 10월 9일 15시,월요일,인천광역시 중구 중산동,경상사고,0,0,1,0,차대차 - 측면충돌,안전운전불이행,건조,맑음,교차로 - 교차로안,승용,남,23세,상해없음,승용,남,31세,경상
2023100900100295,2023년 10월 9일 17시,월요일,인천광역시 남동구 구월동,경상사고,0,0,1,0,차대차 - 측면충돌,안전거리미확보,건조,맑음,단일로 - 지하차도(도로)내,승용,남,66세,상해없음,승합,남,46세,경상
2023100900100296,2023년 10월 9일 17시,월요일,인천광역시 계양구 동양동,경상사고,0,0,2,0,차대차 - 측면충돌,직진우회전진행방해,건조,맑음,교차로 - 교차로안,승용,남,29세,상해없음,승합,남,49세,경상
2023100900100335,2023년 10월 9일 18시,월요일,인천광역시 서구 가좌동,경상사고,0,0,1,0,차대사람 - 횡단중,보행자보호의무위반,건조,맑음,교차로 - 교차로부근,승용,남,57세,상해없음,보행자,여,40세,경상
2023100900100384,2023년 10월 9일 20시,월요일,인천광역시 남동구 논현동,경상사고,0,0,2,0,차대차 - 추돌,안전운전불이행,건조,맑음,교차로 - 교차로부근,승용,남,61세,상해없음,승용,남,41세,경상
2023100900100407,2023년 10월 9일 21시,월요일,인천광역시 미추홀구 도화동,경상사고,0,0,1,0,차대차 - 기타,안전운전불이행,건조,맑음,기타 - 기타,기타불명,기타불명,미분류,기타불명,이륜,남,57세,경상
2023100900100408,2023년 10월 9일 21시,월요일,인천광역시 서구 연희동,경상사고,0,0,1,0,차대차 - 측면충돌,안전운전불이행,건조,맑음,교차로 - 교차로안,승용,여,37세,상해없음,승용,남,65세,경상
2023101000100027,2023년 10월 10일 05시,화요일,인천광역시 미추홀구 도화동,중상사고,0,1,0,0,차대사람 - 기타,안전운전불이행,건조,맑음,단일로 - 기타,승용,남,63세,상해없음,보행자,여,22세,중상
2023101000100028,2023년 10월 10일 05시,화요일,인천광역시 부평구 삼산동,경상사고,0,0,1,0,차대차 - 추돌,안전운전불이행,건조,맑음,단일로 - 기타,화물,남,51세,상해없음,승용,남,59세,경상
2023101000100070,2023년 10월 10일 07시,화요일,인천광역시 중구 운북동,중상사고,0,1,0,0,차대차 - 측면충돌,안전운전불이행,건조,맑음,교차로 - 교차로부근,승용,여,56세,상해없음,자전거,남,68세,중상
2023101000100071,2023년 10월 10일 07시,화요일,인천광역시 부평구 산곡동,경상사고,0,0,1,0,차대차 - 측면충돌,안전운전불이행,건조,맑음,단일로 - 기타,승용,여,56세,상해없음,승용,남,30세,경상
2023101000100072,2023년 10월 10일 07시,화요일,인천광역시 서구 청라동,경상사고,0,0,1,0,차량단독 - 기타,안전운전불이행,건조,맑음,단일로 - 기타,승합,남,53세,상해없음,,,,
2023101000100073,2023년 10월 10일 07시,화요일,인천광역시 부평구 일신동,경상사고,0,0,1,0,차대차 - 측면충돌,안전거리미확보,건조,맑음,단일로 - 기타,화물,남,56세,상해없음,승용,여,32세,경상
2023101000100074,2023년 10월 10일 07시,화요일,인천광역시 서구 청라동,사망사고,1,0,0,0,차량단독 - 전도전복 - 전도,안전운전불이행,건조,맑음,단일로 - 교량,특수,남,56세,사망,,,,
2023101000100122,2023년 10월 10일 08시,화요일,인천광역시 서구 검암동,경상사고,0,0,1,0,차대차 - 측면충돌,안전운전불이행,건조,맑음,교차로 - 교차로횡단보도내,승용,남,30세,상해없음,개인형이동수단(PM),여,27세,경상
2023101000100123,2023년 10월 10일 08시,화요일,인천광역시 서구 경서동,경상사고,0,0,1,0,차대차 - 기타,안전운전불이행,건조,맑음,단일로 - 터널,화물,남,78세,상해없음,화물,남,60세,경상
2023101000100246,2023년 10월 10일 11시,화요일,인천광역시 서구 백석동,부상신고사고,0,0,0,1,차량단독 - 기타,안전운전불이행,건조,맑음,단일로 - 고가도로위,자전거,남,31세,부상신고,,,,