사고번호,사고일시,요일,시군구,사고내용,사망자수,중상자수,경상자수,부상신고자수,사고유형,법규위반,노면상태,기상상태,도로형태,가해운전자 차종,가해운전자 성별,가해운전자 연령,가해운전자 상해정도,피해운전자 차종,피해운전자 성별,피해운전자 연령,피해운전자 상해정도
2023101600100119,2023년 10월 16일 08시,월요일,인천광역시 계양구 작전동,경상사고,0,0,1,0,차대차 - 추돌,안전운전불이행,건조,맑음,교차로 - 교차로부근,승용,남,64세,상해없음,승용,여,59세,경상
2023101600100120,2023년 10월 16일 08시,월요일,인천광역시 계양구 작전동,경상사고,0,0,2,0,차대차 - 정면충돌,안전운전불이행,건조,맑음,단일로 - 기타,자전거,남,14세,상해없음,승용,남,50세,경상
2023101600100160,2023년 10월 16일 09시,월요일,인천광역시 계양구 임학동,중상사고,0,1,0,0,차대차 - 추돌,차로위반,건조,맑음,단일로 - 기타,승용,여,69세,상해없음,승용,남,54세,중상
2023101600100161,2023년 10월 16일 09시,월요일,인천광역시 계양구 서운동,경상사고,0,0,5,0,차대차 - 측면충돌,안전운전불이행,건조,맑음,교차로 - 교차로안,승용,여,38세,경상,승용,남,38세,경상
2023101600100162,2023년 10월 16일 09시,월요일,인천광역시 부평구 삼산동,경상사고,0,0,1,0,차대차 - 기타,안전운전불이행,건조,맑음,기타 - 기타,승용,여,36세,상해없음,자전거,남,71세,경상
2023101600100233,2023년 10월 16일 11시,월요일,인천광역시 미추홀구 숭의동,경상사고,0,0,1,0,차대차 - 측면충돌,안전운전불이행,건조,맑음,교차로 - 교차로안,화물,남,34세,상해없음,화물,남,48세,경상
2023101600100305,2023년 10월 16일 13시,월요일,인천광역시 서구 검암동,경상사고,0,0,1,0,차대차 - 추돌,안전운전불이행,건조,맑음,기타 - 기타,승합,남,62세,상해없음,승용,남,46세,상해없음
2023101600100306,2023년 10월 16일 13시,월요일,인천광역시 계양구 효성동,경상사고,0,0,1,0,차대차 - 측면충돌,안전운전불이행,건조,맑음,교차로 - 교차로안,화물,남,32세,상해없음,화물,남,55세,경상
2023101600100339,2023년 10월 16일 14시,월요일,인천광역시 남동구 서창동,중상사고,0,1,0,0,차대사람 - 횡단중,보행자보호의무위반,건조,맑음,교차로 - 교차로횡단보도내,승용,여,64세,상해없음,보행자,남,10세,중상
2023101600100382,2023년 10월 16일 15시,월요일,인천광역시 연수구 청학동,경상사고,0,0,1,0,차대차 - 기타,안전운전불이행,건조,맑음,교차로 - 교차로부근,승용,남,23세,상해없음,승합,남,43세,경상
2023101600100545,2023년 10월 16일 18시,월요일,인천광역시 옹진군 영흥면,경상사고,0,0,1,0,차대사람 - 차도통행중,안전운전불이행,건조,맑음,단일로 - 기타,승용,남,21세,상해없음,보행자,남,73세,경상
2023101600100546,2023년 10월 16일 18시,월요일,인천광역시 서구 가정동,경상사고,0,0,1,0,차대차 - 추돌,안전운전불이행,건조,맑음,기타 - 기타,특수,여,37세,상해없음,자전거,남,73세,경상
2023101600100575,2023년 10월 16일 19시,월요일,인천광역시 중구 신흥동3가,경상사고,0,0,1,0,차대차 - 측면충돌,안전거리미확보,건조,맑음,단일로 - 기타,화물,남,55세,기타불명,화물,남,62세,경상
2023101600100576,2023년 10월 16일 19시,월요일,인천광역시 연수구 동춘동,경상사고,0,0,1,0,차대차 - 추돌,안전운전불이행,건조,맑음,교차로 - 교차로부근,승용,여,41세,상해없음,승용,여,42세,경상
2023101600100602,2023년 10월 16일 20시,월요일,인천광역시 서구 원당동,경상사고,0,0,1,0,차대차 - 측면충돌,안전거리미확보,건조,맑음,단일로 - 기타,승용,여,54세,상해없음,승용,남,70세,경상
2023101600100619,2023년 10월 16일 21시,월요일,인천광역시 연수구 동춘동,중상사고,0,1,0,0,차대사람 - 차도통행중,안전운전불이행,건조,맑음,단일로 - 기타,승용,남,67세,상해없음,보행자,남,35세,중상
2023101600100620,2023년 10월 16일 21시,월요일,인천광역시 연수구 청학동,경상사고,0,0,1,0,차대차 - 측면충돌,안전거리미확보,건조,맑음,단일로 - 기타,승용,여,33세,상해없음,승용,남,48세,경상
2023101600100631,2023년 10월 16일 22시,월요일,인천광역시 부평구 부평동,경상사고,0,0,1,0,차대차 - 추돌,안전운전불이행,건조,맑음,기타 - 기타,승용,여,26세,상해없음,승용,남,23세,경상
2023101700100046,2023년 10월 17일 06시,화요일,인천광역시 중구 송월동1가,경상사고,0,0,1,0,차대사람 - 기타,안전운전불이행,기타,기타,단일로 - 기타,승용,남,61세,상해없음,보행자,여,82세,경상
2023101700100076,2023년 10월 17일 07시,화요일,인천광역시 부평구 부평동,경상사고,0,0,1,0,차량단독 - 기타,기타,건조,맑음,미분류 - 미분류,승합,남,62세,상해없음,,,,
2023101700100077,2023년 10월 17일 07시,화요일,인천광역시 남동구 구월동,경상사고,0,0,1,0,차대차 - 측면충돌,안전운전불이행,건조,맑음,단일로 - 기타,승용,여,24세,상해없음,승용,여,53세,경상
2023101700100078,2023년 10월 17일 07시,화요일,인천광역시 서구 가좌동,경상사고,0,0,1,0,차대사람 - 기타,안전운전불이행,적설,맑음,기타 - 기타,기타불명,남,미분류,기타불명,보행자,여,28세,경상
2023101700100079,2023년 10월 17일 07시,화요일,인천광역시 남동구 남촌동,경상사고,0,0,1,0,차대차 - 추돌,안전운전불이행,건조,맑음,교차로 - 교차로부근,승용,남,57세,상해없음,승용,여,31세,경상
2023101700100080,2023년 10월 17일 07시,화요일,인천광역시 남동구 고잔동,경상사고,0,0,1,0,차대차 - 측면충돌,안전거리미확보,건조,맑음,단일로 - 기타,화물,남,68세,상해없음,승용,남,38세,경상
2023101700100081,2023년 10월 17일 07시,화요일,인천광역시 남동구 남촌동,경상사고,0,0,1,0,차대차 - 추돌,안전운전불이행,건조,맑음,단일로 - 지하차도(도로)내,승용,남,57세,상해없음,승합,남,49세,경상
2023101700100082,2023년 10월 17일 07시,화요일,인천광역시 부평구 일신동,경상사고,0,0,1,0,차대차 - 추돌,안전운전불이행,건조,맑음,단일로 - 기타,승용,여,34세,상해없음,승용,여,36세,경상
2023101700100130,2023년 10월 17일 08시,화요일,인천광역시 미추홀구 도화동,경상사고,0,0,1,0,차대차 - 기타,안전운전불이행,건조,맑음,교차로 - 교차로안,화물,남,55세,상해없음,승용,여,52세,경상
2023101700100131,2023년 10월 17일 08시,화요일,인천광역시 남동구 만수동,경상사고,0,0,1,0,차대사람 - 횡단중,안전운전불이행,건조,맑음,단일로 - 지하차도(도로)내,승용,남,52세,상해없음,보행자,여,54세,경상
2023101700100132,2023년 10월 17일 08시,화요일,인천광역시 남동구 남촌동,경상사고,0,0,3,0,차대차 - 측면충돌,안전거리미확보,건조,맑음,교차로 - 교차로부근,승용,남,58세,상해없음,승합,남,57세,상해없음
2023101700100171,2023년 10월 17일 09시,화요일,인천광역시 서구 검암동,경상사고,0,0,2,0,차대차 - 기타,안전거리미확보,건조,맑음,단일로 - 기타,승용,남,32세,상해없음,승합,남,43세,경상
2023101700100172,2023년 10월 17일 09시,화요일,인천광역시 동구 금곡동,경상사고,0,0,1,0,차대차 - 기타,차로위반,건조,맑음,단일로 - 터널,화물,남,54세,기타불명,승용,남,49세,경상
2023101700100213,2023년 10월 17일 10시,화요일,인천광역시 미추홀구 주안동,부상신고사고,0,0,0,1,차대차 - 측면충돌,안전거리미확보,건조,맑음,교차로 - 교차로안,이륜,남,46세,부상신고,승용,여,35세,상해없음
2023101700100253,2023년 10월 17일 11시,화요일,인천광역시 계양구 귤현동,경상사고,0,0,1,0,차대차 - 추돌,안전거리미확보,건조,맑음,단일로 - 교량,승용,남,40세,상해없음,화물,여,57세,경상
2023101700100292,2023년 10월 17일 12시,화요일,인천광역시 부평구 부평동,경상사고,0,0,1,0,차대사람 - 길가장자리구역통행중,안전운전불이행,건조,맑음,교차로 - 교차로부근,승용,남,76세,상해없음,보행자,여,45세,경상
2023101700100293,2023년 10월 17일 12시,화요일,인천광역시 서구 연희동,경상사고,0,0,1,0,차대차 - 측면충돌,안전거리미확보,건조,맑음,기타 - 기타,건설기계,남,47세,상해없음,승용,여,38세,경상
2023101700100294,2023년 10월 17일 12시,화요일,인천광역시 연수구 옥련동,중상사고,0,1,0,0,차대차 - 후진중충돌,안전운전불이행,건조,맑음,단일로 - 기타,승용,남,74세,상해없음,승용,남,30세,중상
2023101700100295,2023년 10월 17일 12시,화요일,인천광역시 부평구 부평동,경상사고,0,0,1,0,차대차 - 후진중충돌,안전운전불이행,건조,맑음,교차로 - 교차로안,승용,남,32세,상해없음,자전거,여,59세,경상
2023101700100326,2023년 10월 17일 13시,화요일,인천광역시 남동구 간석동,경상사고,0,0,2,0,차대차 - 측면충돌,안전운전불이행,건조,맑음,교차로 - 교차로안,이륜,남,32세,경상,이륜,남,31세,경상
2023101700100367,2023년 10월 17일 14시,화요일,인천광역시 미추홀구 주안동,경상사고,0,0,1,0,차대사람 - 기타,안전운전불이행,건조,맑음,교차로 - 교차로부근,승용,여,31세,상해없음,보행자,남,70세,경상
2023101700100368,2023년 10월 17일 14시,화요일,인천광역시 연수구 송도동,중상사고,0,1,0,0,차대차 - 측면충돌,교차로운행방법위반,건조,맑음,교차로 - 교차로안,승용,여,31세,상해없음,승용,남,31세,중상
2023101700100406,2023년 10월 17일 15시,화요일,인천광역시 남동구 구월동,경상사고,0,0,1,0,차대차 - 측면충돌,안전운전불이행,건조,맑음,기타 - 기타,화물,남,46세,상해없음,승용,남,58세,경상
2023101700100407,2023년 10월 17일 15시,화요일,인천광역시 계양구 동양동,경상사고,0,0,5,0,차대차 - 기타,안전운전불이행,건조,맑음,교차로 - 교차로부근,이륜,남,30세,기타불명,승용,남,44세,경상
2023101700100457,2023년 10월 17일 16시,화요일,인천광역시 미추홀구 주안동,경상사고,0,0,1,0,차대차 - 측면충돌,안전운전불이행,건조,맑음,교차로 - 교차로안,승용,남,52세,상해없음,승용,남,57세,경상
2023101700100458,2023년 10월 17일 16시,화요일,인천광역시 부평구 청천동,경상사고,0,0,1,0,차대차 - 추돌,안전운전불이행,건조,맑음,단일로 - 기타,화물,남,24세,상해없음,승용,남,34세,경상
2023101700100459,2023년 10월 17일 16시,화요일,인천광역시 서구 불로동,경상사고,0,0,2,0,차대차 - 측면충돌,안전운전불이행,건조,맑음,단일로 - 기타,승합,남,47세,경상,승용,여,40세,경상
2023101700100559,2023년 10월 17일 18시,화요일,인천광역시 미추홀구 주안동,경상사고,0,0,1,0,차대차 - 기타,신호위반,건조,맑음,교차로 - 교차로안,승용,여,32세,상해없음,화물,남,58세,상해없음
2023101700100560,2023년 10월 17일 18시,화요일,인천광역시 서구 석남동,경상사고,0,0,1,0,차대차 - 기타,안전운전불이행,건조,맑음,교차로 - 교차로부근,승용,여,33세,상해없음,이륜,남,24세,경상
2023101700100634,2023년 10월 17일 20시,화요일,인천광역시 미추홀구 용현동,경상사고,0,0,1,0,차대차 - 측면충돌,안전거리미확보,건조,맑음,단일로 - 기타,승용,여,45세,상해없음,승용,남,57세,경상
2023101700100658,2023년 10월 17일 21시,화요일,인천광역시 서구 석남동,경상사고,0,0,3,0,차대차 - 후진중충돌,안전운전불이행,건조,맑음,기타 - 기타,승용,여,36세,상해없음,승용,남,40세,경상
2023101700100659,2023년 10월 17일 21시,화요일,인천광역시 강화군 강화읍,경상사고,0,0,1,0,차대차 - 측면충돌,안전운전불이행,건조,맑음,교차로 - 교차로부근,승용,남,24세,상해없음,승용,남,58세,경상
2023101700100676,2023년 10월 17일 22시,화요일,인천광역시 남동구 간석동,경상사고,0,0,1,0,차대차 - 추돌,안전운전불이행,건조,맑음,주차장 - 주차장,승용,남,53세,상해없음,승용,여,29세,경상
2023101700100687,2023년 10월 17일 23시,화요일,인천광역시 미추홀구 관교동,경상사고,0,0,1,0,차대차 - 측면충돌,신호위반,건조,맑음,교차로 - 교차로부근,승용,남,51세,상해없음,이륜,남,37세,경상
2023101800100027,2023년 10월 18일 04시,수요일,인천광역시 서구 오류동,경상사고,0,0,1,0,차대차 - 측면충돌,신호위반,건조,맑음,교차로 - 교차로안,승합,남,57세,상해없음,승용,여,62세,경상
2023101800100043,2023년 10월 18일 05시,수요일,인천광역시 연수구 선학동,경상사고,0,0,3,0,차대차 - 추돌,안전운전불이행,건조,맑음,단일로 - 기타,승용,남,44세,상해없음,승합,남,39세,경상
2023101800100131,2023년 10월 18일 08시,수요일,인천광역시 남동구 만수동,경상사고,0,0,1,0,차대차 - 측면충돌,교차로운행방법위반,건조,맑음,교차로 - 교차로안,승용,여,38세,상해없음,승용,여,31세,경상
2023101800100353,2023년 10월 18일 14시,수요일,인천광역시 서구 경서동,경상사고,0,0,1,0,차대차 - 정면충돌,신호위반,건조,맑음,교차로 - 교차로안,승용,남,64세,상해없음,화물,남,68세,경상
2023101800100390,2023년 10월 18일 15시,수요일,인천광역시 남동구 장수동,경상사고,0,0,2,0,차대차 - 측면충돌,교차로운행방법위반,건조,맑음,교차로 - 교차로부근,승용,남,61세,상해없음,승용,여,21세,경상
2023101800100431,2023년 10월 18일 16시,수요일,인천광역시 남동구 구월동,경상사고,0,0,1,0,차대차 - 측면충돌,신호위반,건조,맑음,교차로 - 교차로안,승용,남,54세,상해없음,승용,남,43세,경상
2023101800100432,2023년 10월 18일 16시,수요일,인천광역시 서구 오류동,중상사고,0,1,1,0,차대차 - 기타,안전운전불이행,건조,맑음,교차로 - 교차로안,승용,여,72세,중상,승용,남,40세,경상
2023101800100478,2023년 10월 18일 17시,수요일,인천광역시 중구 운남동,경상사고,0,0,1,0,차량단독 - 기타,안전운전불이행,건조,맑음,단일로 - 지하차도(도로)내,승합,남,41세,상해없음,,,,
2023101800100531,2023년 10월 18일 18시,수요일,인천광역시 서구 청라동,경상사고,0,0,1,0,차대차 - 기타,교차로운행방법위반,건조,맑음,교차로 - 교차로안,이륜,남,40세,상해없음,승용,남,33세,경상
2023101800100570,2023년 10월 18일 19시,수요일,인천광역시 미추홀구 용현동,경상사고,0,0,3,0,차대차 - 측면충돌,안전운전불이행,건조,맑음,단일로 - 기타,승용,남,45세,상해없음,승합,남,43세,경상
2023101800100571,2023년 10월 18일 19시,수요일,인천광역시 서구 가정동,경상사고,0,0,1,0,차대차 - 측면충돌,안전운전불이행,건조,맑음,단일로 - 기타,승용,남,35세,상해없음,승용,여,67세,경상
2023101800100604,2023년 10월 18일 20시,수요일,인천광역시 미추홀구 주안동,경상사고,0,0,1,0,차대사람 - 차도통행중,안전운전불이행,건조,맑음,교차로 - 교차로부근,승용,남,60세,상해없음,보행자,남,18세,경상
2023101800100605,2023년 10월 18일 20시,수요일,인천광역시 부평구 구산동,경상사고,0,0,1,0,차대차 - 추돌,안전운전불이행,건조,맑음,교차로 - 교차로부근,승용,여,77세,상해없음,건설기계,남,26세,경상
2023101800100660,2023년 10월 18일 23시,수요일,인천광역시 계양구 작전동,경상사고,0,0,1,0,차대차 - 측면충돌,안전운전불이행,건조,맑음,교차로 - 교차로부근,승합,남,69세,상해없음,승용,여,32세,경상
2023101900100007,2023년 10월 19일 00시,목요일,인천광역시 남동구 구월동,경상사고,0,0,1,0,차대차 - 정면충돌,신호위반,건조,맑음,교차로 - 교차로안,승용,남,27세,상해없음,승용,여,39세,경상
2023101900100012,2023년 10월 19일 01시,목요일,인천광역시 미추홀구 주안동,중상사고,0,1,0,0,차대사람 - 기타,기타,건조,맑음,단일로 - 기타,승용,남,38세,상해없음,보행자,남,58세,중상
2023101900100018,2023년 10월 19일 02시,목요일,인천광역시 부평구 십정동,부상신고사고,0,0,0,1,차대사람 - 횡단중,보행자보호의무위반,건조,흐림,단일로 - 기타,승용,남,20세,상해없음,보행자,남,27세,부상신고
2023101900100037,2023년 10월 19일 05시,목요일,인천광역시 중구 신흥동3가,경상사고,0,0,1,0,차대차 - 추돌,안전운전불이행,건조,맑음,교차로 - 교차로부근,승용,남,53세,상해없음,승용,여,63세,경상
2023101900100038,2023년 10월 19일 05시,목요일,인천광역시 미추홀구 학익동,경상사고,0,0,1,0,차대차 - 추돌,안전거리미확보,건조,맑음,교차로 - 교차로부근,승용,남,46세,상해없음,승용,남,36세,경상
2023101900100051,2023년 10월 19일 06시,목요일,인천광역시 남동구 구월동,경상사고,0,0,1,0,차대차 - 추돌,안전운전불이행,건조,맑음,단일로 - 기타,승용,남,41세,상해없음,승용,남,59세,경상
2023101900100052,2023년 10월 19일 06시,목요일,인천광역시 남동구 만수동,경상사고,0,0,1,0,차대차 - 기타,안전운전불이행,건조,맑음,교차로 - 교차로부근,기타불명,기타불명,미분류,기타불명,승합,남,43세,경상
2023101900100116,2023년 10월 19일 08시,목요일,인천광역시 중구 신흥동3가,경상사고,0,0,1,0,차대차 - 측면충돌,안전운전불이행,젖음/습기,비,단일로 - 기타,승용,여,35세,상해없음,승용,남,23세,경상
2023101900100117,2023년 10월 19일 08시,목요일,인천광역시 서구 석남동,중상사고,0,1,0,0,차대사람 - 횡단중,보행자보호의무위반,건조,맑음,단일로 - 기타,승용,남,61세,상해없음,보행자,여,37세,중상
2023101900100216,2023년 10월 19일 11시,목요일,인천광역시 옹진군 백령면,중상사고,0,1,0,0,차대사람 - 기타,안전운전불이행,건조,맑음,단일로 - 기타,화물,남,55세,상해없음,보행자,여,62세,중상
2023101900100250,2023년 10월 19일 12시,목요일,인천광역시 남동구 간석동,경상사고,0,0,1,0,차대사람 - 기타,안전운전불이행,건조,맑음,기타 - 기타,승용,남,57세,기타불명,보행자,남,30세,경상
2023101900100269,2023년 10월 19일 13시,목요일,인천광역시 중구 신흥동3가,경상사고,0,0,1,0,차대차 - 추돌,차로위반,기타,맑음,기타 - 기타,화물,남,50세,상해없음,특수,남,56세,경상
2023101900100270,2023년 10월 19일 13시,목요일,인천광역시 강화군 선원면,중상사고,0,1,0,0,차대차 - 측면충돌,신호위반,건조,흐림,교차로 - 교차로안,승용,남,78세,상해없음,이륜,남,22세,중상
2023101900100373,2023년 10월 19일 16시,목요일,인천광역시 강화군 내가면,부상신고사고,0,0,0,1,차대차 - 추돌,안전운전불이행,건조,맑음,단일로 - 지하차도(도로)내,화물,남,57세,상해없음,자전거,남,68세,부상신고
2023101900100417,2023년 10월 19일 17시,목요일,인천광역시 미추홀구 숭의동,경상사고,0,0,1,0,차대차 - 추돌,안전운전불이행,건조,맑음,교차로 - 교차로안,승용,남,53세,상해없음,승용,여,44세,경상
2023101900100418,2023년 10월 19일 17시,목요일,인천광역시 남동구 만수동,경상사고,0,0,1,0,차대차 - 측면충돌,안전운전불이행,건조,맑음,단일로 - 기타,화물,남,50세,상해없음,승용,여,35세,경상
2023101900100458,2023년 10월 19일 18시,목요일,인천광역시 부평구 산곡동,중상사고,0,1,1,0,차대차 - 기타,신호위반,건조,맑음,교차로 - 교차로안,이륜,남,32세,중상,자전거,남,13세,경상
2023101900100459,2023년 10월 19일 18시,목요일,인천광역시 강화군 양도면,사망사고,1,1,0,0,차대차 - 정면충돌,안전운전불이행,건조,맑음,단일로 - 지하차도(도로)내,승용,여,66세,사망,승합,남,44세,상해없음
2023101900100501,2023년 10월 19일 19시,목요일,인천광역시 미추홀구 문학동,경상사고,0,0,2,0,차대차 - 측면충돌,안전운전불이행,건조,맑음,단일로 - 기타,승용,여,40세,상해없음,승용,남,68세,경상
2023101900100502,2023년 10월 19일 19시,목요일,인천광역시 남동구 구월동,경상사고,0,0,1,0,차대사람 - 횡단중,보행자보호의무위반,건조,맑음,단일로 - 기타,승용,남,60세,상해없음,보행자,여,38세,경상
2023101900100503,2023년 10월 19일 19시,목요일,인천광역시 연수구 옥련동,경상사고,0,0,1,0,차대차 - 측면충돌,안전운전불이행,건조,맑음,교차로 - 교차로안,승용,남,60세,경상,승용,남,43세,상해없음
2023101900100504,2023년 10월 19일 19시,목요일,인천광역시 계양구 서운동,경상사고,0,0,1,0,차대차 - 측면충돌,안전거리미확보,건조,맑음,단일로 - 교량,승합,남,64세,상해없음,승용,남,53세,경상
2023101900100539,2023년 10월 19일 20시,목요일,인천광역시 남동구 논현동,중상사고,0,1,0,0,차대차 - 측면충돌,신호위반,건조,맑음,교차로 - 교차로안,승용,남,52세,상해없음,승용,여,54세,중상
2023102000100081,2023년 10월 20일 07시,금요일,인천광역시 서구 가정동,경상사고,0,0,1,0,차량단독 - 기타,안전운전불이행,건조,맑음,단일로 - 기타,승합,남,68세,상해없음,,,,
2023102000100082,2023년 10월 20일 07시,금요일,인천광역시 연수구 동춘동,경상사고,0,0,1,0,차량단독 - 기타,기타,건조,맑음,단일로 - 기타,승합,남,62세,상해없음,,,,
2023102000100134,2023년 10월 20일 08시,금요일,인천광역시 중구 운서동,중상사고,0,1,0,1,차대차 - 정면충돌,안전운전불이행,건조,맑음,단일로 - 기타,자전거,남,16세,부상신고,자전거,남,70세,중상
2023102000100136,2023년 10월 20일 08시,금요일,인천광역시 강화군 강화읍,중상사고,0,1,0,0,차대사람 - 횡단중,보행자보호의무위반,건조,맑음,교차로 - 교차로부근,승용,남,38세,상해없음,보행자,여,49세,중상
2023102000100137,2023년 10월 20일 08시,금요일,인천광역시 남동구 고잔동,중상사고,0,1,0,0,차대사람 - 횡단중,안전운전불이행,건조,맑음,교차로 - 교차로안,승용,여,45세,상해없음,보행자,여,55세,중상
2023102000100237,2023년 10월 20일 11시,금요일,인천광역시 강화군 불은면,중상사고,0,1,0,0,차대차 - 기타,안전운전불이행,건조,맑음,단일로 - 기타,화물,여,40세,상해없음,이륜,남,76세,중상
2023102000100286,2023년 10월 20일 12시,금요일,인천광역시 남동구 구월동,경상사고,0,0,1,0,차대차 - 추돌,안전운전불이행,건조,맑음,교차로 - 교차로부근,승용,여,38세,상해없음,승용,여,53세,경상
2023102000100326,2023년 10월 20일 13시,금요일,인천광역시 미추홀구 용현동,경상사고,0,0,1,0,차대차 - 측면충돌,안전운전불이행,건조,맑음,교차로 - 교차로횡단보도내,승용,남,43세,상해없음,이륜,남,19세,경상
2023102000100327,2023년 10월 20일 13시,금요일,인천광역시 부평구 삼산동,경상사고,0,0,1,0,차대차 - 측면충돌,안전운전불이행,건조,맑음,교차로 - 교차로부근,화물,남,60세,상해없음,승합,남,63세,상해없음
2023102000100414,2023년 10월 20일 15시,금요일,인천광역시 계양구 효성동,경상사고,0,0,1,0,차대차 - 측면충돌,안전운전불이행,건조,맑음,교차로 - 교차로안,개인형이동수단(PM),여,63세,상해없음,이륜,남,36세,경상
2023102000100415,2023년 10월 20일 15시,금요일,인천광역시 연수구 옥련동,경상사고,0,0,1,0,차대차 - 추돌,안전운전불이행,건조,맑음,단일로 - 지하차도(도로)내,승용,남,26세,상해없음,승용,남,30세,상해없음
2023102000100478,2023년 10월 20일 16시,금요일,인천광역시 미추홀구 용현동,중상사고,0,1,0,0,차대사람 - 횡단중,안전운전불이행,건조,맑음,단일로 - 기타,승합,남,55세,상해없음,보행자,여,80세,중상
2023102000100479,2023년 10월 20일 16시,금요일,인천광역시 부평구 십정동,경상사고,0,0,2,0,차대차 - 후진중충돌,안전운전불이행,건조,맑음,단일로 - 기타,승합,남,41세,상해없음,승용,남,30세,경상
2023102000100480,2023년 10월 20일 16시,금요일,인천광역시 서구 불로동,경상사고,0,0,1,0,차대차 - 추돌,안전운전불이행,건조,맑음,기타 - 기타,승용,여,58세,상해없음,화물,남,56세,경상
2023102000100481,2023년 10월 20일 16시,금요일,인천광역시 강화군 하점면,중상사고,0,2,0,0,차대차 - 추돌,안전운전불이행,건조,맑음,단일로 - 기타,승용,남,66세,상해없음,농기계,남,86세,중상
2023102000100482,2023년 10월 20일 16시,금요일,인천광역시 서구 시천동,중상사고,0,2,1,0,차대차 - 추돌,안전운전불이행,건조,맑음,단일로 - 기타,건설기계,남,33세,상해없음,화물,남,48세,중상
2023102000100539,2023년 10월 20일 17시,금요일,인천광역시 동구 만석동,중상사고,0,1,0,0,차대차 - 측면충돌,안전운전불이행,건조,맑음,교차로 - 교차로안,이륜,남,27세,기타불명,승용,남,36세,중상
2023102000100540,2023년 10월 20일 17시,금요일,인천광역시 중구 운서동,경상사고,0,0,2,0,차대차 - 측면충돌,기타,건조,맑음,교차로 - 교차로안,승용,남,34세,경상,승합,남,58세,경상
2023102000100541,2023년 10월 20일 17시,금요일,인천광역시 부평구 산곡동,경상사고,0,0,1,0,차대차 - 측면충돌,안전운전불이행,건조,맑음,교차로 - 교차로안,승용,남,71세,상해없음,승용,남,66세,경상
2023102000100542,2023년 10월 20일 17시,금요일,인천광역시 서구 가정동,경상사고,0,0,1,0,차대차 - 측면충돌,보행자보호의무위반,건조,맑음,교차로 - 교차로횡단보도내,승용,여,60세,상해없음,자전거,남,9세,경상
2023102000100609,2023년 10월 20일 18시,금요일,인천광역시 부평구 청천동,경상사고,0,0,1,0,차대차 - 측면충돌,안전운전불이행,건조,맑음,교차로 - 교차로안,승용,여,59세,상해없음,승용,남,40세,경상
2023102000100610,2023년 10월 20일 18시,금요일,인천광역시 서구 원당동,경상사고,0,0,1,0,차대차 - 추돌,안전운전불이행,건조,맑음,교차로 - 교차로부근,이륜,남,15세,상해없음,승용,남,28세,경상
2023102000100611,2023년 10월 20일 18시,금요일,인천광역시 서구 가좌동,경상사고,0,0,1,0,차대차 - 측면충돌,안전운전불이행,건조,맑음,교차로 - 교차로안,승용,여,53세,상해없음,이륜,남,30세,경상
2023102000100612,2023년 10월 20일 18시,금요일,인천광역시 부평구 부평동,경상사고,0,0,1,0,차대차 - 측면충돌,안전거리미확보,건조,맑음,교차로 - 교차로부근,승용,여,36세,상해없음,승용,남,41세,경상
2023102000100658,2023년 10월 20일 19시,금요일,인천광역시 미추홀구 숭의동,경상사고,0,0,1,0,차대사람 - 기타,안전운전불이행,건조,맑음,교차로 - 교차로안,화물,남,43세,상해없음,보행자,남,58세,경상
2023102000100659,2023년 10월 20일 19시,금요일,인천광역시 서구 가좌동,중상사고,0,1,0,0,차대사람 - 기타,안전운전불이행,건조,맑음,단일로 - 기타,화물,남,65세,상해없음,보행자,여,89세,중상
2023102000100716,2023년 10월 20일 21시,금요일,인천광역시 서구 가좌동,경상사고,0,0,1,0,차대차 - 기타,안전운전불이행,건조,맑음,기타 - 기타,승용,여,69세,상해없음,승용,남,26세,경상
2023102000100735,2023년 10월 20일 22시,금요일,인천광역시 부평구 십정동,경상사고,0,0,2,0,차대차 - 추돌,안전운전불이행,건조,맑음,교차로 - 교차로안,승용,남,38세,상해없음,승용,남,55세,경상
2023102000100736,2023년 10월 20일 22시,금요일,인천광역시 남동구 만수동,경상사고,0,0,2,0,차대차 - 측면충돌,안전운전불이행,건조,맑음,교차로 - 교차로부근,승합,남,60세,상해없음,승용,남,55세,경상
2023102000100737,2023년 10월 20일 22시,금요일,인천광역시 남동구 간석동,경상사고,0,0,1,0,차대차 - 기타,안전운전불이행,건조,맑음,단일로 - 기타,승용,여,44세,상해없음,이륜,남,26세,경상
2023102000100738,2023년 10월 20일 22시,금요일,인천광역시 연수구 송도동,경상사고,0,0,1,0,차대사람 - 차도통행중,안전운전불이행,건조,맑음,교차로 - 교차로부근,승용,남,47세,상해없음,보행자,남,47세,경상
2023102100100010,2023년 10월 21일 00시,토요일,인천광역시 남동구 논현동,사망사고,1,0,0,0,차대차 - 기타,기타,건조,맑음,교차로 - 교차로부근,승용,남,41세,상해없음,이륜,남,50세,사망