사고번호,사고일시,요일,시군구,사고내용,사망자수,중상자수,경상자수,부상신고자수,사고유형,법규위반,노면상태,기상상태,도로형태,가해운전자 차종,가해운전자 성별,가해운전자 연령,가해운전자 상해정도,피해운전자 차종,피해운전자 성별,피해운전자 연령,피해운전자 상해정도
2023102700100495,2023년 10월 27일 18시,금요일,인천광역시 서구 원창동,경상사고,0,0,2,0,차대차 - 측면충돌,신호위반,건조,맑음,교차로 - 교차로부근,승용,남,48세,경상,승용,남,40세,경상
2023102700100548,2023년 10월 27일 19시,금요일,인천광역시 미추홀구 용현동,경상사고,0,0,1,0,차대차 - 정면충돌,교차로운행방법위반,건조,맑음,교차로 - 교차로안,이륜,남,27세,상해없음,자전거,남,19세,경상
2023102700100618,2023년 10월 27일 21시,금요일,인천광역시 계양구 병방동,경상사고,0,0,1,0,차대차 - 측면충돌,안전운전불이행,건조,맑음,단일로 - 지하차도(도로)내,승용,남,16세,상해없음,승용,여,58세,경상
2023102700100661,2023년 10월 27일 23시,금요일,인천광역시 미추홀구 주안동,경상사고,0,0,1,0,차대차 - 측면충돌,중앙선침범,건조,맑음,교차로 - 교차로안,개인형이동수단(PM),여,20세,상해없음,승용,남,61세,경상
2023102700100662,2023년 10월 27일 23시,금요일,인천광역시 미추홀구 주안동,경상사고,0,0,2,0,차대차 - 측면충돌,안전운전불이행,건조,맑음,교차로 - 교차로부근,승용,남,34세,상해없음,승용,남,25세,경상
2023102700100663,2023년 10월 27일 23시,금요일,인천광역시 서구 검암동,경상사고,0,0,2,0,차대차 - 추돌,안전운전불이행,건조,맑음,교차로 - 교차로부근,승용,남,53세,상해없음,승용,여,48세,경상
2023102700100664,2023년 10월 27일 23시,금요일,인천광역시 연수구 연수동,경상사고,0,0,1,0,차대사람 - 차도통행중,안전운전불이행,건조,맑음,교차로 - 교차로부근,승용,남,64세,상해없음,보행자,남,38세,경상
2023102700100665,2023년 10월 27일 23시,금요일,인천광역시 부평구 삼산동,경상사고,0,0,1,0,차대차 - 측면충돌,안전운전불이행,건조,맑음,단일로 - 교량,승용,남,22세,상해없음,승용,남,45세,경상
2023102800100119,2023년 10월 28일 08시,토요일,인천광역시 미추홀구 주안동,경상사고,0,0,2,0,차대차 - 추돌,안전거리미확보,건조,맑음,단일로 - 기타,화물,남,28세,상해없음,승용,남,73세,경상
2023102800100212,2023년 10월 28일 11시,토요일,인천광역시 부평구 청천동,경상사고,0,0,1,0,차대차 - 추돌,안전운전불이행,건조,맑음,단일로 - 기타,승용,여,60세,기타불명,승용,남,50세,경상
2023102800100213,2023년 10월 28일 11시,토요일,인천광역시 서구 청라동,경상사고,0,0,1,0,차대차 - 측면충돌,안전운전불이행,건조,맑음,단일로 - 기타,화물,남,41세,상해없음,승용,남,53세,경상
2023102800100214,2023년 10월 28일 11시,토요일,인천광역시 계양구 작전동,경상사고,0,0,1,0,차대차 - 추돌,안전운전불이행,건조,맑음,단일로 - 기타,승용,남,61세,상해없음,승용,남,31세,경상
2023102800100215,2023년 10월 28일 11시,토요일,인천광역시 미추홀구 관교동,경상사고,0,0,1,0,차대차 - 측면충돌,신호위반,건조,맑음,교차로 - 교차로안,승용,남,61세,상해없음,승용,남,31세,경상
2023102800100258,2023년 10월 28일 12시,토요일,인천광역시 중구 유동,경상사고,0,0,1,0,차대차 - 측면충돌,안전운전불이행,건조,맑음,단일로 - 지하차도(도로)내,화물,남,57세,상해없음,화물,남,34세,경상
2023102800100259,2023년 10월 28일 12시,토요일,인천광역시 미추홀구 도화동,경상사고,0,0,1,0,차대차 - 기타,교차로운행방법위반,건조,맑음,교차로 - 교차로안,승용,남,58세,상해없음,승용,남,40세,경상
2023102800100308,2023년 10월 28일 13시,토요일,인천광역시 계양구 장기동,경상사고,0,0,1,0,차대차 - 추돌,차로위반,건조,맑음,단일로 - 기타,승용,남,71세,상해없음,승용,여,41세,경상
2023102800100394,2023년 10월 28일 15시,토요일,인천광역시 서구 경서동,중상사고,0,1,0,0,차대차 - 기타,안전운전불이행,건조,맑음,단일로 - 기타,화물,남,58세,상해없음,이륜,남,58세,중상
2023102800100436,2023년 10월 28일 16시,토요일,인천광역시 연수구 연수동,경상사고,0,0,1,0,차대차 - 측면충돌,안전운전불이행,건조,맑음,교차로 - 교차로부근,승용,남,60세,상해없음,승용,여,46세,경상
2023102800100470,2023년 10월 28일 17시,토요일,인천광역시 연수구 송도동,경상사고,0,0,2,0,차대차 - 추돌,신호위반,건조,맑음,교차로 - 교차로부근,승용,남,48세,상해없음,승용,남,49세,상해없음
2023102800100471,2023년 10월 28일 17시,토요일,인천광역시 연수구 송도동,경상사고,0,0,1,0,차대차 - 추돌,안전운전불이행,건조,맑음,단일로 - 기타,승용,남,55세,상해없음,승용,남,42세,경상
2023102800100572,2023년 10월 28일 19시,토요일,인천광역시 부평구 삼산동,경상사고,0,0,1,0,차대차 - 기타,안전운전불이행,건조,맑음,교차로 - 교차로안,승용,남,29세,상해없음,이륜,남,35세,경상
2023102800100573,2023년 10월 28일 19시,토요일,인천광역시 남동구 논현동,경상사고,0,0,1,0,차대사람 - 기타,안전운전불이행,건조,맑음,단일로 - 기타,승용,여,45세,상해없음,보행자,여,59세,경상
2023102800100591,2023년 10월 28일 20시,토요일,인천광역시 미추홀구 관교동,경상사고,0,0,1,0,차대차 - 추돌,안전운전불이행,건조,맑음,교차로 - 교차로부근,승용,남,62세,상해없음,화물,남,37세,경상
2023102800100592,2023년 10월 28일 20시,토요일,인천광역시 미추홀구 학익동,중상사고,0,1,0,0,차대사람 - 횡단중,보행자보호의무위반,건조,맑음,교차로 - 교차로횡단보도내,승용,여,64세,상해없음,보행자,여,59세,중상
2023102900100047,2023년 10월 29일 05시,일요일,인천광역시 서구 원당동,경상사고,0,0,1,0,차대차 - 정면충돌,신호위반,건조,맑음,교차로 - 교차로안,개인형이동수단(PM),남,19세,경상,승용,여,64세,상해없음
2023102900100065,2023년 10월 29일 07시,일요일,인천광역시 남동구 남촌동,경상사고,0,0,2,0,차대차 - 기타,신호위반,건조,맑음,교차로 - 교차로안,이륜,남,41세,상해없음,승용,남,54세,경상
2023102900100075,2023년 10월 29일 08시,일요일,인천광역시 부평구 십정동,경상사고,0,0,1,0,차대차 - 측면충돌,안전운전불이행,건조,맑음,단일로 - 기타,승용,여,49세,상해없음,승용,남,53세,경상
2023102900100076,2023년 10월 29일 08시,일요일,인천광역시 남동구 간석동,경상사고,0,0,1,0,차대차 - 측면충돌,안전거리미확보,건조,맑음,단일로 - 기타,승용,여,33세,상해없음,승용,남,50세,경상
2023102900100121,2023년 10월 29일 10시,일요일,인천광역시 계양구 계산동,경상사고,0,0,1,0,차대차 - 측면충돌,안전운전불이행,건조,맑음,교차로 - 교차로안,화물,남,66세,상해없음,승용,남,53세,경상
2023102900100123,2023년 10월 29일 10시,일요일,인천광역시 부평구 삼산동,경상사고,0,0,2,0,차대사람 - 횡단중,신호위반,건조,맑음,교차로 - 교차로부근,이륜,남,64세,상해없음,보행자,남,78세,경상
2023102900100173,2023년 10월 29일 12시,일요일,인천광역시 중구 을왕동,중상사고,0,1,0,0,차대차 - 추돌,안전운전불이행,건조,맑음,단일로 - 기타,화물,남,51세,상해없음,자전거,남,66세,중상
2023102900100216,2023년 10월 29일 13시,일요일,인천광역시 남동구 장수동,경상사고,0,0,5,0,차대차 - 추돌,안전운전불이행,건조,맑음,단일로 - 기타,승용,남,42세,상해없음,승용,남,46세,경상
2023102900100260,2023년 10월 29일 14시,일요일,인천광역시 계양구 계산동,경상사고,0,0,1,0,차대사람 - 기타,안전운전불이행,건조,맑음,단일로 - 기타,이륜,남,42세,상해없음,보행자,남,63세,경상
2023102900100261,2023년 10월 29일 14시,일요일,인천광역시 연수구 옥련동,중상사고,0,1,3,0,차대차 - 추돌,안전운전불이행,건조,맑음,교차로 - 교차로안,승용,여,33세,상해없음,승용,여,33세,중상
2023102900100338,2023년 10월 29일 16시,일요일,인천광역시 미추홀구 주안동,중상사고,0,1,0,0,차대사람 - 기타,안전운전불이행,건조,맑음,단일로 - 기타,승용,여,69세,상해없음,보행자,여,75세,중상
2023102900100339,2023년 10월 29일 16시,일요일,인천광역시 계양구 작전동,경상사고,0,0,2,0,차대차 - 측면충돌,안전운전불이행,건조,맑음,단일로 - 기타,승용,남,48세,상해없음,승용,남,38세,경상
2023102900100370,2023년 10월 29일 17시,일요일,인천광역시 부평구 구산동,부상신고사고,0,0,0,1,차대차 - 측면충돌,안전운전불이행,건조,맑음,교차로 - 교차로안,승용,남,38세,상해없음,이륜,남,42세,부상신고
2023102900100409,2023년 10월 29일 18시,일요일,인천광역시 중구 신흥동2가,중상사고,0,1,0,0,차대사람 - 횡단중,신호위반,건조,맑음,교차로 - 교차로횡단보도내,승용,여,55세,상해없음,보행자,여,79세,중상
2023102900100410,2023년 10월 29일 18시,일요일,인천광역시 연수구 선학동,경상사고,0,0,3,0,차대차 - 측면충돌,안전거리미확보,건조,맑음,단일로 - 기타,승용,남,24세,상해없음,승용,남,33세,경상
2023102900100464,2023년 10월 29일 20시,일요일,인천광역시 미추홀구 용현동,경상사고,0,0,2,0,차대차 - 추돌,안전운전불이행,건조,맑음,교차로 - 교차로부근,승용,남,44세,상해없음,승용,남,34세,경상
2023102900100500,2023년 10월 29일 22시,일요일,인천광역시 미추홀구 도화동,경상사고,0,0,1,0,차대차 - 정면충돌,신호위반,건조,맑음,교차로 - 교차로횡단보도내,승용,여,47세,상해없음,개인형이동수단(PM),남,29세,경상
2023102900100501,2023년 10월 29일 22시,일요일,인천광역시 남동구 구월동,경상사고,0,0,1,0,차대차 - 측면충돌,안전운전불이행,건조,맑음,교차로 - 교차로안,승용,남,30세,상해없음,이륜,남,24세,경상
2023102900100502,2023년 10월 29일 22시,일요일,인천광역시 연수구 송도동,경상사고,0,0,1,0,차대차 - 측면충돌,신호위반,건조,맑음,교차로 - 교차로안,승용,남,41세,상해없음,승용,남,56세,경상
2023102900100512,2023년 10월 29일 23시,일요일,인천광역시 미추홀구 숭의동,중상사고,0,2,1,0,차대차 - 측면충돌,안전운전불이행,건조,맑음,교차로 - 교차로안,이륜,남,56세,상해없음,승용,남,50세,상해없음
2023103000100018,2023년 10월 30일 03시,월요일,인천광역시 미추홀구 숭의동,중상사고,0,1,0,0,차대차 - 기타,신호위반,건조,기타,교차로 - 교차로안,이륜,남,34세,상해없음,이륜,남,50세,중상
2023103000100024,2023년 10월 30일 05시,월요일,인천광역시 부평구 부개동,중상사고,0,1,3,0,차대차 - 추돌,안전운전불이행,건조,맑음,교차로 - 교차로안,승용,여,27세,상해없음,승용,남,67세,중상
2023103000100043,2023년 10월 30일 06시,월요일,인천광역시 남동구 논현동,중상사고,0,1,0,0,차대사람 - 보도통행중,기타,건조,맑음,교차로 - 교차로부근,사륜오토바이(ATV),여,55세,상해없음,보행자,여,56세,중상
2023103000100106,2023년 10월 30일 08시,월요일,인천광역시 계양구 박촌동,경상사고,0,0,1,0,차대차 - 측면충돌,안전운전불이행,건조,맑음,단일로 - 기타,화물,남,60세,상해없음,승용,여,50세,경상
2023103000100140,2023년 10월 30일 09시,월요일,인천광역시 계양구 귤현동,경상사고,0,0,1,0,차대차 - 측면충돌,직진우회전진행방해,건조,맑음,교차로 - 교차로안,승용,여,54세,기타불명,승용,여,60세,경상
2023103000100165,2023년 10월 30일 10시,월요일,인천광역시 남동구 남촌동,경상사고,0,0,1,0,차대차 - 측면충돌,안전거리미확보,건조,맑음,단일로 - 교량,화물,남,37세,상해없음,승용,남,39세,경상
2023103000100209,2023년 10월 30일 11시,월요일,인천광역시 중구 신흥동3가,중상사고,0,1,0,0,차량단독 - 기타,안전운전불이행,건조,맑음,단일로 - 기타,승합,남,65세,상해없음,,,,
2023103000100236,2023년 10월 30일 12시,월요일,인천광역시 남동구 간석동,경상사고,0,0,1,0,차대차 - 정면충돌,안전운전불이행,건조,맑음,교차로 - 교차로안,승용,남,62세,상해없음,승용,남,58세,경상
2023103000100303,2023년 10월 30일 14시,월요일,인천광역시 미추홀구 숭의동,경상사고,0,0,1,0,차대차 - 추돌,안전운전불이행,건조,맑음,기타 - 기타,이륜,여,36세,기타불명,이륜,남,31세,경상
2023103000100347,2023년 10월 30일 15시,월요일,인천광역시 서구 연희동,경상사고,0,0,1,0,차대사람 - 횡단중,안전운전불이행,건조,맑음,교차로 - 교차로부근,승용,남,25세,상해없음,보행자,여,29세,경상
2023103000100426,2023년 10월 30일 17시,월요일,인천광역시 서구 검암동,중상사고,0,1,0,0,차대사람 - 횡단중,보행자보호의무위반,건조,맑음,교차로 - 교차로횡단보도내,승합,남,57세,상해없음,보행자,여,37세,중상
2023103000100474,2023년 10월 30일 18시,월요일,인천광역시 서구 연희동,경상사고,0,0,1,0,차대차 - 추돌,안전운전불이행,건조,맑음,단일로 - 기타,승용,남,65세,상해없음,승용,여,54세,경상
2023103000100475,2023년 10월 30일 18시,월요일,인천광역시 연수구 연수동,경상사고,0,0,1,0,차대사람 - 차도통행중,안전운전불이행,건조,맑음,단일로 - 기타,승용,여,56세,상해없음,보행자,여,9세,경상
2023103000100476,2023년 10월 30일 18시,월요일,인천광역시 부평구 청천동,경상사고,0,0,1,0,차대차 - 측면충돌,안전거리미확보,건조,맑음,단일로 - 교량,승용,남,28세,상해없음,승용,여,31세,경상
2023103000100520,2023년 10월 30일 19시,월요일,인천광역시 부평구 청천동,경상사고,0,0,1,0,차대차 - 측면충돌,안전운전불이행,건조,맑음,교차로 - 교차로안,승용,여,32세,상해없음,승용,여,23세,경상
2023103000100566,2023년 10월 30일 21시,월요일,인천광역시 미추홀구 도화동,경상사고,0,0,1,0,차대사람 - 기타,보행자보호의무위반,건조,맑음,교차로 - 교차로안,이륜,남,63세,상해없음,보행자,남,24세,경상
2023103000100567,2023년 10월 30일 21시,월요일,인천광역시 미추홀구 숭의동,경상사고,0,0,4,0,차대차 - 추돌,안전운전불이행,건조,맑음,교차로 - 교차로부근,승용,남,26세,경상,승용,남,51세,경상
2023103000100594,2023년 10월 30일 23시,월요일,인천광역시 미추홀구 도화동,중상사고,0,1,1,0,차대사람 - 기타,신호위반,건조,맑음,단일로 - 기타,이륜,남,18세,경상,보행자,남,71세,중상
2023103100100013,2023년 10월 31일 00시,화요일,인천광역시 계양구 작전동,중상사고,0,1,0,0,차대차 - 기타,신호위반,건조,맑음,교차로 - 교차로안,이륜,남,29세,기타불명,승용,남,47세,중상
2023103100100122,2023년 10월 31일 08시,화요일,인천광역시 미추홀구 용현동,경상사고,0,0,1,0,차대차 - 측면충돌,안전운전불이행,건조,맑음,교차로 - 교차로부근,승용,남,50세,상해없음,승용,남,32세,경상
2023103100100123,2023년 10월 31일 08시,화요일,인천광역시 부평구 십정동,경상사고,0,0,1,0,차대차 - 기타,안전운전불이행,건조,맑음,단일로 - 기타,승용,여,29세,상해없음,승용,남,57세,경상
2023103100100124,2023년 10월 31일 08시,화요일,인천광역시 남동구 구월동,경상사고,0,0,1,0,차대차 - 측면충돌,안전운전불이행,건조,맑음,단일로 - 기타,승합,남,72세,상해없음,승합,남,50세,경상
2023103100100199,2023년 10월 31일 10시,화요일,인천광역시 미추홀구 용현동,부상신고사고,0,0,0,1,차대사람 - 기타,안전운전불이행,건조,맑음,교차로 - 교차로부근,기타불명,기타불명,미분류,기타불명,보행자,남,87세,부상신고
2023103100100200,2023년 10월 31일 10시,화요일,인천광역시 서구 가좌동,경상사고,0,0,1,1,차대차 - 측면충돌,신호위반,건조,맑음,교차로 - 교차로안,화물,남,70세,부상신고,화물,남,50세,경상
2023103100100264,2023년 10월 31일 12시,화요일,인천광역시 중구 운남동,경상사고,0,0,1,0,차대차 - 추돌,안전운전불이행,건조,맑음,교차로 - 교차로부근,승용,남,42세,상해없음,승용,남,39세,경상
2023103100100265,2023년 10월 31일 12시,화요일,인천광역시 강화군 삼산면,중상사고,0,1,0,0,차량단독 - 전도전복 - 전도,안전운전불이행,건조,맑음,단일로 - 지하차도(도로)내,자전거,여,53세,중상,,,,
2023103100100335,2023년 10월 31일 14시,화요일,인천광역시 남동구 논현동,경상사고,0,0,1,0,차대사람 - 길가장자리구역통행중,안전운전불이행,건조,맑음,주차장 - 주차장,화물,남,66세,상해없음,보행자,남,30세,경상
2023103100100377,2023년 10월 31일 15시,화요일,인천광역시 서구 연희동,경상사고,0,0,3,0,차대차 - 측면충돌,차로위반,건조,맑음,단일로 - 기타,승용,남,73세,상해없음,승합,남,67세,경상
2023103100100402,2023년 10월 31일 16시,화요일,인천광역시 중구 운서동,경상사고,0,0,1,0,차대차 - 추돌,신호위반,기타,맑음,기타 - 기타,화물,남,33세,기타불명,승용,남,33세,경상
2023103100100403,2023년 10월 31일 16시,화요일,인천광역시 미추홀구 용현동,경상사고,0,0,1,0,차대사람 - 횡단중,신호위반,건조,맑음,교차로 - 교차로안,승합,남,61세,상해없음,보행자,남,77세,경상
2023103100100450,2023년 10월 31일 17시,화요일,인천광역시 미추홀구 용현동,경상사고,0,0,1,0,차대차 - 기타,안전운전불이행,건조,맑음,주차장 - 주차장,승용,여,62세,상해없음,개인형이동수단(PM),여,42세,경상
2023103100100451,2023년 10월 31일 17시,화요일,인천광역시 남동구 간석동,경상사고,0,0,2,0,차대차 - 측면충돌,안전거리미확보,건조,맑음,교차로 - 교차로부근,승용,여,56세,경상,승용,여,49세,경상
2023103100100452,2023년 10월 31일 17시,화요일,인천광역시 계양구 작전동,중상사고,0,1,1,0,차대차 - 추돌,직진우회전진행방해,건조,맑음,기타 - 기타,이륜,남,34세,중상,승합,남,68세,경상
2023103100100532,2023년 10월 31일 18시,화요일,인천광역시 계양구 작전동,경상사고,0,0,1,0,차대차 - 후진중충돌,안전운전불이행,건조,맑음,단일로 - 기타,승용,남,64세,상해없음,이륜,남,22세,경상
2023103100100533,2023년 10월 31일 18시,화요일,인천광역시 남동구 고잔동,경상사고,0,0,1,0,차대차 - 추돌,안전운전불이행,건조,맑음,교차로 - 교차로부근,승용,남,25세,상해없음,승용,남,54세,경상
2023103100100573,2023년 10월 31일 19시,화요일,인천광역시 미추홀구 용현동,경상사고,0,0,1,0,차대차 - 측면충돌,안전거리미확보,건조,맑음,단일로 - 기타,승용,남,29세,상해없음,승용,남,48세,경상
2023103100100574,2023년 10월 31일 19시,화요일,인천광역시 미추홀구 도화동,중상사고,0,1,0,0,차대차 - 측면충돌,중앙선침범,건조,맑음,단일로 - 기타,승용,여,70세,상해없음,이륜,남,40세,중상
2023103100100575,2023년 10월 31일 19시,화요일,인천광역시 부평구 일신동,중상사고,0,1,0,0,차대사람 - 횡단중,보행자보호의무위반,건조,맑음,단일로 - 기타,승용,남,75세,상해없음,보행자,여,66세,중상
2023110100100008,2023년 11월 1일 00시,수요일,인천광역시 서구 청라동,중상사고,0,1,0,0,차대차 - 측면충돌,신호위반,건조,맑음,교차로 - 교차로횡단보도내,자전거,남,18세,상해없음,이륜,남,19세,중상
2023110100100009,2023년 11월 1일 00시,수요일,인천광역시 계양구 계산동,경상사고,0,0,1,0,차대차 - 측면충돌,안전운전불이행,건조,맑음,교차로 - 교차로안,승용,남,52세,상해없음,승용,남,71세,경상
2023110100100021,2023년 11월 1일 03시,수요일,인천광역시 서구 금곡동,경상사고,0,0,1,0,차대차 - 기타,안전운전불이행,건조,맑음,단일로 - 기타,화물,남,72세,상해없음,승용,남,60세,상해없음
2023110100100057,2023년 11월 1일 06시,수요일,인천광역시 미추홀구 용현동,중상사고,0,1,0,0,차대차 - 정면충돌,신호위반,건조,맑음,교차로 - 교차로부근,승용,여,61세,기타불명,이륜,남,42세,중상
2023110100100084,2023년 11월 1일 07시,수요일,인천광역시 부평구 부평동,중상사고,0,1,0,0,차대사람 - 기타,신호위반,건조,맑음,단일로 - 기타,승용,여,33세,상해없음,보행자,여,21세,중상
2023110100100132,2023년 11월 1일 08시,수요일,인천광역시 연수구 송도동,중상사고,0,1,0,0,차대사람 - 횡단중,신호위반,건조,맑음,교차로 - 교차로안,승용,여,35세,상해없음,보행자,남,62세,중상
2023110100100133,2023년 11월 1일 08시,수요일,인천광역시 남동구 만수동,경상사고,0,0,1,0,차대사람 - 횡단중,보행자보호의무위반,건조,흐림,교차로 - 교차로안,승용,남,65세,상해없음,보행자,남,54세,경상
2023110100100170,2023년 11월 1일 09시,수요일,인천광역시 남동구 간석동,경상사고,0,0,1,0,차대차 - 측면충돌,안전운전불이행,건조,맑음,교차로 - 교차로부근,승용,여,38세,상해없음,화물,남,55세,경상
2023110100100198,2023년 11월 1일 10시,수요일,인천광역시 연수구 옥련동,경상사고,0,0,4,0,차대차 - 측면충돌,안전운전불이행,건조,맑음,교차로 - 교차로안,승용,남,63세,상해없음,승용,남,19세,경상
2023110100100266,2023년 11월 1일 12시,수요일,인천광역시 서구 경서동,경상사고,0,0,1,0,차대사람 - 횡단중,보행자보호의무위반,건조,맑음,교차로 - 교차로안,승용,여,58세,상해없음,보행자,여,50세,경상
2023110100100286,2023년 11월 1일 13시,수요일,인천광역시 남동구 도림동,중상사고,0,2,2,0,차대차 - 측면충돌,안전거리미확보,건조,맑음,교차로 - 교차로부근,기타불명,여,49세,경상,이륜,남,31세,중상
2023110100100310,2023년 11월 1일 14시,수요일,인천광역시 부평구 청천동,경상사고,0,0,1,0,차대차 - 측면충돌,안전운전불이행,건조,맑음,교차로 - 교차로부근,화물,남,30세,상해없음,화물,남,39세,경상
2023110100100311,2023년 11월 1일 14시,수요일,인천광역시 남동구 서창동,경상사고,0,0,1,0,차대차 - 추돌,안전운전불이행,건조,맑음,교차로 - 교차로부근,이륜,남,34세,상해없음,승용,여,37세,경상
2023110100100344,2023년 11월 1일 15시,수요일,인천광역시 서구 왕길동,경상사고,0,0,1,0,차대차 - 추돌,안전운전불이행,건조,맑음,단일로 - 기타,화물,여,60세,상해없음,화물,남,24세,경상
2023110100100372,2023년 11월 1일 16시,수요일,인천광역시 남동구 구월동,중상사고,0,1,0,0,차대차 - 후진중충돌,안전운전불이행,건조,맑음,단일로 - 기타,승용,남,54세,상해없음,승용,남,44세,중상
2023110100100470,2023년 11월 1일 18시,수요일,인천광역시 서구 청라동,중상사고,0,1,0,0,차대차 - 측면충돌,안전운전불이행,건조,맑음,교차로 - 교차로부근,승용,여,24세,상해없음,이륜,남,31세,중상
2023110100100471,2023년 11월 1일 18시,수요일,인천광역시 부평구 일신동,경상사고,0,0,1,0,차대사람 - 기타,안전운전불이행,기타,기타,기타 - 기타,승용,남,59세,상해없음,보행자,남,20세,경상
2023110100100514,2023년 11월 1일 19시,수요일,인천광역시 남동구 간석동,경상사고,0,0,2,0,차대차 - 측면충돌,안전운전불이행,건조,맑음,단일로 - 기타,승용,남,78세,상해없음,승용,남,43세,경상
2023110100100560,2023년 11월 1일 21시,수요일,인천광역시 연수구 옥련동,경상사고,0,0,1,0,차대사람 - 횡단중,보행자보호의무위반,건조,맑음,교차로 - 교차로횡단보도내,이륜,남,49세,상해없음,보행자,여,23세,경상
2023110100100561,2023년 11월 1일 21시,수요일,인천광역시 부평구 부평동,경상사고,0,0,5,0,차대차 - 측면충돌,신호위반,건조,맑음,교차로 - 교차로안,승용,남,21세,상해없음,승용,남,32세,경상
2023110100100576,2023년 11월 1일 22시,수요일,인천광역시 미추홀구 주안동,경상사고,0,0,1,0,차대차 - 측면충돌,교차로운행방법위반,건조,맑음,교차로 - 교차로부근,승용,여,63세,상해없음,승용,여,27세,경상
2023110200100022,2023년 11월 2일 02시,목요일,인천광역시 미추홀구 문학동,사망사고,1,0,0,0,차대차 - 추돌,안전운전불이행,건조,맑음,단일로 - 기타,승용,남,28세,상해없음,승용,남,47세,사망
2023110200100038,2023년 11월 2일 05시,목요일,인천광역시 남동구 구월동,경상사고,0,0,1,0,차대차 - 추돌,안전운전불이행,건조,맑음,교차로 - 교차로부근,화물,남,40세,상해없음,화물,남,64세,경상
2023110200100127,2023년 11월 2일 08시,목요일,인천광역시 미추홀구 주안동,경상사고,0,0,1,0,차대차 - 추돌,중앙선침범,건조,맑음,교차로 - 교차로부근,승용,여,57세,상해없음,승용,여,31세,경상
2023110200100128,2023년 11월 2일 08시,목요일,인천광역시 남동구 구월동,경상사고,0,0,1,0,차대차 - 측면충돌,안전운전불이행,건조,맑음,교차로 - 교차로안,승용,여,46세,상해없음,승용,남,45세,경상
2023110200100129,2023년 11월 2일 08시,목요일,인천광역시 서구 왕길동,경상사고,0,0,1,0,차대차 - 측면충돌,안전운전불이행,건조,맑음,교차로 - 교차로안,화물,남,45세,상해없음,승용,남,38세,경상
2023110200100165,2023년 11월 2일 09시,목요일,인천광역시 미추홀구 학익동,경상사고,0,0,1,0,차대차 - 측면충돌,안전운전불이행,건조,맑음,교차로 - 교차로안,승용,남,39세,상해없음,승용,여,59세,경상
2023110200100304,2023년 11월 2일 13시,목요일,인천광역시 중구 신흥동1가,경상사고,0,0,2,0,차대차 - 측면충돌,안전거리미확보,건조,맑음,교차로 - 교차로부근,승용,남,83세,상해없음,승용,남,66세,경상
2023110200100346,2023년 11월 2일 14시,목요일,인천광역시 중구 신흥동1가,경상사고,0,0,2,0,차대차 - 후진중충돌,안전운전불이행,건조,맑음,교차로 - 교차로부근,승용,남,34세,상해없음,승용,여,38세,경상
2023110200100347,2023년 11월 2일 14시,목요일,인천광역시 연수구 연수동,경상사고,0,0,1,0,차대사람 - 차도통행중,보행자보호의무위반,건조,맑음,단일로 - 기타,승용,여,60세,상해없음,보행자,남,9세,경상
2023110200100348,2023년 11월 2일 14시,목요일,인천광역시 연수구 선학동,경상사고,0,0,2,0,차대차 - 측면충돌,안전거리미확보,건조,맑음,단일로 - 기타,화물,남,25세,경상,승용,여,27세,경상
2023110200100349,2023년 11월 2일 14시,목요일,인천광역시 남동구 수산동,경상사고,0,0,1,0,차대차 - 측면충돌,안전거리미확보,건조,맑음,교차로 - 교차로부근,승용,여,54세,상해없음,승용,남,74세,경상
2023110200100442,2023년 11월 2일 16시,목요일,인천광역시 미추홀구 용현동,중상사고,0,1,0,0,차대차 - 후진중충돌,안전운전불이행,건조,맑음,단일로 - 기타,승용,여,29세,상해없음,이륜,남,56세,중상
2023110200100443,2023년 11월 2일 16시,목요일,인천광역시 미추홀구 주안동,경상사고,0,0,1,0,차대차 - 측면충돌,신호위반,건조,맑음,단일로 - 교량,승용,여,67세,상해없음,승용,남,72세,경상
2023110200100485,2023년 11월 2일 17시,목요일,인천광역시 서구 심곡동,경상사고,0,0,1,0,차대차 - 측면충돌,안전거리미확보,건조,맑음,단일로 - 기타,승용,여,57세,상해없음,승합,남,26세,경상
2023110200100548,2023년 11월 2일 18시,목요일,인천광역시 서구 청라동,경상사고,0,0,2,0,차대차 - 기타,안전거리미확보,건조,맑음,교차로 - 교차로안,승용,여,54세,상해없음,승용,여,42세,경상
2023110200100598,2023년 11월 2일 19시,목요일,인천광역시 미추홀구 숭의동,경상사고,0,0,1,0,차대차 - 정면충돌,안전운전불이행,건조,맑음,단일로 - 지하차도(도로)내,승용,남,62세,상해없음,이륜,남,29세,경상
2023110200100599,2023년 11월 2일 19시,목요일,인천광역시 남동구 남촌동,중상사고,0,1,0,0,차대차 - 측면충돌,안전운전불이행,건조,맑음,교차로 - 교차로안,승용,남,47세,상해없음,자전거,남,64세,중상
2023110200100628,2023년 11월 2일 20시,목요일,인천광역시 미추홀구 학익동,경상사고,0,0,1,0,차대차 - 추돌,안전거리미확보,건조,맑음,교차로 - 교차로부근,승용,남,44세,상해없음,승용,여,40세,경상