사고번호,사고일시,요일,시군구,사고내용,사망자수,중상자수,경상자수,부상신고자수,사고유형,법규위반,노면상태,기상상태,도로형태,가해운전자 차종,가해운전자 성별,가해운전자 연령,가해운전자 상해정도,피해운전자 차종,피해운전자 성별,피해운전자 연령,피해운전자 상해정도
2023110200100629,2023년 11월 2일 20시,목요일,인천광역시 남동구 남촌동,경상사고,0,0,2,0,차대차 - 측면충돌,안전거리미확보,건조,맑음,교차로 - 교차로부근,승용,남,41세,상해없음,승용,남,23세,경상
2023110200100680,2023년 11월 2일 22시,목요일,인천광역시 서구 경서동,경상사고,0,0,7,0,차대차 - 측면충돌,안전운전불이행,건조,맑음,교차로 - 교차로안,승용,남,25세,상해없음,승합,남,62세,상해없음
2023110200100681,2023년 11월 2일 22시,목요일,인천광역시 연수구 송도동,경상사고,0,0,1,0,차량단독 - 공작물충돌,안전운전불이행,건조,흐림,교차로 - 교차로부근,승용,남,63세,상해없음,,,,
2023110200100682,2023년 11월 2일 22시,목요일,인천광역시 남동구 서창동,경상사고,0,0,1,0,차대사람 - 기타,기타,건조,맑음,단일로 - 기타,승합,남,59세,상해없음,보행자,여,64세,경상
2023110300100013,2023년 11월 3일 01시,금요일,인천광역시 미추홀구 용현동,경상사고,0,0,2,0,차대차 - 측면충돌,중앙선침범,건조,맑음,단일로 - 기타,승용,남,22세,상해없음,승용,남,56세,경상
2023110300100043,2023년 11월 3일 05시,금요일,인천광역시 미추홀구 주안동,경상사고,0,0,1,0,차대차 - 측면충돌,신호위반,건조,맑음,교차로 - 교차로안,승용,남,60세,상해없음,승용,여,50세,경상
2023110300100066,2023년 11월 3일 06시,금요일,인천광역시 중구 운서동,중상사고,0,4,9,0,차대차 - 기타,신호위반,건조,맑음,단일로 - 기타,승용,여,52세,상해없음,승합,여,60세,중상
2023110300100084,2023년 11월 3일 07시,금요일,인천광역시 미추홀구 도화동,경상사고,0,0,1,0,차대차 - 측면충돌,안전거리미확보,건조,맑음,단일로 - 기타,화물,남,30세,상해없음,화물,남,33세,경상
2023110300100118,2023년 11월 3일 08시,금요일,인천광역시 중구 항동7가,중상사고,0,1,0,0,차대차 - 측면충돌,신호위반,건조,맑음,교차로 - 교차로안,특수,남,45세,상해없음,화물,남,72세,중상
2023110300100203,2023년 11월 3일 10시,금요일,인천광역시 미추홀구 도화동,경상사고,0,0,1,0,차대차 - 기타,교차로운행방법위반,건조,맑음,교차로 - 교차로안,승합,여,57세,상해없음,자전거,여,63세,경상
2023110300100225,2023년 11월 3일 11시,금요일,인천광역시 부평구 부평동,경상사고,0,0,1,0,차대차 - 측면충돌,안전운전불이행,기타,맑음,기타 - 기타,승용,여,47세,상해없음,승용,여,31세,경상
2023110300100293,2023년 11월 3일 13시,금요일,인천광역시 부평구 삼산동,중상사고,0,1,0,0,차대차 - 기타,안전운전불이행,건조,맑음,교차로 - 교차로안,승용,남,62세,상해없음,이륜,남,61세,중상
2023110300100324,2023년 11월 3일 14시,금요일,인천광역시 미추홀구 숭의동,부상신고사고,0,0,0,1,차대차 - 추돌,안전운전불이행,건조,맑음,교차로 - 교차로부근,건설기계,남,69세,상해없음,승용,남,25세,부상신고
2023110300100325,2023년 11월 3일 14시,금요일,인천광역시 서구 청라동,경상사고,0,0,1,0,차대차 - 측면충돌,안전운전불이행,건조,흐림,단일로 - 기타,승용,여,52세,상해없음,자전거,남,9세,경상
2023110300100326,2023년 11월 3일 14시,금요일,인천광역시 남동구 남촌동,경상사고,0,0,1,0,차대차 - 추돌,안전운전불이행,건조,맑음,교차로 - 교차로부근,승용,남,46세,상해없음,화물,남,30세,경상
2023110300100369,2023년 11월 3일 15시,금요일,인천광역시 미추홀구 도화동,중상사고,0,1,0,0,차대차 - 측면충돌,신호위반,건조,맑음,교차로 - 교차로부근,승용,남,29세,상해없음,승용,남,65세,중상
2023110300100370,2023년 11월 3일 15시,금요일,인천광역시 미추홀구 용현동,경상사고,0,0,1,0,차대차 - 측면충돌,안전운전불이행,건조,맑음,단일로 - 기타,승용,남,68세,상해없음,승용,남,32세,경상
2023110300100371,2023년 11월 3일 15시,금요일,인천광역시 남동구 구월동,경상사고,0,0,3,0,차대차 - 측면충돌,직진우회전진행방해,건조,맑음,교차로 - 교차로안,승용,여,22세,경상,승용,남,54세,경상
2023110300100372,2023년 11월 3일 15시,금요일,인천광역시 계양구 작전동,중상사고,0,1,3,0,차대차 - 추돌,안전운전불이행,건조,맑음,단일로 - 기타,승합,남,58세,상해없음,승용,남,61세,기타불명
2023110300100413,2023년 11월 3일 16시,금요일,인천광역시 연수구 선학동,중상사고,0,1,1,0,차대차 - 추돌,안전운전불이행,건조,맑음,교차로 - 교차로부근,화물,남,33세,상해없음,승용,남,60세,경상
2023110300100468,2023년 11월 3일 17시,금요일,인천광역시 미추홀구 용현동,경상사고,0,0,1,0,차대차 - 측면충돌,안전운전불이행,건조,맑음,교차로 - 교차로안,승용,남,70세,상해없음,승용,남,24세,경상
2023110300100534,2023년 11월 3일 18시,금요일,인천광역시 미추홀구 도화동,중상사고,0,1,0,0,차대차 - 기타,안전운전불이행,건조,맑음,기타 - 기타,승용,남,66세,상해없음,승용,여,25세,중상
2023110300100580,2023년 11월 3일 19시,금요일,인천광역시 서구 왕길동,경상사고,0,0,1,0,차대차 - 추돌,안전거리미확보,젖음/습기,비,교차로 - 교차로부근,이륜,남,32세,상해없음,승용,남,58세,경상
2023110300100581,2023년 11월 3일 19시,금요일,인천광역시 서구 원당동,경상사고,0,0,1,0,차대차 - 기타,안전운전불이행,젖음/습기,맑음,단일로 - 기타,이륜,남,49세,상해없음,자전거,여,29세,경상
2023110300100582,2023년 11월 3일 19시,금요일,인천광역시 부평구 삼산동,부상신고사고,0,0,0,1,차대사람 - 횡단중,안전운전불이행,건조,맑음,교차로 - 교차로안,자전거,기타불명,미분류,기타불명,보행자,남,61세,부상신고
2023110300100583,2023년 11월 3일 19시,금요일,인천광역시 남동구 논현동,경상사고,0,0,2,0,차대차 - 기타,안전거리미확보,건조,맑음,단일로 - 지하차도(도로)내,화물,남,55세,상해없음,승용,남,63세,경상
2023110300100621,2023년 11월 3일 20시,금요일,인천광역시 미추홀구 주안동,중상사고,0,1,0,0,차대차 - 측면충돌,신호위반,건조,맑음,교차로 - 교차로안,승용,남,35세,기타불명,이륜,남,38세,중상
2023110300100622,2023년 11월 3일 20시,금요일,인천광역시 연수구 송도동,경상사고,0,0,1,0,차대사람 - 기타,안전운전불이행,건조,맑음,단일로 - 기타,개인형이동수단(PM),남,21세,상해없음,보행자,여,34세,경상
2023110300100641,2023년 11월 3일 21시,금요일,인천광역시 부평구 부평동,중상사고,0,1,0,0,차량단독 - 기타,안전운전불이행,건조,맑음,단일로 - 기타,승합,여,62세,상해없음,,,,
2023110400100008,2023년 11월 4일 00시,토요일,인천광역시 남동구 장수동,경상사고,0,0,1,0,차대차 - 추돌,안전운전불이행,건조,맑음,교차로 - 교차로부근,승용,여,50세,상해없음,이륜,남,29세,경상
2023110400100061,2023년 11월 4일 06시,토요일,인천광역시 남동구 구월동,중상사고,0,2,0,0,차대차 - 추돌,안전운전불이행,건조,맑음,교차로 - 교차로부근,승용,남,25세,상해없음,승용,여,33세,중상
2023110400100075,2023년 11월 4일 07시,토요일,인천광역시 미추홀구 용현동,경상사고,0,0,3,0,차대차 - 측면충돌,안전운전불이행,건조,맑음,교차로 - 교차로안,특수,남,68세,기타불명,승용,여,65세,경상
2023110400100084,2023년 11월 4일 08시,토요일,인천광역시 서구 가좌동,중상사고,0,1,0,0,차대사람 - 횡단중,안전운전불이행,건조,맑음,단일로 - 기타,승용,남,57세,상해없음,보행자,여,33세,중상
2023110400100144,2023년 11월 4일 10시,토요일,인천광역시 연수구 송도동,경상사고,0,0,3,0,차대차 - 측면충돌,중앙선침범,건조,맑음,단일로 - 기타,승용,남,38세,상해없음,화물,남,53세,상해없음
2023110400100177,2023년 11월 4일 11시,토요일,인천광역시 중구 운서동,중상사고,0,1,0,0,차대차 - 정면충돌,안전운전불이행,건조,맑음,단일로 - 기타,승용,남,43세,상해없음,자전거,남,67세,중상
2023110400100259,2023년 11월 4일 13시,토요일,인천광역시 남동구 장수동,부상신고사고,0,0,0,1,차대차 - 측면충돌,안전운전불이행,건조,맑음,주차장 - 주차장,기타불명,기타불명,미분류,기타불명,자전거,여,45세,부상신고
2023110400100362,2023년 11월 4일 16시,토요일,인천광역시 미추홀구 학익동,경상사고,0,0,1,0,차대사람 - 횡단중,보행자보호의무위반,건조,맑음,단일로 - 기타,이륜,남,23세,상해없음,보행자,남,31세,경상
2023110400100363,2023년 11월 4일 16시,토요일,인천광역시 미추홀구 주안동,경상사고,0,0,1,0,차대차 - 기타,안전운전불이행,건조,맑음,교차로 - 교차로부근,승용,남,40세,기타불명,승합,남,52세,기타불명
2023110400100364,2023년 11월 4일 16시,토요일,인천광역시 서구 오류동,경상사고,0,0,1,0,차대차 - 기타,안전운전불이행,건조,맑음,기타 - 기타,화물,남,49세,상해없음,승용,남,64세,경상
2023110400100457,2023년 11월 4일 18시,토요일,인천광역시 계양구 귤현동,경상사고,0,0,2,0,차대차 - 추돌,안전운전불이행,건조,맑음,단일로 - 기타,승용,남,43세,상해없음,승용,여,66세,경상
2023110400100458,2023년 11월 4일 18시,토요일,인천광역시 계양구 작전동,경상사고,0,0,3,0,차대차 - 측면충돌,안전운전불이행,건조,맑음,교차로 - 교차로안,승용,남,58세,상해없음,승용,남,28세,경상
2023110400100499,2023년 11월 4일 19시,토요일,인천광역시 부평구 부평동,경상사고,0,0,2,0,차대차 - 측면충돌,안전운전불이행,건조,맑음,교차로 - 교차로안,승용,남,56세,상해없음,승용,남,26세,경상
2023110400100521,2023년 11월 4일 20시,토요일,인천광역시 중구 인현동,중상사고,0,1,0,0,차대차 - 측면충돌,안전운전불이행,건조,맑음,교차로 - 교차로안,승용,남,68세,상해없음,이륜,남,47세,중상
2023110400100522,2023년 11월 4일 20시,토요일,인천광역시 부평구 삼산동,경상사고,0,0,4,0,차대차 - 측면충돌,안전거리미확보,건조,맑음,단일로 - 교량,화물,남,67세,상해없음,승용,남,42세,경상
2023110400100559,2023년 11월 4일 22시,토요일,인천광역시 강화군 양도면,사망사고,1,0,0,0,차량단독 - 전도전복 - 전도,안전운전불이행,건조,맑음,단일로 - 지하차도(도로)내,이륜,남,37세,사망,,,,
2023110400100572,2023년 11월 4일 23시,토요일,인천광역시 부평구 구산동,경상사고,0,0,1,0,차대차 - 추돌,안전운전불이행,건조,맑음,교차로 - 교차로부근,승용,남,55세,상해없음,승용,남,30세,경상
2023110500100013,2023년 11월 5일 00시,일요일,인천광역시 남동구 장수동,경상사고,0,0,1,0,차대차 - 추돌,안전운전불이행,건조,맑음,교차로 - 교차로부근,승용,남,72세,상해없음,승용,남,29세,경상
2023110500100060,2023년 11월 5일 06시,일요일,인천광역시 미추홀구 도화동,경상사고,0,0,1,2,차대차 - 측면충돌,차로위반,젖음/습기,비,교차로 - 교차로부근,승용,남,55세,상해없음,승용,남,67세,경상
2023110500100061,2023년 11월 5일 06시,일요일,인천광역시 남동구 구월동,중상사고,0,1,0,0,차대차 - 추돌,신호위반,젖음/습기,비,교차로 - 교차로안,승용,남,51세,상해없음,이륜,남,69세,중상
2023110500100094,2023년 11월 5일 09시,일요일,인천광역시 남동구 간석동,경상사고,0,0,1,0,차대차 - 측면충돌,안전운전불이행,건조,맑음,단일로 - 기타,승용,여,41세,상해없음,승용,남,47세,경상
2023110500100133,2023년 11월 5일 11시,일요일,인천광역시 미추홀구 숭의동,경상사고,0,0,1,0,차대차 - 측면충돌,신호위반,건조,맑음,교차로 - 교차로안,승용,남,66세,상해없음,승용,여,62세,경상
2023110500100134,2023년 11월 5일 11시,일요일,인천광역시 서구 원당동,경상사고,0,0,4,0,차대차 - 측면충돌,안전운전불이행,건조,맑음,교차로 - 교차로안,승용,남,26세,상해없음,승용,남,42세,경상
2023110500100185,2023년 11월 5일 13시,일요일,인천광역시 서구 청라동,경상사고,0,0,1,0,차대차 - 기타,안전운전불이행,젖음/습기,비,기타 - 기타,승용,남,54세,상해없음,이륜,남,29세,경상
2023110500100186,2023년 11월 5일 13시,일요일,인천광역시 계양구 계산동,경상사고,0,0,2,0,차대차 - 추돌,안전운전불이행,젖음/습기,비,단일로 - 기타,승용,남,49세,경상,승합,남,61세,경상
2023110500100266,2023년 11월 5일 16시,일요일,인천광역시 서구 마전동,중상사고,0,1,0,0,차대차 - 추돌,안전운전불이행,건조,맑음,단일로 - 기타,승용,남,69세,상해없음,화물,남,56세,중상
2023110500100303,2023년 11월 5일 17시,일요일,인천광역시 중구 신흥동3가,경상사고,0,0,1,0,차대차 - 기타,안전운전불이행,건조,맑음,교차로 - 교차로안,승용,남,61세,상해없음,승용,남,29세,경상
2023110500100335,2023년 11월 5일 18시,일요일,인천광역시 동구 송현동,경상사고,0,0,1,0,차대차 - 측면충돌,안전운전불이행,침수,기타,단일로 - 기타,자전거,남,14세,기타불명,승합,남,61세,경상
2023110500100402,2023년 11월 5일 20시,일요일,인천광역시 미추홀구 주안동,중상사고,0,1,0,0,차대사람 - 기타,안전운전불이행,젖음/습기,비,단일로 - 기타,승용,남,69세,상해없음,보행자,여,79세,중상
2023110500100403,2023년 11월 5일 20시,일요일,인천광역시 미추홀구 주안동,경상사고,0,0,1,0,차대사람 - 기타,안전운전불이행,젖음/습기,맑음,단일로 - 기타,이륜,남,53세,상해없음,보행자,여,79세,경상
2023110500100404,2023년 11월 5일 20시,일요일,인천광역시 미추홀구 용현동,중상사고,0,1,0,0,차대사람 - 횡단중,신호위반,건조,맑음,교차로 - 교차로안,승합,남,52세,상해없음,보행자,남,71세,중상
2023110500100420,2023년 11월 5일 21시,일요일,인천광역시 부평구 부평동,경상사고,0,0,1,0,차량단독 - 기타,안전운전불이행,건조,맑음,단일로 - 기타,승합,남,68세,상해없음,,,,
2023110500100421,2023년 11월 5일 21시,일요일,인천광역시 남동구 간석동,중상사고,0,1,0,0,차대사람 - 차도통행중,안전운전불이행,젖음/습기,비,단일로 - 기타,승합,남,64세,상해없음,보행자,남,59세,중상
2023110500100458,2023년 11월 5일 23시,일요일,인천광역시 부평구 부평동,부상신고사고,0,0,0,1,차대사람 - 횡단중,안전운전불이행,젖음/습기,비,단일로 - 기타,승용,남,64세,상해없음,보행자,남,61세,부상신고
2023110600100011,2023년 11월 6일 01시,월요일,인천광역시 미추홀구 학익동,중상사고,0,1,0,0,차대차 - 기타,안전운전불이행,건조,맑음,교차로 - 교차로안,승용,남,52세,기타불명,승용,남,40세,중상
2023110600100022,2023년 11월 6일 02시,월요일,인천광역시 서구 원당동,경상사고,0,0,2,0,차대차 - 후진중충돌,안전운전불이행,젖음/습기,비,단일로 - 기타,승용,남,50세,상해없음,승용,여,28세,경상
2023110600100032,2023년 11월 6일 04시,월요일,인천광역시 서구 석남동,경상사고,0,0,1,0,차대차 - 추돌,안전운전불이행,건조,맑음,교차로 - 교차로부근,승용,여,65세,상해없음,승합,남,63세,상해없음
2023110600100042,2023년 11월 6일 05시,월요일,인천광역시 미추홀구 주안동,부상신고사고,0,0,0,1,차대사람 - 차도통행중,안전운전불이행,젖음/습기,흐림,교차로 - 교차로안,기타불명,기타불명,미분류,기타불명,보행자,남,62세,부상신고
2023110600100043,2023년 11월 6일 05시,월요일,인천광역시 미추홀구 주안동,사망사고,1,0,0,0,차대차 - 측면충돌,기타,젖음/습기,비,단일로 - 기타,승용,남,44세,상해없음,자전거,남,67세,사망
2023110600100064,2023년 11월 6일 06시,월요일,인천광역시 서구 당하동,경상사고,0,0,1,0,차대차 - 후진중충돌,안전운전불이행,젖음/습기,비,기타 - 기타,승용,남,64세,상해없음,승용,남,29세,경상
2023110600100192,2023년 11월 6일 09시,월요일,인천광역시 미추홀구 주안동,경상사고,0,0,1,0,차대사람 - 횡단중,보행자보호의무위반,건조,맑음,교차로 - 교차로안,승용,남,77세,상해없음,보행자,여,61세,경상
2023110600100194,2023년 11월 6일 09시,월요일,인천광역시 남동구 구월동,경상사고,0,0,2,0,차대차 - 측면충돌,교차로운행방법위반,젖음/습기,흐림,교차로 - 교차로부근,승용,여,43세,기타불명,승용,남,61세,경상
2023110600100226,2023년 11월 6일 10시,월요일,인천광역시 강화군 교동면,경상사고,0,0,1,0,차대차 - 측면충돌,기타,젖음/습기,비,교차로 - 교차로안,이륜,남,55세,경상,승용,남,60세,상해없음
2023110600100251,2023년 11월 6일 11시,월요일,인천광역시 옹진군 영흥면,중상사고,0,1,0,0,차대사람 - 횡단중,안전운전불이행,젖음/습기,비,단일로 - 기타,승용,남,68세,상해없음,보행자,남,10세,중상
2023110600100252,2023년 11월 6일 11시,월요일,인천광역시 미추홀구 주안동,중상사고,0,1,0,0,차대차 - 측면충돌,교차로운행방법위반,건조,맑음,교차로 - 교차로안,승용,남,24세,상해없음,원동기,남,34세,중상
2023110600100273,2023년 11월 6일 12시,월요일,인천광역시 미추홀구 숭의동,경상사고,0,0,1,0,차대차 - 측면충돌,안전운전불이행,건조,맑음,단일로 - 기타,승용,남,59세,기타불명,승용,여,59세,경상
2023110600100274,2023년 11월 6일 12시,월요일,인천광역시 계양구 작전동,중상사고,0,2,1,0,차대차 - 측면충돌,안전운전불이행,건조,맑음,교차로 - 교차로부근,승용,여,40세,상해없음,승용,남,74세,중상
2023110600100302,2023년 11월 6일 13시,월요일,인천광역시 연수구 연수동,경상사고,0,0,3,0,차대차 - 측면충돌,신호위반,젖음/습기,비,교차로 - 교차로안,승합,남,61세,상해없음,승용,남,28세,경상
2023110600100331,2023년 11월 6일 14시,월요일,인천광역시 미추홀구 학익동,경상사고,0,0,2,0,차대차 - 측면충돌,안전운전불이행,건조,맑음,교차로 - 교차로부근,승합,남,38세,상해없음,승용,여,24세,경상
2023110600100332,2023년 11월 6일 14시,월요일,인천광역시 미추홀구 도화동,경상사고,0,0,2,0,차대차 - 추돌,안전운전불이행,젖음/습기,비,단일로 - 기타,화물,남,26세,기타불명,승합,남,63세,경상
2023110600100333,2023년 11월 6일 14시,월요일,인천광역시 남동구 구월동,경상사고,0,0,1,0,차대사람 - 기타,안전운전불이행,젖음/습기,비,단일로 - 기타,화물,남,46세,상해없음,보행자,남,39세,경상
2023110600100334,2023년 11월 6일 14시,월요일,인천광역시 서구 당하동,부상신고사고,0,0,0,1,차대사람 - 보도통행중,안전운전불이행,젖음/습기,맑음,단일로 - 기타,자전거,남,78세,부상신고,보행자,남,56세,상해없음
2023110600100335,2023년 11월 6일 14시,월요일,인천광역시 서구 청라동,중상사고,0,1,0,0,차대사람 - 횡단중,안전운전불이행,건조,맑음,교차로 - 교차로부근,승용,남,59세,상해없음,보행자,여,22세,중상
2023110600100336,2023년 11월 6일 14시,월요일,인천광역시 남동구 장수동,경상사고,0,0,1,0,차대차 - 추돌,기타,젖음/습기,흐림,기타 - 기타,승용,여,60세,경상,승합,남,68세,상해없음
2023110600100360,2023년 11월 6일 15시,월요일,인천광역시 남동구 간석동,경상사고,0,0,1,0,차대차 - 측면충돌,신호위반,건조,맑음,교차로 - 교차로부근,화물,남,39세,상해없음,승용,여,63세,경상
2023110600100361,2023년 11월 6일 15시,월요일,인천광역시 강화군 강화읍,경상사고,0,0,1,0,차대사람 - 횡단중,안전운전불이행,젖음/습기,비,단일로 - 기타,승용,여,68세,상해없음,보행자,여,80세,경상
2023110600100401,2023년 11월 6일 16시,월요일,인천광역시 동구 송현동,경상사고,0,0,1,0,차대차 - 측면충돌,안전거리미확보,건조,맑음,단일로 - 지하차도(도로)내,승용,여,34세,상해없음,승용,남,41세,경상
2023110600100450,2023년 11월 6일 17시,월요일,인천광역시 서구 오류동,경상사고,0,0,1,0,차대차 - 측면충돌,안전거리미확보,건조,맑음,단일로 - 기타,승용,남,74세,상해없음,화물,남,43세,경상
2023110600100562,2023년 11월 6일 19시,월요일,인천광역시 연수구 옥련동,중상사고,0,1,0,0,차대차 - 측면충돌,안전운전불이행,젖음/습기,비,교차로 - 교차로안,승용,남,58세,상해없음,이륜,남,27세,중상
2023110600100593,2023년 11월 6일 20시,월요일,인천광역시 중구 신흥동3가,경상사고,0,0,1,0,차대차 - 추돌,안전운전불이행,건조,맑음,교차로 - 교차로부근,화물,남,36세,기타불명,승용,여,42세,경상
2023110600100657,2023년 11월 6일 23시,월요일,인천광역시 중구 중산동,경상사고,0,0,2,0,차대차 - 추돌,안전운전불이행,건조,맑음,주차장 - 주차장,승용,남,38세,상해없음,승용,남,23세,경상
2023110600100658,2023년 11월 6일 23시,월요일,인천광역시 중구 신흥동3가,경상사고,0,0,1,0,차대차 - 기타,차로위반,건조,맑음,단일로 - 기타,특수,남,62세,상해없음,승용,남,40세,경상
2023110600100659,2023년 11월 6일 23시,월요일,인천광역시 부평구 부평동,경상사고,0,0,1,0,차량단독 - 공작물충돌,안전운전불이행,젖음/습기,비,기타 - 기타,승용,남,66세,상해없음,,,,
2023110700100030,2023년 11월 7일 04시,화요일,인천광역시 서구 석남동,경상사고,0,0,1,0,차대차 - 측면충돌,안전운전불이행,건조,맑음,교차로 - 교차로안,특수,남,60세,상해없음,승합,남,51세,경상
2023110700100050,2023년 11월 7일 06시,화요일,인천광역시 미추홀구 용현동,중상사고,0,1,1,0,차대차 - 측면충돌,신호위반,건조,맑음,교차로 - 교차로안,승용,여,78세,상해없음,화물,남,81세,경상
2023110700100051,2023년 11월 7일 06시,화요일,인천광역시 미추홀구 주안동,경상사고,0,0,1,0,차대차 - 측면충돌,교차로운행방법위반,건조,맑음,단일로 - 기타,승용,여,31세,상해없음,이륜,남,34세,경상
2023110700100052,2023년 11월 7일 06시,화요일,인천광역시 서구 금곡동,중상사고,0,1,0,0,차대차 - 추돌,안전운전불이행,건조,맑음,교차로 - 교차로안,승용,남,55세,상해없음,이륜,남,47세,중상
2023110700100165,2023년 11월 7일 09시,화요일,인천광역시 미추홀구 숭의동,경상사고,0,0,1,0,차대차 - 기타,안전운전불이행,건조,맑음,단일로 - 기타,화물,남,25세,상해없음,화물,남,34세,기타불명
2023110700100208,2023년 11월 7일 10시,화요일,인천광역시 계양구 작전동,경상사고,0,0,1,0,차대차 - 측면충돌,차로위반,건조,맑음,교차로 - 교차로부근,화물,남,32세,상해없음,승용,남,22세,경상
2023110700100250,2023년 11월 7일 11시,화요일,인천광역시 중구 운남동,경상사고,0,0,1,0,차대차 - 추돌,안전운전불이행,건조,맑음,단일로 - 지하차도(도로)내,승용,남,65세,상해없음,특수,남,76세,경상
2023110700100251,2023년 11월 7일 11시,화요일,인천광역시 부평구 청천동,중상사고,0,1,7,0,차대차 - 기타,신호위반,건조,맑음,교차로 - 교차로안,화물,남,57세,상해없음,승합,남,53세,중상
2023110700100252,2023년 11월 7일 11시,화요일,인천광역시 계양구 귤현동,경상사고,0,0,4,0,차대차 - 추돌,안전거리미확보,건조,맑음,단일로 - 교량,승용,남,36세,경상,승용,남,71세,경상
2023110700100292,2023년 11월 7일 12시,화요일,인천광역시 중구 항동7가,경상사고,0,0,1,0,차대차 - 측면충돌,안전운전불이행,건조,맑음,단일로 - 지하차도(도로)내,승용,여,48세,상해없음,자전거,남,66세,경상
2023110700100293,2023년 11월 7일 12시,화요일,인천광역시 부평구 청천동,경상사고,0,0,7,0,차대차 - 측면충돌,신호위반,건조,맑음,교차로 - 교차로안,승합,남,47세,기타불명,승합,남,52세,경상
2023110700100402,2023년 11월 7일 15시,화요일,인천광역시 연수구 송도동,경상사고,0,0,2,0,차대차 - 측면충돌,안전운전불이행,건조,맑음,단일로 - 기타,이륜,남,39세,상해없음,승합,남,75세,경상
2023110700100448,2023년 11월 7일 16시,화요일,인천광역시 서구 가좌동,경상사고,0,0,1,0,차대차 - 후진중충돌,안전운전불이행,건조,맑음,단일로 - 기타,화물,남,55세,상해없음,승용,남,64세,경상
2023110700100563,2023년 11월 7일 18시,화요일,인천광역시 미추홀구 학익동,중상사고,0,1,0,0,차대차 - 측면충돌,안전운전불이행,건조,맑음,단일로 - 기타,승용,여,43세,상해없음,이륜,남,41세,중상
2023110700100564,2023년 11월 7일 18시,화요일,인천광역시 미추홀구 학익동,경상사고,0,0,1,0,차대차 - 추돌,안전운전불이행,건조,맑음,기타 - 기타,승용,남,35세,상해없음,승용,여,41세,경상
2023110700100565,2023년 11월 7일 18시,화요일,인천광역시 부평구 십정동,부상신고사고,0,0,0,1,차대사람 - 기타,안전운전불이행,건조,맑음,단일로 - 기타,이륜,남,62세,상해없음,보행자,남,81세,부상신고
2023110700100566,2023년 11월 7일 18시,화요일,인천광역시 연수구 선학동,경상사고,0,0,1,0,차대차 - 추돌,안전운전불이행,건조,맑음,단일로 - 지하차도(도로)내,승용,남,61세,상해없음,승용,여,30세,경상
2023110700100631,2023년 11월 7일 20시,화요일,인천광역시 남동구 구월동,경상사고,0,0,2,0,차대차 - 추돌,안전운전불이행,건조,맑음,기타 - 기타,승용,남,28세,상해없음,승용,여,55세,경상
2023110700100649,2023년 11월 7일 21시,화요일,인천광역시 부평구 청천동,부상신고사고,0,0,0,1,차대차 - 기타,안전운전불이행,젖음/습기,흐림,단일로 - 기타,이륜,여,39세,기타불명,자전거,남,30세,부상신고
2023110700100663,2023년 11월 7일 22시,화요일,인천광역시 남동구 논현동,경상사고,0,0,1,0,차대차 - 측면충돌,신호위반,건조,맑음,교차로 - 교차로부근,이륜,남,37세,상해없음,이륜,남,47세,경상
2023110700100679,2023년 11월 7일 23시,화요일,인천광역시 연수구 송도동,경상사고,0,0,1,0,차대차 - 측면충돌,신호위반,건조,맑음,교차로 - 교차로안,승용,남,30세,상해없음,승용,남,55세,경상
2023110800100040,2023년 11월 8일 06시,수요일,인천광역시 부평구 일신동,경상사고,0,0,1,0,차대차 - 추돌,안전운전불이행,건조,맑음,단일로 - 기타,화물,남,54세,상해없음,화물,남,64세,경상
2023110800100073,2023년 11월 8일 07시,수요일,인천광역시 남동구 구월동,경상사고,0,0,1,0,차대차 - 측면충돌,안전운전불이행,건조,맑음,교차로 - 교차로부근,승용,남,43세,상해없음,자전거,남,44세,경상
2023110800100074,2023년 11월 8일 07시,수요일,인천광역시 서구 가좌동,경상사고,0,0,1,0,차대차 - 추돌,안전거리미확보,건조,맑음,단일로 - 기타,화물,남,67세,상해없음,승용,남,40세,경상
2023110800100121,2023년 11월 8일 08시,수요일,인천광역시 동구 송현동,경상사고,0,0,1,0,차대차 - 추돌,안전운전불이행,기타,맑음,기타 - 기타,건설기계,남,42세,상해없음,기타불명,여,51세,경상
2023110800100123,2023년 11월 8일 08시,수요일,인천광역시 남동구 구월동,중상사고,0,1,0,0,차대차 - 추돌,안전운전불이행,건조,맑음,교차로 - 교차로부근,화물,남,42세,상해없음,승용,여,50세,중상
2023110800100124,2023년 11월 8일 08시,수요일,인천광역시 남동구 도림동,중상사고,0,1,0,0,차대차 - 측면충돌,안전거리미확보,건조,맑음,교차로 - 교차로부근,승용,남,60세,상해없음,승용,여,55세,중상
2023110800100164,2023년 11월 8일 09시,수요일,인천광역시 미추홀구 주안동,경상사고,0,0,1,0,차대사람 - 기타,안전운전불이행,건조,맑음,기타 - 기타,승용,남,73세,상해없음,보행자,여,37세,경상
2023110800100233,2023년 11월 8일 11시,수요일,인천광역시 중구 북성동1가,경상사고,0,0,1,0,차대차 - 추돌,안전운전불이행,건조,맑음,교차로 - 교차로부근,화물,남,43세,상해없음,승용,남,43세,경상