사고번호,사고일시,요일,시군구,사고내용,사망자수,중상자수,경상자수,부상신고자수,사고유형,법규위반,노면상태,기상상태,도로형태,가해운전자 차종,가해운전자 성별,가해운전자 연령,가해운전자 상해정도,피해운전자 차종,피해운전자 성별,피해운전자 연령,피해운전자 상해정도
2023111300100577,2023년 11월 13일 18시,월요일,인천광역시 부평구 부평동,중상사고,0,1,0,0,차대사람 - 횡단중,보행자보호의무위반,건조,맑음,기타 - 기타,승용,여,29세,상해없음,보행자,남,73세,중상
2023111300100578,2023년 11월 13일 18시,월요일,인천광역시 서구 백석동,경상사고,0,0,2,0,차대차 - 추돌,안전운전불이행,건조,맑음,단일로 - 기타,승용,여,51세,상해없음,승용,여,23세,경상
2023111300100624,2023년 11월 13일 19시,월요일,인천광역시 서구 가정동,경상사고,0,0,1,0,차대차 - 정면충돌,중앙선침범,건조,맑음,교차로 - 교차로부근,승용,남,57세,상해없음,이륜,남,19세,경상
2023111300100683,2023년 11월 13일 22시,월요일,인천광역시 계양구 효성동,경상사고,0,0,1,0,차량단독 - 기타,안전운전불이행,건조,맑음,교차로 - 교차로안,승합,남,55세,상해없음,,,,
2023111300100692,2023년 11월 13일 23시,월요일,인천광역시 미추홀구 용현동,경상사고,0,0,2,0,차대차 - 추돌,안전운전불이행,건조,맑음,교차로 - 교차로부근,승용,남,57세,상해없음,승용,남,44세,경상
2023111400100008,2023년 11월 14일 00시,화요일,인천광역시 미추홀구 주안동,경상사고,0,0,1,0,차대차 - 측면충돌,중앙선침범,건조,맑음,단일로 - 기타,승용,여,29세,상해없음,승용,남,23세,경상
2023111400100026,2023년 11월 14일 05시,화요일,인천광역시 미추홀구 용현동,경상사고,0,0,2,0,차대차 - 측면충돌,교차로운행방법위반,건조,맑음,교차로 - 교차로안,화물,남,63세,상해없음,승용,남,37세,경상
2023111400100027,2023년 11월 14일 05시,화요일,인천광역시 부평구 갈산동,사망사고,1,0,1,0,차대차 - 기타,안전운전불이행,건조,맑음,단일로 - 기타,이륜,남,37세,사망,승용,남,62세,기타불명
2023111400100164,2023년 11월 14일 09시,화요일,인천광역시 남동구 논현동,경상사고,0,0,1,0,차대차 - 추돌,안전운전불이행,건조,맑음,교차로 - 교차로부근,승용,남,71세,상해없음,승용,남,36세,경상
2023111400100199,2023년 11월 14일 10시,화요일,인천광역시 서구 가좌동,경상사고,0,0,1,0,차대차 - 추돌,차로위반,건조,맑음,단일로 - 기타,이륜,남,73세,상해없음,승용,여,34세,경상
2023111400100258,2023년 11월 14일 12시,화요일,인천광역시 서구 신현동,경상사고,0,0,1,0,차대사람 - 횡단중,보행자보호의무위반,건조,맑음,교차로 - 교차로횡단보도내,승용,남,78세,상해없음,보행자,여,15세,경상
2023111400100292,2023년 11월 14일 13시,화요일,인천광역시 미추홀구 주안동,경상사고,0,0,1,0,차대사람 - 횡단중,안전운전불이행,건조,맑음,교차로 - 교차로안,승용,남,66세,상해없음,보행자,여,23세,경상
2023111400100293,2023년 11월 14일 13시,화요일,인천광역시 남동구 만수동,경상사고,0,0,2,0,차대차 - 추돌,안전운전불이행,건조,맑음,교차로 - 교차로부근,승용,남,51세,상해없음,승용,남,39세,경상
2023111400100342,2023년 11월 14일 14시,화요일,인천광역시 부평구 구산동,경상사고,0,0,4,0,차대차 - 추돌,안전운전불이행,건조,맑음,단일로 - 기타,화물,남,54세,상해없음,승용,남,58세,경상
2023111400100406,2023년 11월 14일 16시,화요일,인천광역시 미추홀구 숭의동,경상사고,0,0,1,0,차대사람 - 차도통행중,안전운전불이행,건조,맑음,교차로 - 교차로부근,승용,남,37세,상해없음,보행자,남,44세,경상
2023111400100407,2023년 11월 14일 16시,화요일,인천광역시 서구 오류동,중상사고,0,1,0,0,차대차 - 측면충돌,안전운전불이행,건조,맑음,교차로 - 교차로안,승용,여,34세,상해없음,승용,남,52세,중상
2023111400100408,2023년 11월 14일 16시,화요일,인천광역시 부평구 일신동,부상신고사고,0,0,0,1,차대사람 - 차도통행중,안전운전불이행,건조,맑음,교차로 - 교차로부근,승용,남,39세,상해없음,보행자,남,62세,부상신고
2023111400100409,2023년 11월 14일 16시,화요일,인천광역시 남동구 논현동,중상사고,0,1,0,0,차대차 - 측면충돌,안전운전불이행,건조,맑음,교차로 - 교차로부근,승용,여,44세,상해없음,자전거,남,51세,중상
2023111400100445,2023년 11월 14일 17시,화요일,인천광역시 연수구 연수동,경상사고,0,0,1,0,차대차 - 측면충돌,신호위반,건조,맑음,교차로 - 교차로안,승합,남,58세,상해없음,이륜,남,37세,경상
2023111400100446,2023년 11월 14일 17시,화요일,인천광역시 남동구 논현동,경상사고,0,0,1,0,차대차 - 후진중충돌,불법유턴,건조,맑음,단일로 - 기타,승합,남,63세,상해없음,승합,기타불명,미분류,기타불명
2023111400100510,2023년 11월 14일 18시,화요일,인천광역시 미추홀구 주안동,경상사고,0,0,1,0,차대차 - 측면충돌,안전거리미확보,건조,맑음,단일로 - 기타,승용,남,18세,상해없음,승용,여,61세,경상
2023111400100512,2023년 11월 14일 18시,화요일,인천광역시 서구 불로동,중상사고,0,1,0,0,차대사람 - 횡단중,신호위반,건조,맑음,교차로 - 교차로횡단보도내,승용,남,65세,상해없음,보행자,남,11세,중상
2023111400100513,2023년 11월 14일 18시,화요일,인천광역시 서구 검암동,경상사고,0,0,2,0,차대차 - 추돌,안전운전불이행,건조,맑음,단일로 - 기타,승용,남,23세,상해없음,승용,여,39세,경상
2023111400100581,2023년 11월 14일 20시,화요일,인천광역시 계양구 동양동,경상사고,0,0,2,0,차대차 - 측면충돌,안전운전불이행,건조,맑음,단일로 - 기타,승용,여,53세,상해없음,승용,남,38세,경상
2023111400100602,2023년 11월 14일 21시,화요일,인천광역시 남동구 구월동,부상신고사고,0,0,0,1,차대사람 - 기타,안전운전불이행,건조,맑음,교차로 - 교차로부근,승용,남,62세,상해없음,보행자,남,68세,부상신고
2023111500100007,2023년 11월 15일 00시,수요일,인천광역시 남동구 만수동,경상사고,0,0,2,0,차대차 - 측면충돌,안전거리미확보,건조,맑음,단일로 - 지하차도(도로)내,승용,남,36세,상해없음,승용,남,58세,경상
2023111500100081,2023년 11월 15일 07시,수요일,인천광역시 계양구 작전동,경상사고,0,0,1,0,차대차 - 추돌,안전운전불이행,건조,맑음,교차로 - 교차로부근,승용,남,59세,상해없음,승용,남,61세,경상
2023111500100082,2023년 11월 15일 07시,수요일,인천광역시 남동구 남촌동,경상사고,0,0,1,0,차대차 - 측면충돌,안전거리미확보,건조,맑음,단일로 - 기타,승용,여,53세,상해없음,건설기계,남,49세,경상
2023111500100124,2023년 11월 15일 08시,수요일,인천광역시 중구 신흥동1가,경상사고,0,0,1,0,차대차 - 측면충돌,차로위반,건조,맑음,교차로 - 교차로부근,화물,남,72세,기타불명,승용,남,20세,경상
2023111500100125,2023년 11월 15일 08시,수요일,인천광역시 강화군 송해면,중상사고,0,1,0,0,차대차 - 정면충돌,중앙선침범,젖음/습기,안개,단일로 - 지하차도(도로)내,승용,여,68세,상해없음,승용,여,40세,중상
2023111500100292,2023년 11월 15일 13시,수요일,인천광역시 중구 신흥동3가,경상사고,0,0,1,0,차대차 - 측면충돌,안전운전불이행,건조,맑음,교차로 - 교차로부근,승용,남,73세,상해없음,승용,남,34세,경상
2023111500100325,2023년 11월 15일 14시,수요일,인천광역시 계양구 계산동,경상사고,0,0,1,0,차대차 - 기타,중앙선침범,건조,맑음,기타 - 기타,자전거,남,84세,경상,승용,남,76세,상해없음
2023111500100326,2023년 11월 15일 14시,수요일,인천광역시 남동구 장수동,경상사고,0,0,1,0,차대차 - 측면충돌,안전거리미확보,건조,맑음,교차로 - 교차로부근,승용,남,72세,상해없음,승용,남,78세,경상
2023111500100362,2023년 11월 15일 15시,수요일,인천광역시 계양구 작전동,경상사고,0,0,1,0,차대차 - 기타,안전운전불이행,건조,맑음,단일로 - 기타,화물,남,54세,상해없음,승용,여,32세,경상
2023111500100447,2023년 11월 15일 17시,수요일,인천광역시 남동구 간석동,경상사고,0,0,2,0,차대차 - 추돌,안전운전불이행,건조,맑음,단일로 - 기타,승용,남,63세,상해없음,이륜,여,30세,경상
2023111500100498,2023년 11월 15일 18시,수요일,인천광역시 중구 운서동,경상사고,0,0,1,0,차대차 - 정면충돌,교차로운행방법위반,건조,맑음,교차로 - 교차로안,승용,남,62세,상해없음,승용,여,54세,경상
2023111500100499,2023년 11월 15일 18시,수요일,인천광역시 계양구 작전동,경상사고,0,0,1,0,차대차 - 측면충돌,안전운전불이행,건조,맑음,단일로 - 기타,승용,여,40세,상해없음,승용,여,42세,경상
2023111500100542,2023년 11월 15일 19시,수요일,인천광역시 서구 왕길동,경상사고,0,0,1,0,차대차 - 측면충돌,안전거리미확보,건조,맑음,교차로 - 교차로부근,승용,남,20세,상해없음,승용,여,23세,경상
2023111500100566,2023년 11월 15일 20시,수요일,인천광역시 미추홀구 주안동,경상사고,0,0,1,0,차대사람 - 기타,안전운전불이행,건조,맑음,기타 - 기타,승용,남,26세,기타불명,보행자,여,14세,경상
2023111500100615,2023년 11월 15일 22시,수요일,인천광역시 남동구 남촌동,중상사고,0,1,0,0,차대차 - 추돌,안전운전불이행,건조,맑음,단일로 - 기타,승용,남,35세,상해없음,화물,남,34세,중상
2023111600100006,2023년 11월 16일 00시,목요일,인천광역시 미추홀구 용현동,경상사고,0,0,1,0,차대차 - 후진중충돌,안전운전불이행,건조,맑음,교차로 - 교차로부근,승용,남,65세,상해없음,승용,여,59세,경상
2023111600100053,2023년 11월 16일 07시,목요일,인천광역시 서구 가정동,중상사고,0,1,0,0,차대차 - 추돌,안전운전불이행,건조,맑음,단일로 - 기타,승용,남,37세,상해없음,승용,여,45세,중상
2023111600100054,2023년 11월 16일 07시,목요일,인천광역시 부평구 작전동,경상사고,0,0,1,0,차대차 - 측면충돌,안전운전불이행,건조,맑음,단일로 - 기타,승용,남,49세,상해없음,승용,여,48세,경상
2023111600100106,2023년 11월 16일 09시,목요일,인천광역시 남동구 간석동,경상사고,0,0,2,0,차대차 - 측면충돌,교차로운행방법위반,건조,흐림,교차로 - 교차로부근,승용,남,64세,상해없음,승용,남,43세,경상
2023111600100141,2023년 11월 16일 10시,목요일,인천광역시 미추홀구 주안동,경상사고,0,0,2,0,차대차 - 측면충돌,안전거리미확보,젖음/습기,비,교차로 - 교차로안,화물,남,35세,상해없음,승용,남,33세,경상
2023111600100142,2023년 11월 16일 10시,목요일,인천광역시 서구 당하동,중상사고,0,1,0,0,차대차 - 정면충돌,신호위반,젖음/습기,비,교차로 - 교차로안,승용,여,26세,상해없음,원동기,남,34세,중상
2023111600100143,2023년 11월 16일 10시,목요일,인천광역시 부평구 부평동,경상사고,0,0,1,0,차대차 - 측면충돌,안전운전불이행,건조,맑음,교차로 - 교차로부근,승용,여,55세,상해없음,승용,남,40세,경상
2023111600100177,2023년 11월 16일 11시,목요일,인천광역시 남동구 고잔동,경상사고,0,0,1,0,차대차 - 측면충돌,불법유턴,젖음/습기,비,교차로 - 교차로부근,승용,남,74세,상해없음,승용,남,66세,경상
2023111600100203,2023년 11월 16일 12시,목요일,인천광역시 부평구 부평동,부상신고사고,0,0,0,1,차대사람 - 횡단중,신호위반,젖음/습기,비,교차로 - 교차로횡단보도내,기타불명,기타불명,미분류,기타불명,보행자,여,38세,부상신고
2023111600100255,2023년 11월 16일 14시,목요일,인천광역시 부평구 삼산동,경상사고,0,0,1,0,차대차 - 기타,기타,젖음/습기,비,기타 - 기타,승용,여,65세,상해없음,승용,남,44세,경상
2023111600100289,2023년 11월 16일 15시,목요일,인천광역시 강화군 화도면,경상사고,0,0,1,0,차대차 - 후진중충돌,불법유턴,건조,맑음,교차로 - 교차로부근,승용,남,75세,상해없음,승용,남,41세,경상
2023111600100330,2023년 11월 16일 16시,목요일,인천광역시 중구 운서동,경상사고,0,0,1,0,차대차 - 측면충돌,안전운전불이행,건조,맑음,단일로 - 기타,화물,남,72세,상해없음,승용,남,27세,경상
2023111600100331,2023년 11월 16일 16시,목요일,인천광역시 미추홀구 숭의동,경상사고,0,0,1,0,차대차 - 측면충돌,안전운전불이행,건조,맑음,단일로 - 기타,승용,남,62세,상해없음,승용,여,32세,경상
2023111600100407,2023년 11월 16일 17시,목요일,인천광역시 연수구 송도동,부상신고사고,0,0,0,1,차대차 - 기타,안전운전불이행,건조,맑음,교차로 - 교차로부근,승용,남,52세,상해없음,자전거,여,9세,부상신고
2023111600100478,2023년 11월 16일 18시,목요일,인천광역시 미추홀구 주안동,사망사고,1,0,0,0,차대사람 - 횡단중,안전운전불이행,젖음/습기,비,교차로 - 교차로안,화물,남,39세,상해없음,보행자,남,66세,사망
2023111600100479,2023년 11월 16일 18시,목요일,인천광역시 부평구 산곡동,중상사고,0,1,0,0,차대사람 - 횡단중,보행자보호의무위반,젖음/습기,비,교차로 - 교차로안,승합,남,66세,상해없음,보행자,남,56세,중상
2023111600100480,2023년 11월 16일 18시,목요일,인천광역시 부평구 부평동,경상사고,0,0,1,0,차대사람 - 보도통행중,안전운전불이행,젖음/습기,비,교차로 - 교차로부근,승용,남,81세,상해없음,보행자,여,25세,경상
2023111600100481,2023년 11월 16일 18시,목요일,인천광역시 부평구 갈산동,경상사고,0,0,2,0,차대차 - 측면충돌,신호위반,건조,맑음,교차로 - 교차로부근,화물,남,42세,상해없음,승용,여,34세,경상
2023111600100537,2023년 11월 16일 19시,목요일,인천광역시 중구 북성동2가,경상사고,0,0,1,0,차대차 - 추돌,안전운전불이행,젖음/습기,비,교차로 - 교차로부근,승용,남,81세,상해없음,승용,남,43세,경상
2023111600100571,2023년 11월 16일 20시,목요일,인천광역시 서구 석남동,경상사고,0,0,1,0,차대차 - 측면충돌,신호위반,젖음/습기,흐림,교차로 - 교차로안,승용,남,36세,상해없음,승용,남,38세,경상
2023111600100599,2023년 11월 16일 21시,목요일,인천광역시 미추홀구 용현동,경상사고,0,0,1,0,차대사람 - 차도통행중,안전운전불이행,건조,맑음,단일로 - 기타,승용,남,20세,상해없음,보행자,여,23세,경상
2023111600100641,2023년 11월 16일 23시,목요일,인천광역시 서구 청라동,경상사고,0,0,1,0,차대차 - 추돌,안전운전불이행,건조,맑음,교차로 - 교차로부근,승용,남,42세,상해없음,이륜,남,23세,경상
2023111600100642,2023년 11월 16일 23시,목요일,인천광역시 연수구 옥련동,중상사고,0,1,1,0,차대차 - 측면충돌,신호위반,젖음/습기,비,교차로 - 교차로안,승용,남,29세,상해없음,승용,남,56세,중상
2023111600100643,2023년 11월 16일 23시,목요일,인천광역시 남동구 남촌동,경상사고,0,0,1,0,차대차 - 측면충돌,신호위반,젖음/습기,비,교차로 - 교차로안,승용,남,47세,상해없음,승용,여,61세,경상
2023111700100025,2023년 11월 17일 03시,금요일,인천광역시 서구 가정동,경상사고,0,0,1,0,차대차 - 추돌,안전운전불이행,건조,맑음,교차로 - 교차로부근,승용,남,40세,상해없음,승합,남,48세,경상
2023111700100046,2023년 11월 17일 05시,금요일,인천광역시 계양구 귤현동,경상사고,0,0,2,0,차대차 - 추돌,안전거리미확보,건조,맑음,단일로 - 교량,승용,남,69세,상해없음,승용,남,58세,경상
2023111700100141,2023년 11월 17일 08시,금요일,인천광역시 부평구 산곡동,경상사고,0,0,1,0,차대차 - 추돌,안전운전불이행,건조,맑음,단일로 - 기타,승용,남,29세,상해없음,승용,여,61세,경상
2023111700100218,2023년 11월 17일 10시,금요일,인천광역시 부평구 부평동,중상사고,0,1,0,0,차대차 - 후진중충돌,불법유턴,건조,맑음,단일로 - 기타,화물,남,61세,상해없음,이륜,남,33세,중상
2023111700100328,2023년 11월 17일 13시,금요일,인천광역시 동구 송현동,경상사고,0,0,1,0,차대차 - 측면충돌,교차로운행방법위반,건조,맑음,교차로 - 교차로안,승합,남,63세,상해없음,승용,남,47세,경상
2023111700100359,2023년 11월 17일 14시,금요일,인천광역시 서구 청라동,경상사고,0,0,1,0,차대차 - 추돌,안전운전불이행,건조,맑음,단일로 - 기타,승합,남,61세,상해없음,승용,여,53세,경상
2023111700100399,2023년 11월 17일 15시,금요일,인천광역시 미추홀구 주안동,경상사고,0,0,1,0,차대차 - 측면충돌,신호위반,건조,맑음,교차로 - 교차로부근,승용,남,30세,상해없음,자전거,남,52세,경상
2023111700100443,2023년 11월 17일 16시,금요일,인천광역시 부평구 청천동,경상사고,0,0,1,0,차대차 - 기타,차로위반,건조,맑음,교차로 - 교차로안,승용,남,54세,상해없음,승용,여,34세,경상
2023111700100444,2023년 11월 17일 16시,금요일,인천광역시 부평구 십정동,경상사고,0,0,2,0,차대차 - 측면충돌,안전운전불이행,건조,맑음,교차로 - 교차로안,승용,남,57세,상해없음,자전거,남,11세,경상
2023111700100445,2023년 11월 17일 16시,금요일,인천광역시 서구 가좌동,경상사고,0,0,1,0,차대차 - 측면충돌,교차로운행방법위반,건조,맑음,교차로 - 교차로안,승용,여,40세,상해없음,승용,여,54세,경상
2023111700100489,2023년 11월 17일 17시,금요일,인천광역시 계양구 계산동,경상사고,0,0,1,0,차대차 - 추돌,안전운전불이행,건조,맑음,단일로 - 기타,화물,남,53세,상해없음,승합,남,61세,상해없음
2023111700100490,2023년 11월 17일 17시,금요일,인천광역시 서구 검암동,경상사고,0,0,1,0,차대차 - 기타,안전운전불이행,건조,맑음,단일로 - 기타,화물,남,63세,상해없음,승용,여,41세,경상
2023111700100560,2023년 11월 17일 18시,금요일,인천광역시 서구 마전동,경상사고,0,0,1,0,차대차 - 추돌,안전운전불이행,건조,맑음,단일로 - 기타,이륜,남,46세,경상,승용,여,47세,상해없음
2023111700100561,2023년 11월 17일 18시,금요일,인천광역시 연수구 동춘동,경상사고,0,0,1,0,차대차 - 추돌,안전운전불이행,건조,맑음,단일로 - 기타,승용,남,56세,상해없음,승용,남,23세,경상
2023111700100562,2023년 11월 17일 18시,금요일,인천광역시 남동구 논현동,중상사고,0,1,0,0,차대사람 - 횡단중,보행자보호의무위반,건조,맑음,교차로 - 교차로횡단보도내,자전거,남,68세,상해없음,보행자,여,82세,중상
2023111700100563,2023년 11월 17일 18시,금요일,인천광역시 남동구 남촌동,경상사고,0,0,1,0,차대차 - 후진중충돌,안전운전불이행,건조,맑음,기타 - 기타,화물,남,55세,상해없음,승용,남,44세,경상
2023111700100564,2023년 11월 17일 18시,금요일,인천광역시 남동구 고잔동,경상사고,0,0,1,0,차대차 - 측면충돌,안전운전불이행,건조,맑음,교차로 - 교차로부근,승용,남,29세,경상,승용,남,59세,상해없음
2023111700100650,2023년 11월 17일 20시,금요일,인천광역시 중구 운남동,경상사고,0,0,1,0,차대차 - 추돌,안전운전불이행,건조,맑음,교차로 - 교차로부근,승용,여,32세,기타불명,승용,남,51세,경상
2023111700100676,2023년 11월 17일 21시,금요일,인천광역시 부평구 부개동,경상사고,0,0,1,0,차대차 - 기타,안전운전불이행,건조,맑음,기타 - 기타,승합,남,48세,상해없음,특수,남,55세,기타불명
2023111700100734,2023년 11월 17일 23시,금요일,인천광역시 서구 가정동,경상사고,0,0,1,0,차대사람 - 보도통행중,보행자보호의무위반,건조,맑음,교차로 - 교차로횡단보도내,승용,여,21세,상해없음,보행자,남,42세,경상
2023111800100046,2023년 11월 18일 03시,토요일,인천광역시 미추홀구 주안동,사망사고,1,0,0,0,차대사람 - 기타,기타,건조,맑음,단일로 - 기타,승용,남,53세,상해없음,보행자,여,53세,사망
2023111800100062,2023년 11월 18일 05시,토요일,인천광역시 중구 운서동,경상사고,0,0,1,0,차대차 - 추돌,차로위반,기타,기타,기타 - 기타,승용,남,59세,상해없음,승용,남,75세,경상
2023111800100125,2023년 11월 18일 08시,토요일,인천광역시 미추홀구 주안동,경상사고,0,0,2,0,차대차 - 측면충돌,안전거리미확보,건조,흐림,단일로 - 기타,승용,남,30세,상해없음,승용,여,31세,경상
2023111800100156,2023년 11월 18일 09시,토요일,인천광역시 부평구 부평동,부상신고사고,0,0,0,1,차대사람 - 보도통행중,안전운전불이행,건조,맑음,교차로 - 교차로부근,자전거,여,41세,상해없음,보행자,여,28세,부상신고
2023111800100192,2023년 11월 18일 10시,토요일,인천광역시 미추홀구 주안동,경상사고,0,0,1,0,차대차 - 측면충돌,신호위반,건조,맑음,교차로 - 교차로부근,승용,여,44세,상해없음,승용,남,63세,경상
2023111800100232,2023년 11월 18일 11시,토요일,인천광역시 계양구 작전동,중상사고,0,1,0,0,차대차 - 기타,안전운전불이행,건조,맑음,교차로 - 교차로안,승합,여,64세,상해없음,승용,여,33세,중상
2023111800100233,2023년 11월 18일 11시,토요일,인천광역시 남동구 남촌동,경상사고,0,0,2,0,차대차 - 추돌,안전운전불이행,건조,맑음,교차로 - 교차로부근,승용,남,46세,상해없음,승용,남,35세,경상
2023111800100308,2023년 11월 18일 13시,토요일,인천광역시 미추홀구 학익동,중상사고,0,1,1,0,차대차 - 후진중충돌,안전운전불이행,건조,맑음,단일로 - 기타,이륜,남,39세,기타불명,승용,남,29세,중상
2023111800100309,2023년 11월 18일 13시,토요일,인천광역시 미추홀구 주안동,경상사고,0,0,1,0,차대차 - 측면충돌,안전운전불이행,건조,맑음,단일로 - 기타,승용,남,30세,상해없음,승용,여,32세,경상
2023111800100310,2023년 11월 18일 13시,토요일,인천광역시 남동구 간석동,경상사고,0,0,3,0,차대차 - 기타,신호위반,건조,맑음,교차로 - 교차로부근,승용,남,66세,상해없음,화물,남,56세,경상
2023111800100378,2023년 11월 18일 15시,토요일,인천광역시 미추홀구 도화동,중상사고,0,1,1,0,차대차 - 추돌,안전운전불이행,건조,맑음,단일로 - 기타,승용,여,32세,상해없음,승용,여,54세,중상
2023111800100379,2023년 11월 18일 15시,토요일,인천광역시 남동구 장수동,경상사고,0,0,2,0,차대차 - 추돌,안전운전불이행,건조,맑음,단일로 - 기타,승용,남,67세,상해없음,승용,남,47세,경상
2023111800100380,2023년 11월 18일 15시,토요일,인천광역시 남동구 논현동,경상사고,0,0,2,0,차대차 - 추돌,안전운전불이행,건조,맑음,교차로 - 교차로부근,승합,남,50세,상해없음,승용,남,40세,경상
2023111800100492,2023년 11월 18일 18시,토요일,인천광역시 남동구 만수동,중상사고,0,2,0,0,차대차 - 추돌,안전운전불이행,건조,맑음,단일로 - 기타,화물,남,42세,상해없음,승용,남,39세,중상
2023111800100493,2023년 11월 18일 18시,토요일,인천광역시 남동구 논현동,중상사고,0,1,0,0,차대차 - 측면충돌,안전운전불이행,건조,맑음,교차로 - 교차로부근,승용,남,59세,상해없음,이륜,남,42세,중상
2023111800100522,2023년 11월 18일 19시,토요일,인천광역시 남동구 논현동,경상사고,0,0,1,0,차대차 - 정면충돌,신호위반,건조,맑음,교차로 - 교차로안,승용,남,26세,상해없음,승용,남,65세,경상
2023111800100541,2023년 11월 18일 20시,토요일,인천광역시 연수구 청학동,경상사고,0,0,1,0,차대사람 - 길가장자리구역통행중,안전운전불이행,건조,맑음,단일로 - 지하차도(도로)내,승용,남,63세,상해없음,보행자,남,34세,경상
2023111800100573,2023년 11월 18일 22시,토요일,인천광역시 남동구 구월동,중상사고,0,1,0,0,차대사람 - 차도통행중,안전운전불이행,건조,맑음,교차로 - 교차로부근,승용,여,47세,상해없음,보행자,남,25세,중상
2023111900100019,2023년 11월 19일 01시,일요일,인천광역시 부평구 부평동,경상사고,0,0,1,0,차대차 - 추돌,안전운전불이행,건조,맑음,교차로 - 교차로부근,이륜,남,28세,기타불명,승용,남,53세,경상
2023111900100025,2023년 11월 19일 02시,일요일,인천광역시 부평구 부개동,중상사고,0,1,0,0,차대차 - 기타,안전운전불이행,건조,흐림,교차로 - 교차로부근,이륜,남,26세,상해없음,이륜,남,28세,중상
2023111900100039,2023년 11월 19일 04시,일요일,인천광역시 부평구 십정동,경상사고,0,0,2,0,차대차 - 측면충돌,중앙선침범,건조,맑음,교차로 - 교차로부근,승용,남,23세,상해없음,승용,남,65세,경상
2023111900100044,2023년 11월 19일 05시,일요일,인천광역시 서구 석남동,사망사고,1,0,1,0,차대차 - 추돌,안전운전불이행,건조,맑음,단일로 - 고가도로위,승용,남,64세,상해없음,건설기계,남,63세,경상
2023111900100076,2023년 11월 19일 08시,일요일,인천광역시 남동구 구월동,경상사고,0,0,1,0,차대차 - 기타,안전운전불이행,건조,맑음,교차로 - 교차로부근,승용,남,64세,상해없음,이륜,남,69세,경상
2023111900100095,2023년 11월 19일 09시,일요일,인천광역시 서구 당하동,경상사고,0,0,2,0,차대차 - 측면충돌,안전운전불이행,건조,맑음,교차로 - 교차로안,이륜,남,68세,경상,승용,남,57세,경상
2023111900100096,2023년 11월 19일 09시,일요일,인천광역시 계양구 계산동,경상사고,0,0,2,0,차대차 - 측면충돌,안전거리미확보,건조,맑음,단일로 - 기타,화물,남,68세,상해없음,승용,남,23세,경상
2023111900100117,2023년 11월 19일 10시,일요일,인천광역시 계양구 작전동,경상사고,0,0,1,0,차대차 - 후진중충돌,안전운전불이행,건조,맑음,주차장 - 주차장,승용,남,29세,상해없음,승용,남,31세,경상
2023111900100141,2023년 11월 19일 11시,일요일,인천광역시 남동구 장수동,경상사고,0,0,2,0,차대차 - 추돌,안전운전불이행,건조,맑음,단일로 - 지하차도(도로)내,승용,여,71세,기타불명,승용,남,47세,경상
2023111900100185,2023년 11월 19일 13시,일요일,인천광역시 연수구 송도동,경상사고,0,0,2,0,차대차 - 추돌,안전운전불이행,건조,맑음,단일로 - 기타,승용,남,52세,상해없음,승용,여,36세,경상
2023111900100227,2023년 11월 19일 14시,일요일,인천광역시 계양구 상야동,중상사고,0,1,1,0,차대차 - 기타,안전운전불이행,건조,맑음,교차로 - 교차로부근,자전거,남,52세,경상,자전거,남,47세,중상
2023111900100228,2023년 11월 19일 14시,일요일,인천광역시 연수구 청학동,경상사고,0,0,2,0,차대차 - 측면충돌,안전운전불이행,건조,맑음,교차로 - 교차로부근,승용,남,32세,상해없음,승용,남,34세,경상
2023111900100357,2023년 11월 19일 18시,일요일,인천광역시 남동구 구월동,부상신고사고,0,0,0,1,차량단독 - 기타,안전운전불이행,건조,맑음,단일로 - 기타,승합,남,62세,상해없음,,,,
2023111900100358,2023년 11월 19일 18시,일요일,인천광역시 서구 원당동,경상사고,0,0,1,0,차대차 - 기타,안전운전불이행,건조,맑음,기타 - 기타,승용,여,48세,상해없음,승용,여,38세,경상
2023111900100359,2023년 11월 19일 18시,일요일,인천광역시 계양구 서운동,중상사고,0,1,3,0,차대차 - 측면충돌,차로위반,건조,맑음,단일로 - 기타,승용,남,29세,상해없음,승용,남,52세,경상
2023111900100436,2023년 11월 19일 21시,일요일,인천광역시 부평구 부평동,부상신고사고,0,0,0,1,차대사람 - 보도통행중,안전운전불이행,건조,맑음,교차로 - 교차로부근,승용,여,61세,상해없음,보행자,여,23세,부상신고
2023111900100459,2023년 11월 19일 23시,일요일,인천광역시 중구 항동7가,경상사고,0,0,1,0,차대차 - 추돌,안전운전불이행,건조,맑음,단일로 - 기타,승용,남,63세,상해없음,승합,남,62세,경상
2023112000100063,2023년 11월 20일 07시,월요일,인천광역시 중구 중산동,경상사고,0,0,2,0,차대차 - 기타,안전운전불이행,건조,맑음,단일로 - 교량,건설기계,남,47세,상해없음,승용,남,53세,경상
2023112000100128,2023년 11월 20일 08시,월요일,인천광역시 남동구 간석동,경상사고,0,0,1,0,차대차 - 측면충돌,안전운전불이행,건조,맑음,교차로 - 교차로안,자전거,남,13세,경상,승용,남,41세,상해없음