사고번호,사고일시,요일,시군구,사고내용,사망자수,중상자수,경상자수,부상신고자수,사고유형,법규위반,노면상태,기상상태,도로형태,가해운전자 차종,가해운전자 성별,가해운전자 연령,가해운전자 상해정도,피해운전자 차종,피해운전자 성별,피해운전자 연령,피해운전자 상해정도
2023120600100477,2023년 12월 6일 18시,수요일,인천광역시 부평구 십정동,경상사고,0,0,1,0,차대차 - 기타,차로위반,건조,맑음,단일로 - 기타,화물,남,54세,상해없음,승용,남,41세,경상
2023120600100478,2023년 12월 6일 18시,수요일,인천광역시 서구 청라동,경상사고,0,0,1,0,차대사람 - 횡단중,신호위반,건조,맑음,교차로 - 교차로횡단보도내,이륜,남,19세,상해없음,보행자,남,64세,경상
2023120600100523,2023년 12월 6일 19시,수요일,인천광역시 미추홀구 용현동,중상사고,0,1,0,0,차대사람 - 기타,안전운전불이행,건조,맑음,교차로 - 교차로부근,승합,남,45세,상해없음,보행자,여,71세,중상
2023120600100524,2023년 12월 6일 19시,수요일,인천광역시 서구 당하동,중상사고,0,1,1,0,차대차 - 측면충돌,안전운전불이행,건조,맑음,단일로 - 기타,화물,남,66세,중상,승용,남,21세,경상
2023120600100525,2023년 12월 6일 19시,수요일,인천광역시 연수구 연수동,경상사고,0,0,1,0,차대차 - 추돌,안전거리미확보,젖음/습기,흐림,단일로 - 기타,승용,남,22세,상해없음,승용,여,63세,경상
2023120600100569,2023년 12월 6일 21시,수요일,인천광역시 미추홀구 주안동,경상사고,0,0,1,0,차대차 - 추돌,안전운전불이행,젖음/습기,흐림,교차로 - 교차로횡단보도내,승용,여,56세,상해없음,승용,남,57세,경상
2023120600100570,2023년 12월 6일 21시,수요일,인천광역시 연수구 청학동,경상사고,0,0,1,0,차대차 - 기타,안전운전불이행,건조,맑음,단일로 - 기타,이륜,남,35세,상해없음,승합,남,50세,상해없음
2023120600100598,2023년 12월 6일 23시,수요일,인천광역시 서구 청라동,사망사고,2,0,0,0,차대사람 - 횡단중,기타,건조,맑음,교차로 - 교차로횡단보도내,이륜,남,21세,사망,보행자,남,69세,사망
2023120700100013,2023년 12월 7일 01시,목요일,인천광역시 서구 가정동,경상사고,0,0,2,0,차대차 - 기타,안전운전불이행,건조,맑음,교차로 - 교차로안,승용,남,30세,상해없음,승용,남,61세,경상
2023120700100066,2023년 12월 7일 07시,목요일,인천광역시 서구 오류동,경상사고,0,0,1,0,차대차 - 추돌,차로위반,건조,맑음,교차로 - 교차로안,승용,남,28세,상해없음,화물,남,29세,경상
2023120700100113,2023년 12월 7일 08시,목요일,인천광역시 남동구 논현동,중상사고,0,1,0,0,차대차 - 정면충돌,안전운전불이행,건조,맑음,교차로 - 교차로횡단보도내,승용,여,53세,상해없음,자전거,남,17세,중상
2023120700100199,2023년 12월 7일 11시,목요일,인천광역시 서구 석남동,경상사고,0,0,1,0,차대차 - 측면충돌,안전운전불이행,건조,맑음,교차로 - 교차로부근,승용,남,37세,상해없음,자전거,남,31세,경상
2023120700100224,2023년 12월 7일 12시,목요일,인천광역시 계양구 작전동,경상사고,0,0,1,0,차대차 - 후진중충돌,안전운전불이행,건조,맑음,단일로 - 기타,승용,남,77세,상해없음,이륜,남,48세,경상
2023120700100265,2023년 12월 7일 13시,목요일,인천광역시 남동구 구월동,경상사고,0,0,1,0,차대차 - 기타,안전운전불이행,건조,맑음,교차로 - 교차로안,승용,남,44세,상해없음,승용,남,32세,경상
2023120700100266,2023년 12월 7일 13시,목요일,인천광역시 서구 심곡동,경상사고,0,0,1,0,차대사람 - 횡단중,안전운전불이행,건조,맑음,단일로 - 기타,기타불명,기타불명,미분류,기타불명,보행자,남,37세,경상
2023120700100294,2023년 12월 7일 14시,목요일,인천광역시 서구 검암동,경상사고,0,0,1,0,차대차 - 측면충돌,안전운전불이행,건조,맑음,교차로 - 교차로부근,승합,남,66세,상해없음,화물,남,44세,경상
2023120700100295,2023년 12월 7일 14시,목요일,인천광역시 강화군 강화읍,중상사고,0,1,0,0,차대사람 - 기타,기타,건조,맑음,단일로 - 기타,승용,여,62세,상해없음,보행자,남,78세,중상
2023120700100296,2023년 12월 7일 14시,목요일,인천광역시 연수구 옥련동,경상사고,0,0,1,0,차대차 - 기타,안전운전불이행,건조,맑음,단일로 - 기타,승용,남,50세,상해없음,승용,남,37세,경상
2023120700100359,2023년 12월 7일 16시,목요일,인천광역시 중구 항동7가,경상사고,0,0,1,0,차대차 - 측면충돌,안전운전불이행,건조,맑음,교차로 - 교차로안,화물,남,51세,상해없음,화물,남,43세,경상
2023120700100360,2023년 12월 7일 16시,목요일,인천광역시 연수구 동춘동,경상사고,0,0,1,0,차대차 - 측면충돌,안전거리미확보,건조,맑음,단일로 - 기타,화물,남,47세,상해없음,승용,남,48세,경상
2023120700100413,2023년 12월 7일 17시,목요일,인천광역시 계양구 효성동,중상사고,0,1,0,0,차대사람 - 기타,안전운전불이행,건조,기타,기타 - 기타,승용,여,66세,상해없음,보행자,여,62세,중상
2023120700100469,2023년 12월 7일 18시,목요일,인천광역시 서구 경서동,부상신고사고,0,0,0,1,차대차 - 정면충돌,신호위반,건조,맑음,교차로 - 교차로안,이륜,남,21세,부상신고,승용,남,35세,상해없음
2023120700100539,2023년 12월 7일 20시,목요일,인천광역시 미추홀구 용현동,경상사고,0,0,1,0,차대차 - 측면충돌,안전운전불이행,건조,맑음,교차로 - 교차로안,승용,남,23세,상해없음,승용,남,56세,경상
2023120700100540,2023년 12월 7일 20시,목요일,인천광역시 미추홀구 주안동,경상사고,0,0,1,0,차대차 - 기타,안전운전불이행,건조,맑음,교차로 - 교차로안,승용,여,31세,상해없음,자전거,남,52세,경상
2023120700100541,2023년 12월 7일 20시,목요일,인천광역시 서구 가좌동,중상사고,0,1,0,0,차대차 - 기타,안전운전불이행,건조,맑음,교차로 - 교차로안,건설기계,남,60세,상해없음,승용,남,69세,중상
2023120700100561,2023년 12월 7일 21시,목요일,인천광역시 중구 중산동,경상사고,0,0,2,0,차대차 - 추돌,안전운전불이행,건조,맑음,교차로 - 교차로안,화물,남,54세,상해없음,승용,여,34세,경상
2023120800100106,2023년 12월 8일 08시,금요일,인천광역시 계양구 용종동,경상사고,0,0,1,0,차대차 - 추돌,안전운전불이행,건조,맑음,단일로 - 기타,승용,남,46세,기타불명,승용,여,50세,경상
2023120800100107,2023년 12월 8일 08시,금요일,인천광역시 남동구 논현동,부상신고사고,0,0,0,1,차대차 - 측면충돌,안전거리미확보,건조,맑음,교차로 - 교차로부근,이륜,남,52세,부상신고,화물,남,68세,상해없음
2023120800100137,2023년 12월 8일 09시,금요일,인천광역시 남동구 구월동,중상사고,0,1,0,0,차대차 - 측면충돌,안전운전불이행,건조,맑음,교차로 - 교차로횡단보도내,승용,남,27세,상해없음,자전거,여,69세,중상
2023120800100170,2023년 12월 8일 10시,금요일,인천광역시 남동구 논현동,경상사고,0,0,1,0,차대사람 - 횡단중,안전운전불이행,건조,맑음,교차로 - 교차로부근,화물,여,58세,상해없음,보행자,여,55세,경상
2023120800100227,2023년 12월 8일 12시,금요일,인천광역시 부평구 산곡동,경상사고,0,0,1,0,차대차 - 측면충돌,안전운전불이행,기타,맑음,교차로 - 교차로부근,이륜,남,34세,경상,승용,남,63세,상해없음
2023120800100264,2023년 12월 8일 13시,금요일,인천광역시 부평구 부평동,경상사고,0,0,1,0,차대차 - 측면충돌,안전운전불이행,건조,맑음,단일로 - 기타,승용,여,45세,상해없음,승용,남,28세,경상
2023120800100308,2023년 12월 8일 14시,금요일,인천광역시 남동구 구월동,경상사고,0,0,1,0,차대사람 - 기타,안전운전불이행,건조,맑음,단일로 - 기타,승용,여,41세,상해없음,보행자,여,45세,경상
2023120800100360,2023년 12월 8일 15시,금요일,인천광역시 중구 경동,부상신고사고,0,0,0,1,차대사람 - 기타,안전운전불이행,건조,맑음,교차로 - 교차로안,승용,남,29세,상해없음,보행자,남,69세,부상신고
2023120800100392,2023년 12월 8일 16시,금요일,인천광역시 남동구 논현동,경상사고,0,0,1,0,차대차 - 기타,신호위반,건조,맑음,교차로 - 교차로안,이륜,남,30세,경상,승용,남,43세,상해없음
2023120800100393,2023년 12월 8일 16시,금요일,인천광역시 남동구 서창동,경상사고,0,0,2,0,차대차 - 측면충돌,안전거리미확보,건조,맑음,단일로 - 기타,승용,남,55세,상해없음,승용,남,45세,경상
2023120800100432,2023년 12월 8일 17시,금요일,인천광역시 중구 운남동,부상신고사고,0,0,0,1,차대사람 - 기타,안전운전불이행,건조,맑음,주차장 - 주차장,자전거,남,8세,상해없음,보행자,여,76세,부상신고
2023120800100433,2023년 12월 8일 17시,금요일,인천광역시 미추홀구 주안동,경상사고,0,0,1,0,차대차 - 기타,신호위반,건조,맑음,교차로 - 교차로부근,승용,남,25세,상해없음,승용,남,40세,경상
2023120800100434,2023년 12월 8일 17시,금요일,인천광역시 남동구 간석동,경상사고,0,0,3,0,차대차 - 측면충돌,안전운전불이행,건조,맑음,교차로 - 교차로부근,승용,여,36세,상해없음,승용,남,33세,경상
2023120800100506,2023년 12월 8일 18시,금요일,인천광역시 서구 석남동,경상사고,0,0,1,0,차대차 - 측면충돌,안전운전불이행,건조,맑음,기타 - 기타,승용,남,29세,상해없음,승용,여,50세,경상
2023120800100507,2023년 12월 8일 18시,금요일,인천광역시 연수구 동춘동,경상사고,0,0,2,0,차대차 - 추돌,안전운전불이행,젖음/습기,비,단일로 - 기타,승용,여,70세,상해없음,승용,남,44세,경상
2023120800100508,2023년 12월 8일 18시,금요일,인천광역시 부평구 삼산동,중상사고,0,1,0,0,차대사람 - 보도통행중,안전운전불이행,건조,맑음,단일로 - 지하차도(도로)내,승용,남,59세,상해없음,보행자,여,71세,중상
2023120800100576,2023년 12월 8일 20시,금요일,인천광역시 중구 신포동,경상사고,0,0,1,0,차대사람 - 기타,안전운전불이행,건조,맑음,단일로 - 기타,승용,남,33세,기타불명,보행자,남,38세,경상
2023120800100577,2023년 12월 8일 20시,금요일,인천광역시 미추홀구 숭의동,경상사고,0,0,1,0,차대차 - 측면충돌,안전거리미확보,건조,맑음,교차로 - 교차로부근,기타불명,기타불명,미분류,기타불명,승용,여,27세,상해없음
2023120800100578,2023년 12월 8일 20시,금요일,인천광역시 부평구 부평동,경상사고,0,0,1,0,차대차 - 기타,안전운전불이행,건조,맑음,교차로 - 교차로안,승용,남,25세,상해없음,승용,남,29세,경상
2023120800100606,2023년 12월 8일 21시,금요일,인천광역시 부평구 부평동,경상사고,0,0,1,0,차대차 - 측면충돌,신호위반,건조,맑음,단일로 - 지하차도(도로)내,승용,남,54세,상해없음,승용,남,39세,경상
2023120800100646,2023년 12월 8일 23시,금요일,인천광역시 미추홀구 용현동,경상사고,0,0,1,1,차대차 - 측면충돌,직진우회전진행방해,건조,맑음,교차로 - 교차로안,이륜,남,18세,부상신고,승용,남,60세,경상
2023120900100017,2023년 12월 9일 00시,토요일,인천광역시 서구 공촌동,경상사고,0,0,1,0,차대차 - 추돌,안전운전불이행,건조,맑음,기타 - 기타,승용,남,37세,상해없음,승용,남,50세,경상
2023120900100036,2023년 12월 9일 02시,토요일,인천광역시 남동구 만수동,경상사고,0,0,1,0,차대차 - 추돌,안전운전불이행,젖음/습기,맑음,교차로 - 교차로부근,승용,남,43세,기타불명,승용,남,53세,경상
2023120900100074,2023년 12월 9일 06시,토요일,인천광역시 강화군 양사면,중상사고,0,1,0,0,차대사람 - 기타,안전운전불이행,건조,맑음,단일로 - 기타,승용,남,70세,상해없음,보행자,남,81세,중상
2023120900100127,2023년 12월 9일 09시,토요일,인천광역시 남동구 논현동,중상사고,0,1,0,0,차대사람 - 횡단중,보행자보호의무위반,건조,맑음,교차로 - 교차로부근,승용,남,71세,상해없음,보행자,여,67세,중상
2023120900100156,2023년 12월 9일 10시,토요일,인천광역시 중구 송월동1가,경상사고,0,0,1,0,차량단독 - 전도전복 - 전도,안전운전불이행,젖음/습기,맑음,교차로 - 교차로횡단보도내,이륜,남,46세,경상,,,,
2023120900100189,2023년 12월 9일 11시,토요일,인천광역시 서구 석남동,경상사고,0,0,1,0,차대사람 - 기타,안전운전불이행,건조,맑음,단일로 - 기타,승합,남,53세,상해없음,보행자,여,74세,경상
2023120900100224,2023년 12월 9일 12시,토요일,인천광역시 연수구 연수동,경상사고,0,0,1,0,차대차 - 추돌,안전운전불이행,건조,맑음,교차로 - 교차로부근,승용,여,60세,상해없음,승용,남,57세,경상
2023120900100260,2023년 12월 9일 13시,토요일,인천광역시 미추홀구 용현동,중상사고,0,1,0,0,차대차 - 측면충돌,신호위반,건조,맑음,교차로 - 교차로안,승용,남,76세,상해없음,이륜,남,46세,중상
2023120900100261,2023년 12월 9일 13시,토요일,인천광역시 서구 원당동,경상사고,0,0,2,0,차대차 - 측면충돌,안전운전불이행,건조,맑음,단일로 - 기타,승용,남,71세,상해없음,승용,남,53세,경상
2023120900100262,2023년 12월 9일 13시,토요일,인천광역시 연수구 청학동,경상사고,0,0,1,0,차대차 - 후진중충돌,안전운전불이행,건조,맑음,단일로 - 기타,승용,여,52세,상해없음,승용,여,57세,경상
2023120900100298,2023년 12월 9일 14시,토요일,인천광역시 미추홀구 관교동,경상사고,0,0,1,0,차대차 - 추돌,안전운전불이행,건조,맑음,단일로 - 기타,승용,남,32세,상해없음,승용,남,76세,경상
2023120900100299,2023년 12월 9일 14시,토요일,인천광역시 계양구 작전동,중상사고,0,1,0,0,차대사람 - 기타,안전운전불이행,건조,맑음,단일로 - 기타,승용,남,61세,상해없음,보행자,남,90세,중상
2023120900100300,2023년 12월 9일 14시,토요일,인천광역시 부평구 부평동,경상사고,0,0,3,0,차대차 - 측면충돌,안전운전불이행,건조,맑음,교차로 - 교차로부근,이륜,남,26세,상해없음,승용,남,33세,경상
2023120900100332,2023년 12월 9일 15시,토요일,인천광역시 중구 항동7가,경상사고,0,0,1,0,차대차 - 측면충돌,중앙선침범,건조,맑음,교차로 - 교차로부근,화물,남,49세,상해없음,자전거,남,40세,경상
2023120900100333,2023년 12월 9일 15시,토요일,인천광역시 연수구 송도동,경상사고,0,0,1,0,차대차 - 측면충돌,안전거리미확보,건조,맑음,교차로 - 교차로안,승용,여,53세,상해없음,승용,여,55세,경상
2023120900100398,2023년 12월 9일 17시,토요일,인천광역시 중구 덕교동,중상사고,0,2,0,0,차대차 - 정면충돌,안전운전불이행,건조,맑음,단일로 - 기타,승용,여,29세,상해없음,승용,남,28세,중상
2023120900100443,2023년 12월 9일 18시,토요일,인천광역시 미추홀구 문학동,경상사고,0,0,2,0,차대차 - 추돌,안전운전불이행,건조,맑음,단일로 - 기타,승용,남,41세,상해없음,승용,남,51세,경상
2023120900100444,2023년 12월 9일 18시,토요일,인천광역시 서구 연희동,중상사고,0,1,1,0,차대사람 - 기타,안전운전불이행,건조,맑음,단일로 - 기타,승용,남,74세,중상,보행자,남,32세,경상
2023120900100445,2023년 12월 9일 18시,토요일,인천광역시 계양구 작전동,경상사고,0,0,2,0,차대사람 - 횡단중,보행자보호의무위반,건조,맑음,교차로 - 교차로안,승용,여,61세,상해없음,보행자,여,76세,경상
2023120900100476,2023년 12월 9일 19시,토요일,인천광역시 남동구 만수동,경상사고,0,0,1,0,차대차 - 측면충돌,안전거리미확보,건조,맑음,단일로 - 기타,승용,남,55세,상해없음,이륜,남,53세,경상
2023120900100532,2023년 12월 9일 21시,토요일,인천광역시 계양구 장기동,경상사고,0,0,4,0,차대차 - 추돌,안전거리미확보,건조,맑음,단일로 - 기타,승용,남,27세,상해없음,승용,남,29세,경상
2023120900100533,2023년 12월 9일 21시,토요일,인천광역시 계양구 다남동,중상사고,0,1,0,0,차대차 - 기타,안전거리미확보,건조,맑음,단일로 - 기타,승용,여,63세,상해없음,화물,남,56세,중상
2023120900100549,2023년 12월 9일 22시,토요일,인천광역시 부평구 부개동,부상신고사고,0,0,0,1,차대차 - 추돌,안전운전불이행,건조,맑음,교차로 - 교차로부근,이륜,남,34세,부상신고,승용,남,48세,상해없음
2023120900100550,2023년 12월 9일 22시,토요일,인천광역시 부평구 갈산동,중상사고,0,1,0,0,차대사람 - 차도통행중,안전운전불이행,건조,맑음,주차장 - 주차장,승합,남,34세,상해없음,보행자,남,70세,중상
2023120900100551,2023년 12월 9일 22시,토요일,인천광역시 남동구 고잔동,경상사고,0,0,2,0,차대차 - 정면충돌,안전운전불이행,건조,맑음,교차로 - 교차로부근,승용,남,54세,상해없음,승용,남,27세,경상
2023120900100567,2023년 12월 9일 23시,토요일,인천광역시 옹진군 백령면,사망사고,1,0,0,0,차량단독 - 도로외이탈 - 추락,안전운전불이행,건조,기타,단일로 - 기타,승용,남,60세,사망,,,,
2023120900100569,2023년 12월 9일 23시,토요일,인천광역시 남동구 만수동,경상사고,0,0,3,0,차대차 - 정면충돌,신호위반,건조,맑음,교차로 - 교차로안,승용,남,40세,상해없음,승용,남,18세,경상
2023121000100019,2023년 12월 10일 00시,일요일,인천광역시 미추홀구 주안동,경상사고,0,0,3,0,차대차 - 측면충돌,신호위반,건조,맑음,교차로 - 교차로안,이륜,남,20세,경상,승용,남,58세,경상
2023121000100041,2023년 12월 10일 02시,일요일,인천광역시 연수구 연수동,경상사고,0,0,2,0,차대차 - 후진중충돌,안전운전불이행,건조,맑음,교차로 - 교차로부근,승용,남,33세,상해없음,화물,남,69세,경상
2023121000100051,2023년 12월 10일 04시,일요일,인천광역시 부평구 청천동,경상사고,0,0,1,0,차대차 - 추돌,안전운전불이행,건조,흐림,단일로 - 기타,승용,남,32세,상해없음,승용,남,31세,경상
2023121000100052,2023년 12월 10일 04시,일요일,인천광역시 계양구 작전동,중상사고,0,1,0,0,차대차 - 기타,안전운전불이행,건조,맑음,단일로 - 기타,승용,남,66세,상해없음,승용,남,49세,상해없음
2023121000100059,2023년 12월 10일 06시,일요일,인천광역시 미추홀구 학익동,경상사고,0,0,1,0,차대차 - 추돌,안전운전불이행,건조,맑음,교차로 - 교차로부근,승용,남,24세,상해없음,화물,남,27세,경상
2023121000100177,2023년 12월 10일 13시,일요일,인천광역시 미추홀구 주안동,경상사고,0,0,1,0,차대차 - 측면충돌,안전운전불이행,건조,맑음,교차로 - 교차로부근,승용,남,60세,상해없음,승용,남,32세,경상
2023121000100268,2023년 12월 10일 16시,일요일,인천광역시 미추홀구 학익동,경상사고,0,0,2,0,차대차 - 정면충돌,신호위반,건조,맑음,교차로 - 교차로안,승용,남,47세,상해없음,승용,남,22세,경상
2023121000100302,2023년 12월 10일 17시,일요일,인천광역시 서구 당하동,중상사고,0,2,0,0,차대차 - 정면충돌,중앙선침범,건조,맑음,교차로 - 교차로부근,승용,여,48세,상해없음,승용,남,66세,중상
2023121000100303,2023년 12월 10일 17시,일요일,인천광역시 부평구 부개동,경상사고,0,0,1,0,차대사람 - 길가장자리구역통행중,안전운전불이행,건조,맑음,주차장 - 주차장,승용,남,37세,상해없음,보행자,여,72세,경상
2023121000100349,2023년 12월 10일 18시,일요일,인천광역시 서구 당하동,경상사고,0,0,3,0,차대차 - 측면충돌,안전운전불이행,건조,흐림,단일로 - 기타,승용,남,50세,상해없음,승용,여,55세,경상
2023121000100375,2023년 12월 10일 19시,일요일,인천광역시 미추홀구 학익동,중상사고,0,1,0,0,차대사람 - 횡단중,안전운전불이행,건조,맑음,교차로 - 교차로횡단보도내,승용,남,60세,상해없음,보행자,남,63세,중상
2023121000100376,2023년 12월 10일 19시,일요일,인천광역시 서구 마전동,경상사고,0,0,1,0,차대차 - 후진중충돌,안전운전불이행,건조,맑음,단일로 - 기타,승용,남,59세,상해없음,승용,여,43세,경상
2023121000100397,2023년 12월 10일 20시,일요일,인천광역시 남동구 고잔동,경상사고,0,0,1,0,차대차 - 정면충돌,안전운전불이행,건조,맑음,단일로 - 기타,자전거,여,46세,경상,개인형이동수단(PM),여,26세,상해없음
2023121000100410,2023년 12월 10일 21시,일요일,인천광역시 미추홀구 주안동,경상사고,0,0,1,0,차대사람 - 기타,안전운전불이행,건조,맑음,기타 - 기타,승용,여,48세,상해없음,보행자,남,29세,경상
2023121000100411,2023년 12월 10일 21시,일요일,인천광역시 부평구 십정동,경상사고,0,0,2,0,차대차 - 후진중충돌,안전운전불이행,건조,맑음,교차로 - 교차로부근,화물,남,69세,상해없음,승용,남,46세,경상
2023121000100435,2023년 12월 10일 23시,일요일,인천광역시 연수구 청학동,중상사고,0,1,0,0,차대차 - 측면충돌,안전운전불이행,건조,흐림,교차로 - 교차로부근,승용,남,36세,상해없음,이륜,남,24세,중상
2023121100100011,2023년 12월 11일 01시,월요일,인천광역시 남동구 수산동,경상사고,0,0,1,0,차대차 - 추돌,안전운전불이행,건조,맑음,교차로 - 교차로부근,화물,남,54세,상해없음,승용,여,45세,경상
2023121100100033,2023년 12월 11일 05시,월요일,인천광역시 남동구 구월동,중상사고,0,2,0,0,차대차 - 측면충돌,신호위반,젖음/습기,비,교차로 - 교차로안,승용,남,62세,중상,승용,남,75세,상해없음
2023121100100057,2023년 12월 11일 06시,월요일,인천광역시 서구 왕길동,경상사고,0,0,1,0,차대차 - 추돌,안전운전불이행,젖음/습기,비,단일로 - 기타,승용,남,32세,상해없음,승용,남,30세,경상
2023121100100092,2023년 12월 11일 07시,월요일,인천광역시 서구 금곡동,중상사고,0,1,0,0,차대사람 - 횡단중,보행자보호의무위반,젖음/습기,비,교차로 - 교차로횡단보도내,승용,남,54세,상해없음,보행자,남,34세,중상
2023121100100093,2023년 12월 11일 07시,월요일,인천광역시 남동구 고잔동,경상사고,0,0,1,0,차대차 - 측면충돌,안전운전불이행,젖음/습기,비,교차로 - 교차로부근,승용,남,28세,상해없음,자전거,남,26세,경상
2023121100100094,2023년 12월 11일 07시,월요일,인천광역시 서구 경서동,경상사고,0,0,2,0,차대차 - 추돌,안전거리미확보,젖음/습기,비,단일로 - 기타,승용,남,23세,상해없음,승용,여,60세,경상
2023121100100132,2023년 12월 11일 08시,월요일,인천광역시 남동구 구월동,경상사고,0,0,1,0,차대차 - 측면충돌,안전거리미확보,젖음/습기,비,교차로 - 교차로안,승용,남,63세,상해없음,승용,여,34세,경상
2023121100100217,2023년 12월 11일 11시,월요일,인천광역시 남동구 서창동,경상사고,0,0,1,0,차대차 - 추돌,안전거리미확보,젖음/습기,비,단일로 - 기타,승용,남,20세,기타불명,승용,남,67세,경상
2023121100100305,2023년 12월 11일 14시,월요일,인천광역시 서구 마전동,경상사고,0,0,1,0,차대차 - 추돌,안전운전불이행,건조,맑음,단일로 - 기타,승용,남,65세,상해없음,승합,남,69세,경상
2023121100100306,2023년 12월 11일 14시,월요일,인천광역시 남동구 만수동,경상사고,0,0,1,0,차대사람 - 길가장자리구역통행중,안전운전불이행,젖음/습기,비,교차로 - 교차로부근,기타불명,기타불명,미분류,기타불명,보행자,남,13세,경상
2023121100100370,2023년 12월 11일 16시,월요일,인천광역시 남동구 고잔동,경상사고,0,0,1,0,차대차 - 측면충돌,안전거리미확보,젖음/습기,비,단일로 - 기타,승용,남,37세,상해없음,승용,남,50세,경상
2023121100100434,2023년 12월 11일 17시,월요일,인천광역시 중구 운서동,경상사고,0,0,1,0,차대차 - 추돌,안전운전불이행,기타,기타,기타 - 기타,승용,남,63세,기타불명,승용,남,40세,경상
2023121100100435,2023년 12월 11일 17시,월요일,인천광역시 미추홀구 문학동,경상사고,0,0,1,0,차대사람 - 차도통행중,안전운전불이행,젖음/습기,비,교차로 - 교차로부근,화물,남,61세,상해없음,보행자,남,29세,경상
2023121100100544,2023년 12월 11일 18시,월요일,인천광역시 중구 운서동,경상사고,0,0,1,0,차대차 - 추돌,안전운전불이행,기타,맑음,기타 - 기타,승용,여,27세,상해없음,승용,남,52세,경상
2023121100100545,2023년 12월 11일 18시,월요일,인천광역시 미추홀구 용현동,경상사고,0,0,3,0,차대차 - 측면충돌,안전운전불이행,젖음/습기,비,교차로 - 교차로안,승용,여,46세,상해없음,승용,여,50세,경상
2023121100100546,2023년 12월 11일 18시,월요일,인천광역시 미추홀구 주안동,경상사고,0,0,1,0,차대차 - 측면충돌,안전운전불이행,건조,맑음,단일로 - 기타,승합,남,63세,상해없음,화물,남,50세,경상
2023121100100547,2023년 12월 11일 18시,월요일,인천광역시 계양구 효성동,경상사고,0,0,1,0,차대차 - 후진중충돌,안전운전불이행,건조,맑음,주차장 - 주차장,승용,남,64세,상해없음,승용,남,56세,경상
2023121100100548,2023년 12월 11일 18시,월요일,인천광역시 강화군 강화읍,경상사고,0,0,1,0,차대사람 - 횡단중,보행자보호의무위반,젖음/습기,흐림,교차로 - 교차로횡단보도내,원동기,남,23세,상해없음,보행자,여,64세,경상
2023121100100549,2023년 12월 11일 18시,월요일,인천광역시 남동구 만수동,경상사고,0,0,1,0,차대차 - 측면충돌,안전거리미확보,젖음/습기,비,단일로 - 기타,승용,여,59세,상해없음,화물,남,41세,경상
2023121100100550,2023년 12월 11일 18시,월요일,인천광역시 남동구 논현동,경상사고,0,0,1,0,차대사람 - 기타,안전운전불이행,젖음/습기,비,주차장 - 주차장,승용,여,36세,상해없음,보행자,남,34세,경상
2023121100100616,2023년 12월 11일 19시,월요일,인천광역시 남동구 구월동,경상사고,0,0,2,0,차대차 - 추돌,안전운전불이행,젖음/습기,비,단일로 - 기타,기타불명,기타불명,미분류,기타불명,승용,여,50세,경상
2023121100100651,2023년 12월 11일 20시,월요일,인천광역시 부평구 청천동,경상사고,0,0,2,0,차대차 - 측면충돌,신호위반,건조,맑음,교차로 - 교차로안,승용,여,35세,상해없음,화물,남,43세,경상
2023121100100652,2023년 12월 11일 20시,월요일,인천광역시 부평구 부개동,경상사고,0,0,1,0,차대사람 - 보도통행중,보행자보호의무위반,기타,기타,기타 - 기타,이륜,남,56세,상해없음,보행자,여,47세,경상
2023121100100653,2023년 12월 11일 20시,월요일,인천광역시 부평구 부평동,경상사고,0,0,1,0,차대사람 - 길가장자리구역통행중,안전운전불이행,젖음/습기,비,단일로 - 기타,승용,남,66세,상해없음,보행자,남,28세,경상
2023121100100687,2023년 12월 11일 21시,월요일,인천광역시 남동구 간석동,중상사고,0,1,1,0,차대차 - 측면충돌,안전거리미확보,건조,맑음,단일로 - 기타,승용,남,50세,상해없음,승용,기타불명,미분류,기타불명
2023121100100688,2023년 12월 11일 21시,월요일,인천광역시 미추홀구 주안동,경상사고,0,0,1,0,차대차 - 측면충돌,안전거리미확보,젖음/습기,비,교차로 - 교차로안,승용,남,79세,상해없음,승용,여,30세,경상
2023121100100689,2023년 12월 11일 21시,월요일,인천광역시 강화군 선원면,중상사고,0,1,1,0,차대차 - 후진중충돌,안전운전불이행,젖음/습기,비,단일로 - 지하차도(도로)내,승용,남,73세,경상,승용,여,64세,중상
2023121100100690,2023년 12월 11일 21시,월요일,인천광역시 연수구 송도동,경상사고,0,0,1,0,차대사람 - 횡단중,신호위반,젖음/습기,맑음,교차로 - 교차로횡단보도내,승용,남,58세,상해없음,보행자,여,19세,경상
2023121200100061,2023년 12월 12일 06시,화요일,인천광역시 미추홀구 주안동,경상사고,0,0,1,0,차대차 - 측면충돌,안전운전불이행,건조,맑음,단일로 - 기타,승용,남,64세,상해없음,이륜,남,37세,경상
2023121200100062,2023년 12월 12일 06시,화요일,인천광역시 부평구 갈산동,경상사고,0,0,1,0,차대차 - 측면충돌,안전운전불이행,건조,맑음,교차로 - 교차로부근,승합,남,65세,상해없음,승용,남,33세,경상