사고번호,사고일시,요일,시군구,사고내용,사망자수,중상자수,경상자수,부상신고자수,사고유형,법규위반,노면상태,기상상태,도로형태,가해운전자 차종,가해운전자 성별,가해운전자 연령,가해운전자 상해정도,피해운전자 차종,피해운전자 성별,피해운전자 연령,피해운전자 상해정도
2023121600100251,2023년 12월 16일 13시,토요일,인천광역시 미추홀구 숭의동,경상사고,0,0,1,0,차대차 - 추돌,안전운전불이행,건조,맑음,단일로 - 기타,화물,남,75세,상해없음,이륜,남,48세,경상
2023121600100276,2023년 12월 16일 14시,토요일,인천광역시 미추홀구 주안동,경상사고,0,0,1,0,차대차 - 측면충돌,안전운전불이행,건조,맑음,교차로 - 교차로안,승용,남,60세,상해없음,원동기,남,18세,경상
2023121600100277,2023년 12월 16일 14시,토요일,인천광역시 부평구 부평동,부상신고사고,0,0,0,1,차대사람 - 차도통행중,안전운전불이행,건조,맑음,기타 - 기타,승용,여,65세,상해없음,보행자,남,43세,부상신고
2023121600100320,2023년 12월 16일 15시,토요일,인천광역시 동구 화평동,중상사고,0,1,0,0,차대차 - 측면충돌,교차로운행방법위반,건조,맑음,교차로 - 교차로안,승용,남,32세,상해없음,이륜,남,61세,중상
2023121600100363,2023년 12월 16일 16시,토요일,인천광역시 부평구 십정동,경상사고,0,0,1,0,차대차 - 기타,안전운전불이행,해빙,맑음,교차로 - 교차로부근,승용,남,71세,상해없음,이륜,남,28세,경상
2023121600100364,2023년 12월 16일 16시,토요일,인천광역시 부평구 구산동,경상사고,0,0,1,0,차대차 - 추돌,안전운전불이행,건조,맑음,단일로 - 기타,승용,남,49세,상해없음,승용,남,42세,경상
2023121600100407,2023년 12월 16일 17시,토요일,인천광역시 미추홀구 주안동,경상사고,0,0,1,0,차대차 - 측면충돌,안전거리미확보,건조,맑음,교차로 - 교차로부근,승용,남,63세,상해없음,승용,남,48세,경상
2023121600100408,2023년 12월 16일 17시,토요일,인천광역시 미추홀구 용현동,중상사고,0,1,0,0,차대사람 - 보도통행중,기타,건조,맑음,단일로 - 기타,개인형이동수단(PM),남,24세,기타불명,보행자,여,24세,중상
2023121600100409,2023년 12월 16일 17시,토요일,인천광역시 남동구 만수동,경상사고,0,0,2,0,차대차 - 추돌,안전운전불이행,건조,맑음,교차로 - 교차로안,승용,남,56세,상해없음,승용,남,51세,경상
2023121600100410,2023년 12월 16일 17시,토요일,인천광역시 남동구 간석동,경상사고,0,0,2,0,차대차 - 추돌,안전운전불이행,건조,맑음,교차로 - 교차로부근,승용,남,41세,상해없음,승용,남,55세,경상
2023121600100411,2023년 12월 16일 17시,토요일,인천광역시 남동구 논현동,경상사고,0,0,2,0,차대차 - 측면충돌,안전운전불이행,건조,맑음,교차로 - 교차로부근,승용,여,34세,상해없음,승용,남,40세,경상
2023121600100469,2023년 12월 16일 18시,토요일,인천광역시 부평구 부평동,경상사고,0,0,1,0,차대차 - 측면충돌,안전운전불이행,건조,맑음,교차로 - 교차로안,승용,여,75세,상해없음,승용,남,25세,경상
2023121600100470,2023년 12월 16일 18시,토요일,인천광역시 서구 가좌동,경상사고,0,0,1,0,차대사람 - 횡단중,보행자보호의무위반,건조,맑음,단일로 - 기타,화물,남,51세,상해없음,보행자,남,24세,경상
2023121600100471,2023년 12월 16일 18시,토요일,인천광역시 계양구 병방동,경상사고,0,0,1,0,차대차 - 기타,안전운전불이행,건조,기타,교차로 - 교차로부근,승용,남,57세,상해없음,승용,남,57세,경상
2023121600100509,2023년 12월 16일 19시,토요일,인천광역시 서구 석남동,중상사고,0,1,0,0,차대차 - 측면충돌,중앙선침범,건조,맑음,단일로 - 기타,승용,남,24세,상해없음,이륜,남,17세,중상
2023121700100011,2023년 12월 17일 00시,일요일,인천광역시 부평구 부평동,중상사고,0,1,1,0,차대차 - 추돌,안전운전불이행,젖음/습기,맑음,교차로 - 교차로부근,승용,남,36세,기타불명,승용,남,51세,중상
2023121700100012,2023년 12월 17일 00시,일요일,인천광역시 계양구 계산동,경상사고,0,0,2,0,차대차 - 측면충돌,안전운전불이행,건조,맑음,단일로 - 기타,승용,남,28세,상해없음,승용,남,30세,경상
2023121700100030,2023년 12월 17일 01시,일요일,인천광역시 부평구 구산동,경상사고,0,0,5,0,차대차 - 측면충돌,중앙선침범,건조,맑음,교차로 - 교차로안,승용,남,46세,상해없음,승용,남,66세,경상
2023121700100031,2023년 12월 17일 01시,일요일,인천광역시 남동구 논현동,경상사고,0,0,1,0,차대차 - 측면충돌,신호위반,건조,맑음,교차로 - 교차로안,승용,여,33세,상해없음,승용,남,62세,경상
2023121700100041,2023년 12월 17일 02시,일요일,인천광역시 미추홀구 관교동,경상사고,0,0,1,0,차대사람 - 기타,안전운전불이행,건조,맑음,단일로 - 기타,승용,남,46세,상해없음,보행자,여,23세,경상
2023121700100042,2023년 12월 17일 02시,일요일,인천광역시 남동구 구월동,경상사고,0,0,1,0,차대사람 - 횡단중,안전운전불이행,건조,맑음,교차로 - 교차로횡단보도내,승용,남,26세,상해없음,보행자,남,23세,경상
2023121700100054,2023년 12월 17일 03시,일요일,인천광역시 부평구 부평동,경상사고,0,0,2,0,차대차 - 정면충돌,중앙선침범,젖음/습기,비,기타 - 기타,화물,남,26세,상해없음,승용,남,68세,경상
2023121700100075,2023년 12월 17일 06시,일요일,인천광역시 서구 가좌동,경상사고,0,0,1,0,차대차 - 추돌,안전운전불이행,건조,맑음,단일로 - 기타,승용,남,23세,상해없음,승용,남,25세,경상
2023121700100084,2023년 12월 17일 07시,일요일,인천광역시 부평구 갈산동,경상사고,0,0,1,0,차대차 - 측면충돌,안전운전불이행,건조,흐림,단일로 - 지하차도(도로)내,승용,남,62세,상해없음,승용,남,26세,경상
2023121700100116,2023년 12월 17일 10시,일요일,인천광역시 남동구 논현동,경상사고,0,0,1,0,차대차 - 측면충돌,중앙선침범,건조,맑음,교차로 - 교차로부근,승용,남,79세,상해없음,승용,남,58세,경상
2023121700100130,2023년 12월 17일 11시,일요일,인천광역시 남동구 구월동,경상사고,0,0,2,0,차대차 - 추돌,안전운전불이행,젖음/습기,맑음,교차로 - 교차로안,승용,남,65세,상해없음,승용,여,69세,경상
2023121700100131,2023년 12월 17일 11시,일요일,인천광역시 남동구 논현동,중상사고,0,1,0,0,차량단독 - 전도전복 - 전도,안전운전불이행,건조,맑음,교차로 - 교차로부근,이륜,남,42세,중상,,,,
2023121700100161,2023년 12월 17일 12시,일요일,인천광역시 남동구 간석동,경상사고,0,0,1,0,차대차 - 후진중충돌,안전운전불이행,건조,맑음,교차로 - 교차로안,승용,남,76세,상해없음,승용,남,34세,경상
2023121700100190,2023년 12월 17일 13시,일요일,인천광역시 미추홀구 주안동,경상사고,0,0,1,0,차대차 - 측면충돌,안전거리미확보,건조,맑음,단일로 - 기타,승용,남,62세,상해없음,승용,여,27세,경상
2023121700100214,2023년 12월 17일 14시,일요일,인천광역시 계양구 임학동,경상사고,0,0,4,0,차대차 - 측면충돌,신호위반,건조,맑음,교차로 - 교차로부근,이륜,남,22세,경상,승용,여,29세,경상
2023121700100269,2023년 12월 17일 16시,일요일,인천광역시 남동구 논현동,경상사고,0,0,4,0,차대차 - 측면충돌,직진우회전진행방해,건조,맑음,교차로 - 교차로부근,승용,남,33세,상해없음,승용,여,46세,경상
2023121700100295,2023년 12월 17일 17시,일요일,인천광역시 미추홀구 용현동,경상사고,0,0,1,0,차대차 - 기타,교차로운행방법위반,건조,맑음,교차로 - 교차로안,승용,여,50세,상해없음,원동기,남,55세,경상
2023121700100344,2023년 12월 17일 19시,일요일,인천광역시 부평구 부평동,경상사고,0,0,1,0,차대차 - 측면충돌,안전운전불이행,건조,맑음,기타 - 기타,승합,남,42세,상해없음,승용,남,57세,경상
2023121700100364,2023년 12월 17일 20시,일요일,인천광역시 중구 운서동,경상사고,0,0,1,0,차대차 - 측면충돌,안전운전불이행,건조,맑음,교차로 - 교차로안,승용,여,54세,상해없음,승용,남,26세,경상
2023121700100365,2023년 12월 17일 20시,일요일,인천광역시 부평구 십정동,경상사고,0,0,1,0,차대차 - 측면충돌,안전운전불이행,건조,흐림,주차장 - 주차장,승용,남,48세,상해없음,이륜,남,32세,경상
2023121700100385,2023년 12월 17일 21시,일요일,인천광역시 남동구 구월동,경상사고,0,0,1,0,차대차 - 추돌,안전운전불이행,젖음/습기,흐림,기타 - 기타,승용,남,41세,상해없음,승용,남,29세,경상
2023121700100396,2023년 12월 17일 22시,일요일,인천광역시 미추홀구 용현동,중상사고,0,2,0,0,차대차 - 측면충돌,신호위반,건조,맑음,교차로 - 교차로안,승용,여,27세,기타불명,승용,남,41세,중상
2023121700100403,2023년 12월 17일 23시,일요일,인천광역시 부평구 부평동,부상신고사고,0,0,0,1,차대사람 - 보도통행중,안전운전불이행,건조,맑음,교차로 - 교차로부근,승용,여,20세,상해없음,보행자,남,27세,부상신고
2023121800100030,2023년 12월 18일 05시,월요일,인천광역시 미추홀구 용현동,경상사고,0,0,1,0,차대차 - 추돌,안전거리미확보,건조,맑음,교차로 - 교차로안,승용,남,27세,상해없음,승용,여,52세,경상
2023121800100031,2023년 12월 18일 05시,월요일,인천광역시 부평구 구산동,경상사고,0,0,1,0,차대차 - 추돌,안전운전불이행,건조,흐림,단일로 - 지하차도(도로)내,승용,남,52세,상해없음,화물,남,33세,경상
2023121800100051,2023년 12월 18일 06시,월요일,인천광역시 서구 가좌동,경상사고,0,0,1,0,차대차 - 측면충돌,안전운전불이행,건조,맑음,교차로 - 교차로안,승용,여,49세,상해없음,승용,여,47세,경상
2023121800100052,2023년 12월 18일 06시,월요일,인천광역시 계양구 작전동,경상사고,0,0,1,0,차대차 - 추돌,안전운전불이행,건조,맑음,교차로 - 교차로부근,승용,남,21세,상해없음,승용,남,29세,경상
2023121800100076,2023년 12월 18일 07시,월요일,인천광역시 계양구 다남동,중상사고,0,2,1,0,차대차 - 정면충돌,중앙선침범,서리/결빙,맑음,교차로 - 교차로부근,승합,남,51세,상해없음,승용,여,65세,경상
2023121800100077,2023년 12월 18일 07시,월요일,인천광역시 계양구 장기동,중상사고,0,1,0,0,차대사람 - 횡단중,안전운전불이행,건조,맑음,교차로 - 교차로안,승용,남,66세,상해없음,보행자,여,41세,중상
2023121800100113,2023년 12월 18일 08시,월요일,인천광역시 부평구 산곡동,경상사고,0,0,1,0,차대차 - 측면충돌,기타,건조,맑음,교차로 - 교차로부근,승합,남,51세,상해없음,승용,여,44세,상해없음
2023121800100153,2023년 12월 18일 09시,월요일,인천광역시 남동구 구월동,중상사고,0,1,0,0,차대사람 - 보도통행중,기타,건조,맑음,교차로 - 교차로부근,승용,남,21세,상해없음,보행자,여,40세,중상
2023121800100154,2023년 12월 18일 09시,월요일,인천광역시 남동구 만수동,경상사고,0,0,2,0,차대차 - 추돌,안전운전불이행,건조,맑음,교차로 - 교차로부근,화물,남,55세,상해없음,승용,남,38세,경상
2023121800100179,2023년 12월 18일 10시,월요일,인천광역시 남동구 만수동,경상사고,0,0,1,0,차대차 - 추돌,교차로운행방법위반,건조,맑음,교차로 - 교차로안,승용,남,28세,상해없음,승용,남,41세,경상
2023121800100207,2023년 12월 18일 11시,월요일,인천광역시 남동구 간석동,경상사고,0,0,2,0,차대차 - 측면충돌,안전운전불이행,건조,맑음,교차로 - 교차로부근,화물,남,42세,경상,화물,남,74세,경상
2023121800100238,2023년 12월 18일 12시,월요일,인천광역시 서구 가좌동,경상사고,0,0,1,1,차대차 - 측면충돌,안전운전불이행,건조,맑음,단일로 - 기타,화물,남,56세,부상신고,화물,남,39세,경상
2023121800100270,2023년 12월 18일 13시,월요일,인천광역시 서구 가정동,경상사고,0,0,2,0,차대차 - 측면충돌,안전운전불이행,건조,맑음,단일로 - 기타,승용,남,25세,상해없음,승용,남,38세,경상
2023121800100271,2023년 12월 18일 13시,월요일,인천광역시 남동구 만수동,경상사고,0,0,1,0,차대차 - 측면충돌,안전운전불이행,건조,맑음,단일로 - 지하차도(도로)내,승용,남,73세,상해없음,승용,남,54세,경상
2023121800100334,2023년 12월 18일 15시,월요일,인천광역시 중구 답동,경상사고,0,0,2,0,차대차 - 측면충돌,안전운전불이행,건조,맑음,교차로 - 교차로안,승용,여,57세,경상,승용,여,46세,경상
2023121800100335,2023년 12월 18일 15시,월요일,인천광역시 미추홀구 도화동,경상사고,0,0,1,0,차대차 - 측면충돌,안전운전불이행,건조,맑음,단일로 - 기타,승용,여,50세,기타불명,승용,여,52세,경상
2023121800100336,2023년 12월 18일 15시,월요일,인천광역시 부평구 십정동,경상사고,0,0,1,0,차대차 - 기타,안전운전불이행,건조,맑음,단일로 - 기타,화물,남,51세,상해없음,승용,남,28세,경상
2023121800100337,2023년 12월 18일 15시,월요일,인천광역시 연수구 연수동,중상사고,0,1,0,0,차대차 - 기타,안전운전불이행,건조,맑음,단일로 - 기타,화물,남,59세,상해없음,이륜,남,18세,중상
2023121800100369,2023년 12월 18일 16시,월요일,인천광역시 동구 금곡동,경상사고,0,0,1,0,차대사람 - 기타,안전운전불이행,건조,맑음,단일로 - 기타,승용,남,32세,상해없음,보행자,남,45세,경상
2023121800100370,2023년 12월 18일 16시,월요일,인천광역시 미추홀구 주안동,경상사고,0,0,1,0,차대차 - 기타,안전거리미확보,건조,맑음,단일로 - 기타,화물,남,69세,상해없음,이륜,남,29세,경상
2023121800100542,2023년 12월 18일 21시,월요일,인천광역시 미추홀구 주안동,경상사고,0,0,1,0,차대차 - 기타,안전거리미확보,건조,맑음,교차로 - 교차로부근,승용,여,32세,상해없음,이륜,남,48세,경상
2023121800100571,2023년 12월 18일 23시,월요일,인천광역시 서구 당하동,경상사고,0,0,2,0,차대차 - 추돌,안전운전불이행,건조,맑음,교차로 - 교차로부근,화물,남,32세,상해없음,승용,남,32세,경상
2023121900100028,2023년 12월 19일 05시,화요일,인천광역시 미추홀구 용현동,경상사고,0,0,1,0,차대차 - 추돌,안전운전불이행,건조,맑음,단일로 - 기타,승용,기타불명,미분류,기타불명,승용,여,38세,경상
2023121900100029,2023년 12월 19일 05시,화요일,인천광역시 부평구 부평동,경상사고,0,0,1,0,차대사람 - 기타,보행자보호의무위반,건조,맑음,교차로 - 교차로안,승합,남,52세,상해없음,보행자,여,26세,경상
2023121900100030,2023년 12월 19일 05시,화요일,인천광역시 남동구 간석동,중상사고,0,1,0,0,차대차 - 정면충돌,안전운전불이행,건조,맑음,단일로 - 기타,화물,남,60세,상해없음,자전거,남,66세,중상
2023121900100044,2023년 12월 19일 06시,화요일,인천광역시 부평구 청천동,경상사고,0,0,2,0,차대차 - 측면충돌,안전운전불이행,건조,맑음,교차로 - 교차로부근,승용,남,66세,상해없음,승용,남,35세,경상
2023121900100045,2023년 12월 19일 06시,화요일,인천광역시 연수구 동춘동,경상사고,0,0,1,0,차대차 - 추돌,안전운전불이행,건조,흐림,단일로 - 기타,승용,남,26세,상해없음,화물,남,63세,경상
2023121900100046,2023년 12월 19일 06시,화요일,인천광역시 남동구 도림동,경상사고,0,0,1,0,차대차 - 추돌,안전운전불이행,건조,맑음,교차로 - 교차로부근,승용,남,32세,상해없음,화물,남,66세,상해없음
2023121900100073,2023년 12월 19일 07시,화요일,인천광역시 서구 당하동,중상사고,0,1,0,0,차대차 - 추돌,안전운전불이행,서리/결빙,맑음,단일로 - 기타,승용,남,34세,상해없음,화물,남,39세,중상
2023121900100102,2023년 12월 19일 08시,화요일,인천광역시 남동구 논현동,경상사고,0,0,1,0,차대차 - 추돌,안전운전불이행,건조,맑음,교차로 - 교차로부근,승용,남,49세,상해없음,승용,여,45세,경상
2023121900100147,2023년 12월 19일 10시,화요일,인천광역시 미추홀구 주안동,경상사고,0,0,1,0,차대차 - 측면충돌,직진우회전진행방해,건조,맑음,교차로 - 교차로안,승용,남,63세,상해없음,승용,남,40세,경상
2023121900100148,2023년 12월 19일 10시,화요일,인천광역시 연수구 송도동,경상사고,0,0,1,0,차대차 - 기타,차로위반,적설,눈,교차로 - 교차로부근,승용,여,62세,상해없음,승용,여,31세,경상
2023121900100149,2023년 12월 19일 10시,화요일,인천광역시 남동구 논현동,경상사고,0,0,1,0,차대차 - 추돌,중앙선침범,건조,맑음,교차로 - 교차로부근,승용,남,56세,상해없음,승용,여,56세,경상
2023121900100205,2023년 12월 19일 12시,화요일,인천광역시 남동구 구월동,경상사고,0,0,1,0,차대차 - 측면충돌,신호위반,건조,맑음,교차로 - 교차로안,승용,남,61세,상해없음,승합,남,62세,경상
2023121900100227,2023년 12월 19일 13시,화요일,인천광역시 미추홀구 주안동,부상신고사고,0,0,0,1,차대사람 - 길가장자리구역통행중,안전운전불이행,건조,흐림,교차로 - 교차로부근,승용,여,51세,상해없음,보행자,남,24세,부상신고
2023121900100228,2023년 12월 19일 13시,화요일,인천광역시 남동구 장수동,경상사고,0,0,1,0,차대차 - 측면충돌,안전운전불이행,건조,맑음,단일로 - 기타,특수,남,75세,상해없음,승용,남,41세,경상
2023121900100260,2023년 12월 19일 14시,화요일,인천광역시 연수구 옥련동,경상사고,0,0,1,0,차대사람 - 차도통행중,기타,건조,맑음,단일로 - 기타,승합,남,48세,상해없음,보행자,여,19세,경상
2023121900100261,2023년 12월 19일 14시,화요일,인천광역시 연수구 동춘동,사망사고,1,0,0,0,차대차 - 측면충돌,안전운전불이행,건조,맑음,교차로 - 교차로안,이륜,남,70세,사망,승용,남,68세,상해없음
2023121900100291,2023년 12월 19일 15시,화요일,인천광역시 부평구 부평동,경상사고,0,0,1,0,차대차 - 기타,신호위반,건조,맑음,교차로 - 교차로안,승합,남,50세,상해없음,승용,남,69세,경상
2023121900100292,2023년 12월 19일 15시,화요일,인천광역시 남동구 만수동,중상사고,0,1,0,0,차대차 - 후진중충돌,안전운전불이행,건조,맑음,교차로 - 교차로부근,승용,남,66세,상해없음,승용,남,45세,중상
2023121900100372,2023년 12월 19일 17시,화요일,인천광역시 부평구 청천동,경상사고,0,0,1,0,차대차 - 후진중충돌,안전운전불이행,건조,맑음,기타 - 기타,화물,남,67세,상해없음,화물,남,30세,경상
2023121900100373,2023년 12월 19일 17시,화요일,인천광역시 부평구 부개동,경상사고,0,0,1,0,차대사람 - 길가장자리구역통행중,안전운전불이행,건조,맑음,단일로 - 지하차도(도로)내,승용,남,67세,상해없음,보행자,남,64세,경상
2023121900100374,2023년 12월 19일 17시,화요일,인천광역시 부평구 삼산동,경상사고,0,0,1,0,차대차 - 정면충돌,안전거리미확보,건조,맑음,단일로 - 기타,승용,남,72세,상해없음,승용,남,33세,경상
2023121900100432,2023년 12월 19일 18시,화요일,인천광역시 미추홀구 용현동,경상사고,0,0,1,0,차대차 - 정면충돌,안전운전불이행,건조,맑음,교차로 - 교차로안,자전거,남,12세,경상,승용,남,51세,상해없음
2023121900100433,2023년 12월 19일 18시,화요일,인천광역시 계양구 계산동,경상사고,0,0,1,0,차대차 - 정면충돌,안전운전불이행,건조,맑음,단일로 - 기타,승용,여,28세,상해없음,이륜,남,62세,경상
2023121900100460,2023년 12월 19일 19시,화요일,인천광역시 미추홀구 숭의동,경상사고,0,0,1,0,차대차 - 측면충돌,안전거리미확보,건조,맑음,단일로 - 기타,승용,여,46세,기타불명,승용,여,42세,경상
2023121900100462,2023년 12월 19일 19시,화요일,인천광역시 서구 연희동,경상사고,0,0,1,0,차대사람 - 횡단중,보행자보호의무위반,건조,맑음,교차로 - 교차로횡단보도내,승용,남,27세,상해없음,보행자,남,29세,경상
2023121900100463,2023년 12월 19일 19시,화요일,인천광역시 연수구 선학동,경상사고,0,0,1,0,차대차 - 측면충돌,안전운전불이행,건조,맑음,단일로 - 기타,승용,남,79세,상해없음,화물,남,61세,경상
2023121900100464,2023년 12월 19일 19시,화요일,인천광역시 남동구 수산동,경상사고,0,0,1,0,차대차 - 측면충돌,안전거리미확보,건조,맑음,단일로 - 기타,승용,여,56세,상해없음,승합,남,48세,경상
2023121900100486,2023년 12월 19일 20시,화요일,인천광역시 서구 가좌동,경상사고,0,0,2,0,차대차 - 측면충돌,안전거리미확보,적설,눈,교차로 - 교차로안,승용,남,20세,상해없음,승용,남,53세,상해없음
2023122000100012,2023년 12월 20일 00시,수요일,인천광역시 계양구 작전동,경상사고,0,0,1,0,차대차 - 추돌,안전운전불이행,서리/결빙,눈,교차로 - 교차로부근,화물,남,37세,상해없음,승용,남,24세,경상
2023122000100077,2023년 12월 20일 07시,수요일,인천광역시 남동구 구월동,경상사고,0,0,1,0,차대차 - 측면충돌,안전운전불이행,젖음/습기,맑음,교차로 - 교차로부근,승용,남,28세,상해없음,승용,여,28세,경상
2023122000100104,2023년 12월 20일 08시,수요일,인천광역시 중구 운서동,중상사고,0,1,0,0,차대차 - 정면충돌,교차로운행방법위반,건조,맑음,교차로 - 교차로안,승용,여,30세,상해없음,화물,남,33세,중상
2023122000100159,2023년 12월 20일 11시,수요일,인천광역시 서구 경서동,경상사고,0,0,1,0,차대차 - 추돌,안전운전불이행,젖음/습기,맑음,단일로 - 기타,건설기계,남,55세,상해없음,승용,여,46세,경상
2023122000100272,2023년 12월 20일 15시,수요일,인천광역시 서구 가정동,중상사고,0,1,0,0,차대사람 - 횡단중,안전운전불이행,건조,맑음,교차로 - 교차로부근,승용,여,28세,상해없음,보행자,여,56세,중상
2023122000100273,2023년 12월 20일 15시,수요일,인천광역시 서구 청라동,경상사고,0,0,1,0,차대차 - 추돌,차로위반,건조,맑음,기타 - 기타,승용,남,31세,상해없음,승용,남,30세,경상
2023122000100304,2023년 12월 20일 16시,수요일,인천광역시 남동구 간석동,중상사고,0,1,0,0,차대차 - 정면충돌,교차로운행방법위반,건조,맑음,교차로 - 교차로안,승용,남,75세,기타불명,승용,남,41세,중상
2023122000100305,2023년 12월 20일 16시,수요일,인천광역시 남동구 간석동,경상사고,0,0,1,0,차대차 - 측면충돌,안전거리미확보,건조,맑음,단일로 - 기타,승합,남,67세,상해없음,승용,남,58세,경상
2023122000100351,2023년 12월 20일 17시,수요일,인천광역시 부평구 십정동,경상사고,0,0,1,0,차대차 - 추돌,안전운전불이행,서리/결빙,맑음,단일로 - 기타,승용,여,65세,상해없음,화물,남,54세,경상
2023122000100407,2023년 12월 20일 18시,수요일,인천광역시 계양구 박촌동,중상사고,0,1,0,0,차대사람 - 횡단중,안전운전불이행,건조,맑음,교차로 - 교차로횡단보도내,화물,남,47세,상해없음,보행자,여,53세,중상
2023122000100478,2023년 12월 20일 20시,수요일,인천광역시 미추홀구 주안동,중상사고,0,1,0,0,차대차 - 기타,신호위반,젖음/습기,맑음,교차로 - 교차로부근,승용,남,73세,기타불명,이륜,남,39세,중상
2023122000100479,2023년 12월 20일 20시,수요일,인천광역시 부평구 부평동,중상사고,0,1,0,0,차대사람 - 횡단중,신호위반,건조,맑음,교차로 - 교차로횡단보도내,승용,남,59세,상해없음,보행자,여,58세,중상
2023122000100510,2023년 12월 20일 21시,수요일,인천광역시 남동구 장수동,경상사고,0,0,1,0,차대차 - 측면충돌,안전운전불이행,건조,맑음,교차로 - 교차로부근,승용,남,37세,상해없음,승용,여,35세,경상
2023122000100532,2023년 12월 20일 22시,수요일,인천광역시 연수구 송도동,경상사고,0,0,1,0,차대차 - 후진중충돌,안전운전불이행,건조,맑음,단일로 - 기타,승용,남,25세,상해없음,승용,남,38세,경상
2023122000100533,2023년 12월 20일 22시,수요일,인천광역시 부평구 삼산동,경상사고,0,0,1,0,차대차 - 추돌,안전거리미확보,건조,맑음,단일로 - 기타,기타불명,기타불명,미분류,기타불명,승용,남,51세,상해없음
2023122100100011,2023년 12월 21일 01시,목요일,인천광역시 서구 공촌동,경상사고,0,0,2,0,차량단독 - 공작물충돌,안전운전불이행,서리/결빙,맑음,기타 - 기타,승용,남,25세,상해없음,,,,
2023122100100012,2023년 12월 21일 01시,목요일,인천광역시 남동구 장수동,경상사고,0,0,1,0,차대차 - 측면충돌,안전운전불이행,건조,맑음,단일로 - 기타,기타불명,기타불명,미분류,기타불명,화물,남,40세,경상
2023122100100020,2023년 12월 21일 02시,목요일,인천광역시 미추홀구 주안동,중상사고,0,1,1,0,차대차 - 측면충돌,안전거리미확보,건조,맑음,교차로 - 교차로부근,승용,남,53세,상해없음,승용,남,71세,경상
2023122100100028,2023년 12월 21일 04시,목요일,인천광역시 미추홀구 관교동,중상사고,0,1,0,0,차대사람 - 횡단중,보행자보호의무위반,건조,맑음,교차로 - 교차로안,승용,남,66세,상해없음,보행자,여,55세,중상
2023122100100055,2023년 12월 21일 06시,목요일,인천광역시 남동구 만수동,경상사고,0,0,1,0,차대차 - 추돌,안전운전불이행,건조,맑음,교차로 - 교차로부근,화물,남,42세,상해없음,승용,남,26세,경상
2023122100100056,2023년 12월 21일 06시,목요일,인천광역시 서구 원당동,경상사고,0,0,1,0,차대차 - 추돌,안전운전불이행,건조,맑음,교차로 - 교차로부근,승용,남,39세,상해없음,승용,여,34세,경상
2023122100100118,2023년 12월 21일 08시,목요일,인천광역시 중구 항동7가,경상사고,0,0,1,0,차대차 - 측면충돌,신호위반,건조,맑음,단일로 - 지하차도(도로)내,화물,남,74세,상해없음,승용,여,42세,경상
2023122100100119,2023년 12월 21일 08시,목요일,인천광역시 남동구 구월동,부상신고사고,0,0,0,1,차대사람 - 기타,안전운전불이행,건조,맑음,단일로 - 기타,승용,남,62세,상해없음,보행자,여,14세,부상신고
2023122100100184,2023년 12월 21일 10시,목요일,인천광역시 서구 검암동,중상사고,0,5,2,0,차대차 - 추돌,안전운전불이행,건조,맑음,단일로 - 기타,승용,남,71세,중상,화물,남,51세,경상
2023122100100212,2023년 12월 21일 11시,목요일,인천광역시 부평구 부평동,경상사고,0,0,1,0,차대차 - 기타,중앙선침범,건조,맑음,단일로 - 기타,승용,남,63세,상해없음,승용,여,46세,경상
2023122100100213,2023년 12월 21일 11시,목요일,인천광역시 서구 석남동,경상사고,0,0,1,0,차대차 - 추돌,안전운전불이행,건조,맑음,단일로 - 기타,승용,남,39세,상해없음,승용,남,35세,경상
2023122100100277,2023년 12월 21일 13시,목요일,인천광역시 미추홀구 주안동,경상사고,0,0,1,0,차대차 - 기타,안전운전불이행,건조,맑음,기타 - 기타,승용,남,63세,상해없음,이륜,남,39세,경상
2023122100100278,2023년 12월 21일 13시,목요일,인천광역시 남동구 간석동,중상사고,0,1,2,0,차대차 - 측면충돌,신호위반,건조,맑음,교차로 - 교차로안,승용,남,70세,상해없음,승용,남,34세,경상
2023122100100316,2023년 12월 21일 14시,목요일,인천광역시 남동구 서창동,경상사고,0,0,2,0,차대차 - 측면충돌,신호위반,건조,맑음,교차로 - 교차로부근,승용,여,65세,상해없음,승용,여,41세,경상
2023122100100356,2023년 12월 21일 15시,목요일,인천광역시 중구 중산동,경상사고,0,0,1,0,차대차 - 측면충돌,안전운전불이행,건조,맑음,교차로 - 교차로횡단보도내,승용,여,72세,상해없음,자전거,남,47세,경상
2023122100100401,2023년 12월 21일 16시,목요일,인천광역시 부평구 산곡동,경상사고,0,0,2,0,차대차 - 기타,중앙선침범,건조,맑음,교차로 - 교차로부근,승용,남,52세,상해없음,승용,여,44세,경상
2023122100100402,2023년 12월 21일 16시,목요일,인천광역시 남동구 구월동,경상사고,0,0,1,0,차대차 - 후진중충돌,불법유턴,건조,맑음,단일로 - 기타,화물,남,63세,상해없음,이륜,남,46세,경상