사고번호,사고일시,요일,시군구,사고내용,사망자수,중상자수,경상자수,부상신고자수,사고유형,법규위반,노면상태,기상상태,도로형태,가해운전자 차종,가해운전자 성별,가해운전자 연령,가해운전자 상해정도,피해운전자 차종,피해운전자 성별,피해운전자 연령,피해운전자 상해정도
2023122100100449,2023년 12월 21일 17시,목요일,인천광역시 남동구 간석동,경상사고,0,0,1,0,차대차 - 추돌,안전운전불이행,건조,맑음,기타 - 기타,승용,남,69세,상해없음,승용,남,31세,경상
2023122100100450,2023년 12월 21일 17시,목요일,인천광역시 남동구 간석동,경상사고,0,0,1,0,차대차 - 측면충돌,안전운전불이행,건조,맑음,기타 - 기타,화물,남,35세,상해없음,이륜,남,21세,경상
2023122100100451,2023년 12월 21일 17시,목요일,인천광역시 계양구 효성동,중상사고,0,1,0,0,차대사람 - 횡단중,보행자보호의무위반,건조,흐림,교차로 - 교차로횡단보도내,승용,여,51세,상해없음,보행자,여,71세,중상
2023122100100497,2023년 12월 21일 18시,목요일,인천광역시 미추홀구 학익동,중상사고,0,1,0,0,차대사람 - 횡단중,안전운전불이행,건조,맑음,단일로 - 기타,승용,여,34세,상해없음,보행자,여,71세,중상
2023122100100498,2023년 12월 21일 18시,목요일,인천광역시 남동구 구월동,부상신고사고,0,0,0,1,차대차 - 기타,안전운전불이행,젖음/습기,흐림,교차로 - 교차로안,이륜,남,27세,상해없음,승용,남,27세,부상신고
2023122100100499,2023년 12월 21일 18시,목요일,인천광역시 남동구 구월동,부상신고사고,0,0,0,1,차대차 - 추돌,신호위반,건조,맑음,교차로 - 교차로부근,기타불명,기타불명,미분류,기타불명,이륜,남,27세,부상신고
2023122100100500,2023년 12월 21일 18시,목요일,인천광역시 서구 가정동,중상사고,0,1,0,0,차대차 - 기타,보행자보호의무위반,건조,맑음,기타 - 기타,승용,남,69세,상해없음,승용,여,50세,상해없음
2023122100100549,2023년 12월 21일 19시,목요일,인천광역시 남동구 만수동,중상사고,0,1,0,0,차대차 - 기타,안전운전불이행,건조,맑음,교차로 - 교차로부근,승용,여,38세,상해없음,원동기,남,34세,중상
2023122100100587,2023년 12월 21일 20시,목요일,인천광역시 미추홀구 문학동,경상사고,0,0,1,0,차대사람 - 횡단중,안전운전불이행,건조,기타,교차로 - 교차로안,이륜,남,51세,상해없음,보행자,남,44세,경상
2023122100100621,2023년 12월 21일 21시,목요일,인천광역시 서구 가좌동,경상사고,0,0,1,0,차대차 - 측면충돌,안전운전불이행,건조,맑음,교차로 - 교차로안,승용,남,54세,상해없음,승용,남,70세,경상
2023122100100622,2023년 12월 21일 21시,목요일,인천광역시 부평구 삼산동,경상사고,0,0,1,0,차대차 - 측면충돌,안전거리미확보,건조,맑음,단일로 - 기타,승용,여,75세,상해없음,승용,남,27세,경상
2023122100100646,2023년 12월 21일 22시,목요일,인천광역시 미추홀구 용현동,경상사고,0,0,1,0,차대차 - 측면충돌,안전운전불이행,건조,맑음,교차로 - 교차로부근,승용,남,62세,상해없음,승용,남,35세,경상
2023122100100647,2023년 12월 21일 22시,목요일,인천광역시 계양구 계산동,중상사고,0,1,0,0,차대차 - 측면충돌,안전운전불이행,건조,맑음,단일로 - 기타,화물,남,51세,상해없음,이륜,남,23세,중상
2023122100100648,2023년 12월 21일 22시,목요일,인천광역시 연수구 동춘동,경상사고,0,0,1,0,차대차 - 측면충돌,안전운전불이행,건조,맑음,단일로 - 기타,승용,남,56세,상해없음,승용,남,43세,경상
2023122100100669,2023년 12월 21일 23시,목요일,인천광역시 부평구 산곡동,경상사고,0,0,1,0,차대사람 - 횡단중,신호위반,건조,흐림,단일로 - 기타,이륜,남,20세,상해없음,보행자,남,43세,경상
2023122100100670,2023년 12월 21일 23시,목요일,인천광역시 부평구 부평동,경상사고,0,0,1,0,차대차 - 측면충돌,안전운전불이행,건조,흐림,교차로 - 교차로안,승용,남,49세,상해없음,승용,남,30세,경상
2023122200100051,2023년 12월 22일 05시,금요일,인천광역시 계양구 박촌동,중상사고,0,1,1,0,차대차 - 측면충돌,신호위반,건조,맑음,교차로 - 교차로안,승용,남,37세,상해없음,승용,여,59세,경상
2023122200100085,2023년 12월 22일 07시,금요일,인천광역시 남동구 구월동,중상사고,0,1,0,0,차대차 - 측면충돌,신호위반,젖음/습기,맑음,교차로 - 교차로부근,자전거,여,74세,중상,화물,남,67세,상해없음
2023122200100117,2023년 12월 22일 08시,금요일,인천광역시 부평구 부평동,경상사고,0,0,1,0,차대차 - 추돌,신호위반,건조,맑음,교차로 - 교차로안,승용,여,39세,상해없음,승용,남,63세,경상
2023122200100118,2023년 12월 22일 08시,금요일,인천광역시 남동구 간석동,경상사고,0,0,2,0,차대차 - 측면충돌,차로위반,건조,맑음,교차로 - 교차로부근,승용,여,62세,상해없음,승용,여,50세,경상
2023122200100155,2023년 12월 22일 09시,금요일,인천광역시 미추홀구 주안동,중상사고,0,1,0,0,차대사람 - 횡단중,보행자보호의무위반,건조,맑음,교차로 - 교차로안,승용,남,70세,상해없음,보행자,여,71세,중상
2023122200100156,2023년 12월 22일 09시,금요일,인천광역시 부평구 십정동,경상사고,0,0,1,0,차대차 - 기타,안전거리미확보,건조,맑음,교차로 - 교차로부근,승용,남,74세,상해없음,원동기,남,59세,경상
2023122200100183,2023년 12월 22일 10시,금요일,인천광역시 강화군 삼산면,부상신고사고,0,0,0,1,차량단독 - 도로외이탈 - 기타,안전운전불이행,적설,맑음,단일로 - 고가도로위,승용,남,51세,부상신고,,,,
2023122200100228,2023년 12월 22일 11시,금요일,인천광역시 중구 사동,경상사고,0,0,1,0,차대사람 - 기타,안전운전불이행,건조,맑음,교차로 - 교차로안,승합,남,47세,상해없음,보행자,여,83세,경상
2023122200100229,2023년 12월 22일 11시,금요일,인천광역시 서구 청라동,사망사고,1,0,0,0,차량단독 - 공작물충돌,안전운전불이행,건조,맑음,단일로 - 기타,이륜,남,30세,사망,,,,
2023122200100264,2023년 12월 22일 12시,금요일,인천광역시 미추홀구 관교동,경상사고,0,0,1,0,차대차 - 측면충돌,안전운전불이행,건조,맑음,단일로 - 기타,화물,남,66세,상해없음,승용,여,36세,경상
2023122200100265,2023년 12월 22일 12시,금요일,인천광역시 남동구 간석동,경상사고,0,0,1,0,차대차 - 추돌,안전운전불이행,서리/결빙,맑음,교차로 - 교차로안,화물,남,46세,상해없음,승용,남,49세,경상
2023122200100266,2023년 12월 22일 12시,금요일,인천광역시 서구 당하동,경상사고,0,0,2,0,차대차 - 측면충돌,신호위반,건조,맑음,교차로 - 교차로안,승용,여,29세,상해없음,승용,남,25세,경상
2023122200100267,2023년 12월 22일 12시,금요일,인천광역시 계양구 작전동,경상사고,0,0,1,0,차대차 - 추돌,안전운전불이행,건조,맑음,교차로 - 교차로부근,화물,남,60세,상해없음,승용,남,57세,상해없음
2023122200100308,2023년 12월 22일 13시,금요일,인천광역시 미추홀구 주안동,중상사고,0,1,0,0,차대차 - 측면충돌,안전운전불이행,건조,맑음,단일로 - 기타,승용,남,42세,상해없음,승용,여,53세,중상
2023122200100356,2023년 12월 22일 14시,금요일,인천광역시 중구 송월동1가,중상사고,0,1,0,0,차대사람 - 길가장자리구역통행중,안전운전불이행,건조,맑음,단일로 - 기타,승용,여,61세,상해없음,보행자,여,71세,중상
2023122200100358,2023년 12월 22일 14시,금요일,인천광역시 서구 가좌동,경상사고,0,0,2,0,차대차 - 추돌,안전운전불이행,건조,맑음,단일로 - 기타,승용,여,42세,경상,화물,남,51세,경상
2023122200100404,2023년 12월 22일 15시,금요일,인천광역시 동구 화평동,중상사고,0,1,0,0,차대사람 - 기타,안전운전불이행,기타,맑음,기타 - 기타,승용,남,64세,상해없음,보행자,남,73세,중상
2023122200100405,2023년 12월 22일 15시,금요일,인천광역시 계양구 귤현동,경상사고,0,0,2,0,차대차 - 기타,기타,건조,맑음,단일로 - 기타,승용,남,28세,상해없음,승용,남,61세,경상
2023122200100406,2023년 12월 22일 15시,금요일,인천광역시 부평구 삼산동,경상사고,0,0,1,0,차대차 - 기타,안전운전불이행,건조,맑음,기타 - 기타,승용,남,34세,상해없음,승용,여,61세,경상
2023122200100447,2023년 12월 22일 16시,금요일,인천광역시 남동구 만수동,부상신고사고,0,0,0,1,차대사람 - 횡단중,안전운전불이행,건조,맑음,단일로 - 기타,승용,남,78세,상해없음,보행자,여,12세,부상신고
2023122200100507,2023년 12월 22일 17시,금요일,인천광역시 미추홀구 주안동,경상사고,0,0,3,0,차대차 - 추돌,안전운전불이행,건조,맑음,단일로 - 기타,승용,남,69세,상해없음,승용,여,40세,경상
2023122200100508,2023년 12월 22일 17시,금요일,인천광역시 남동구 간석동,경상사고,0,0,1,0,차대차 - 추돌,안전운전불이행,건조,맑음,교차로 - 교차로부근,승용,남,38세,상해없음,승용,남,68세,경상
2023122200100509,2023년 12월 22일 17시,금요일,인천광역시 서구 공촌동,경상사고,0,0,1,0,차량단독 - 기타,안전운전불이행,건조,맑음,기타 - 기타,승합,남,69세,상해없음,,,,
2023122200100510,2023년 12월 22일 17시,금요일,인천광역시 연수구 연수동,경상사고,0,0,1,0,차대차 - 추돌,안전운전불이행,서리/결빙,눈,단일로 - 기타,승용,남,19세,상해없음,승용,여,44세,경상
2023122200100592,2023년 12월 22일 18시,금요일,인천광역시 중구 중산동,경상사고,0,0,1,0,차대차 - 추돌,차로위반,기타,기타,기타 - 기타,승용,여,66세,상해없음,승용,남,34세,경상
2023122200100593,2023년 12월 22일 18시,금요일,인천광역시 남동구 간석동,경상사고,0,0,3,0,차대차 - 기타,안전운전불이행,건조,맑음,단일로 - 기타,기타불명,기타불명,미분류,기타불명,승용,여,52세,경상
2023122200100644,2023년 12월 22일 19시,금요일,인천광역시 미추홀구 도화동,경상사고,0,0,2,0,차대차 - 추돌,기타,건조,맑음,교차로 - 교차로부근,승용,남,69세,상해없음,화물,남,65세,경상
2023122200100694,2023년 12월 22일 20시,금요일,인천광역시 부평구 산곡동,경상사고,0,0,1,0,차대차 - 기타,신호위반,건조,맑음,교차로 - 교차로부근,화물,남,66세,상해없음,승용,여,38세,경상
2023122200100695,2023년 12월 22일 20시,금요일,인천광역시 서구 석남동,경상사고,0,0,2,0,차대차 - 기타,안전운전불이행,건조,맑음,단일로 - 기타,승용,남,65세,상해없음,승용,여,41세,상해없음
2023122200100696,2023년 12월 22일 20시,금요일,인천광역시 남동구 논현동,부상신고사고,0,0,0,1,차대차 - 측면충돌,신호위반,젖음/습기,흐림,교차로 - 교차로안,원동기,남,35세,기타불명,이륜,남,54세,부상신고
2023122200100732,2023년 12월 22일 21시,금요일,인천광역시 부평구 청천동,중상사고,0,1,0,0,차대차 - 추돌,안전운전불이행,건조,맑음,교차로 - 교차로안,승용,남,64세,상해없음,이륜,남,29세,중상
2023122200100791,2023년 12월 22일 23시,금요일,인천광역시 미추홀구 도화동,경상사고,0,0,1,0,차대차 - 측면충돌,중앙선침범,건조,맑음,교차로 - 교차로부근,승용,남,18세,상해없음,승용,여,45세,경상
2023122200100792,2023년 12월 22일 23시,금요일,인천광역시 계양구 작전동,중상사고,0,1,0,0,차대사람 - 기타,안전운전불이행,건조,맑음,단일로 - 기타,승용,남,50세,상해없음,보행자,남,21세,중상
2023122200100793,2023년 12월 22일 23시,금요일,인천광역시 남동구 장수동,경상사고,0,0,2,0,차대차 - 추돌,안전운전불이행,건조,맑음,교차로 - 교차로부근,승용,남,30세,상해없음,승용,남,34세,경상
2023122300100022,2023년 12월 23일 00시,토요일,인천광역시 미추홀구 용현동,경상사고,0,0,1,0,차대차 - 측면충돌,안전운전불이행,젖음/습기,맑음,교차로 - 교차로안,승용,남,61세,상해없음,이륜,남,55세,경상
2023122300100023,2023년 12월 23일 00시,토요일,인천광역시 서구 가정동,경상사고,0,0,3,0,차대차 - 추돌,안전운전불이행,건조,맑음,기타 - 기타,승용,여,54세,상해없음,승용,남,38세,경상
2023122300100024,2023년 12월 23일 00시,토요일,인천광역시 부평구 부평동,경상사고,0,0,1,0,차대차 - 추돌,안전거리미확보,건조,맑음,교차로 - 교차로부근,승용,남,49세,상해없음,화물,남,27세,경상
2023122300100042,2023년 12월 23일 01시,토요일,인천광역시 서구 가좌동,경상사고,0,0,2,0,차대차 - 추돌,안전운전불이행,건조,맑음,교차로 - 교차로부근,승용,남,55세,상해없음,승용,남,31세,경상
2023122300100043,2023년 12월 23일 01시,토요일,인천광역시 남동구 서창동,경상사고,0,0,2,0,차대차 - 추돌,안전운전불이행,건조,맑음,교차로 - 교차로부근,승용,남,67세,상해없음,승용,남,62세,상해없음
2023122300100057,2023년 12월 23일 02시,토요일,인천광역시 서구 가좌동,경상사고,0,0,1,0,차대차 - 추돌,안전거리미확보,건조,맑음,교차로 - 교차로안,승용,남,38세,상해없음,승용,남,49세,경상
2023122300100078,2023년 12월 23일 05시,토요일,인천광역시 부평구 청천동,부상신고사고,0,0,0,1,차대차 - 측면충돌,안전운전불이행,건조,맑음,단일로 - 기타,승용,남,23세,상해없음,승용,여,49세,부상신고
2023122300100079,2023년 12월 23일 05시,토요일,인천광역시 남동구 장수동,경상사고,0,0,1,0,차대차 - 측면충돌,신호위반,건조,맑음,교차로 - 교차로부근,승용,남,56세,상해없음,화물,남,64세,경상
2023122300100112,2023년 12월 23일 08시,토요일,인천광역시 미추홀구 숭의동,경상사고,0,0,1,0,차대차 - 기타,안전운전불이행,건조,맑음,기타 - 기타,승용,여,64세,상해없음,이륜,남,27세,경상
2023122300100138,2023년 12월 23일 09시,토요일,인천광역시 남동구 만수동,경상사고,0,0,1,0,차대차 - 추돌,안전운전불이행,서리/결빙,눈,교차로 - 교차로부근,승용,남,22세,상해없음,이륜,남,41세,경상
2023122300100172,2023년 12월 23일 10시,토요일,인천광역시 부평구 산곡동,중상사고,0,1,0,0,차대사람 - 보도통행중,보행자보호의무위반,건조,맑음,단일로 - 기타,승용,여,55세,상해없음,보행자,남,66세,중상
2023122300100209,2023년 12월 23일 11시,토요일,인천광역시 남동구 논현동,중상사고,0,1,0,0,차대차 - 측면충돌,신호위반,건조,맑음,교차로 - 교차로부근,화물,남,68세,상해없음,이륜,남,65세,중상
2023122300100210,2023년 12월 23일 11시,토요일,인천광역시 남동구 고잔동,경상사고,0,0,3,0,차대차 - 추돌,안전거리미확보,건조,맑음,단일로 - 고가도로위,승용,남,63세,경상,승용,남,69세,상해없음
2023122300100253,2023년 12월 23일 12시,토요일,인천광역시 미추홀구 주안동,경상사고,0,0,1,0,차대사람 - 기타,안전운전불이행,건조,맑음,교차로 - 교차로안,화물,남,65세,상해없음,보행자,남,60세,경상
2023122300100254,2023년 12월 23일 12시,토요일,인천광역시 남동구 간석동,경상사고,0,0,2,0,차대차 - 측면충돌,안전운전불이행,건조,맑음,단일로 - 기타,승용,여,51세,상해없음,승용,남,48세,경상
2023122300100255,2023년 12월 23일 12시,토요일,인천광역시 남동구 간석동,경상사고,0,0,1,0,차대사람 - 기타,안전운전불이행,건조,맑음,단일로 - 기타,승용,여,63세,상해없음,보행자,남,37세,경상
2023122300100256,2023년 12월 23일 12시,토요일,인천광역시 계양구 장기동,중상사고,0,1,0,0,차대사람 - 기타,신호위반,건조,맑음,교차로 - 교차로안,승용,남,53세,상해없음,보행자,여,38세,중상
2023122300100257,2023년 12월 23일 12시,토요일,인천광역시 연수구 청학동,경상사고,0,0,1,0,차대차 - 측면충돌,안전운전불이행,건조,맑음,단일로 - 기타,화물,남,62세,상해없음,승용,남,42세,경상
2023122300100291,2023년 12월 23일 13시,토요일,인천광역시 부평구 산곡동,경상사고,0,0,1,0,차대차 - 기타,차로위반,건조,맑음,단일로 - 기타,승용,여,49세,상해없음,승용,여,59세,경상
2023122300100328,2023년 12월 23일 14시,토요일,인천광역시 남동구 구월동,경상사고,0,0,1,0,차대차 - 추돌,안전운전불이행,건조,맑음,단일로 - 기타,승용,남,61세,상해없음,승용,여,35세,경상
2023122300100365,2023년 12월 23일 15시,토요일,인천광역시 부평구 십정동,경상사고,0,0,1,0,차대차 - 측면충돌,안전운전불이행,건조,맑음,단일로 - 기타,승용,여,25세,상해없음,승용,남,35세,경상
2023122300100366,2023년 12월 23일 15시,토요일,인천광역시 서구 석남동,경상사고,0,0,1,0,차대사람 - 기타,안전운전불이행,건조,맑음,교차로 - 교차로부근,승용,여,55세,상해없음,보행자,여,66세,경상
2023122300100367,2023년 12월 23일 15시,토요일,인천광역시 서구 경서동,경상사고,0,0,1,0,차대차 - 측면충돌,안전운전불이행,건조,맑음,단일로 - 기타,화물,남,64세,상해없음,화물,여,63세,경상
2023122300100400,2023년 12월 23일 16시,토요일,인천광역시 부평구 십정동,경상사고,0,0,1,0,차대차 - 추돌,안전운전불이행,건조,맑음,단일로 - 기타,승용,남,54세,상해없음,승용,남,64세,경상
2023122300100401,2023년 12월 23일 16시,토요일,인천광역시 남동구 만수동,경상사고,0,0,1,0,차대차 - 추돌,안전운전불이행,건조,흐림,교차로 - 교차로부근,승용,남,67세,상해없음,승용,남,51세,상해없음
2023122300100402,2023년 12월 23일 16시,토요일,인천광역시 남동구 서창동,경상사고,0,0,1,0,차대차 - 측면충돌,교차로운행방법위반,건조,맑음,단일로 - 기타,승용,남,55세,상해없음,승용,여,47세,경상
2023122300100449,2023년 12월 23일 17시,토요일,인천광역시 계양구 작전동,경상사고,0,0,1,0,차대차 - 측면충돌,안전거리미확보,건조,맑음,교차로 - 교차로부근,승용,남,57세,상해없음,승용,남,56세,경상
2023122300100497,2023년 12월 23일 18시,토요일,인천광역시 남동구 구월동,경상사고,0,0,2,4,차대차 - 기타,안전운전불이행,건조,맑음,단일로 - 기타,승용,남,27세,상해없음,승용,남,47세,경상
2023122300100498,2023년 12월 23일 18시,토요일,인천광역시 부평구 부개동,경상사고,0,0,1,0,차대차 - 측면충돌,안전거리미확보,건조,맑음,교차로 - 교차로부근,승용,남,52세,상해없음,승용,남,60세,경상
2023122300100530,2023년 12월 23일 19시,토요일,인천광역시 미추홀구 주안동,경상사고,0,0,1,0,차대차 - 기타,안전운전불이행,건조,맑음,단일로 - 기타,승용,남,41세,상해없음,승용,남,54세,경상
2023122300100531,2023년 12월 23일 19시,토요일,인천광역시 남동구 구월동,경상사고,0,0,1,0,차대차 - 측면충돌,신호위반,건조,맑음,기타 - 기타,승합,남,57세,상해없음,화물,여,32세,상해없음
2023122300100532,2023년 12월 23일 19시,토요일,인천광역시 연수구 동춘동,경상사고,0,0,1,0,차대차 - 후진중충돌,안전운전불이행,건조,맑음,교차로 - 교차로부근,승용,여,66세,상해없음,승용,남,52세,경상
2023122300100555,2023년 12월 23일 20시,토요일,인천광역시 미추홀구 주안동,중상사고,0,1,0,0,차대차 - 추돌,안전운전불이행,건조,맑음,교차로 - 교차로부근,승용,여,68세,상해없음,승용,남,40세,중상
2023122300100603,2023년 12월 23일 22시,토요일,인천광역시 계양구 계산동,중상사고,0,1,0,0,차대차 - 정면충돌,신호위반,건조,맑음,교차로 - 교차로안,승용,남,61세,상해없음,이륜,남,29세,중상
2023122300100605,2023년 12월 23일 22시,토요일,인천광역시 남동구 만수동,경상사고,0,0,1,0,차대차 - 추돌,안전운전불이행,젖음/습기,맑음,단일로 - 기타,승용,여,55세,상해없음,승용,남,46세,경상
2023122400100022,2023년 12월 24일 01시,일요일,인천광역시 남동구 남촌동,중상사고,0,1,2,0,차대차 - 추돌,안전운전불이행,젖음/습기,눈,교차로 - 교차로부근,승용,여,42세,상해없음,승용,남,59세,경상
2023122400100026,2023년 12월 24일 02시,일요일,인천광역시 계양구 계산동,경상사고,0,0,1,0,차대차 - 추돌,안전운전불이행,적설,눈,교차로 - 교차로부근,승용,남,26세,상해없음,승용,남,34세,경상
2023122400100032,2023년 12월 24일 03시,일요일,인천광역시 미추홀구 용현동,경상사고,0,0,1,0,차대사람 - 보도통행중,안전운전불이행,적설,눈,단일로 - 기타,기타불명,기타불명,미분류,기타불명,보행자,남,31세,경상
2023122400100038,2023년 12월 24일 04시,일요일,인천광역시 부평구 부평동,경상사고,0,0,3,0,차대차 - 측면충돌,안전운전불이행,적설,눈,교차로 - 교차로안,승용,남,27세,기타불명,승용,남,66세,경상
2023122400100042,2023년 12월 24일 05시,일요일,인천광역시 서구 원창동,경상사고,0,0,1,0,차대차 - 기타,안전운전불이행,적설,눈,교차로 - 교차로부근,승용,남,40세,상해없음,승용,남,25세,경상
2023122400100043,2023년 12월 24일 05시,일요일,인천광역시 서구 석남동,경상사고,0,0,1,0,차대차 - 기타,안전운전불이행,건조,맑음,기타 - 기타,기타불명,기타불명,미분류,기타불명,화물,남,47세,경상
2023122400100059,2023년 12월 24일 08시,일요일,인천광역시 남동구 간석동,경상사고,0,0,1,0,차대차 - 추돌,안전운전불이행,서리/결빙,눈,교차로 - 교차로부근,승용,남,30세,상해없음,승용,남,25세,경상
2023122400100076,2023년 12월 24일 09시,일요일,인천광역시 남동구 구월동,중상사고,0,1,0,0,차대사람 - 횡단중,신호위반,서리/결빙,눈,교차로 - 교차로횡단보도내,승용,남,42세,상해없음,보행자,여,18세,중상
2023122400100110,2023년 12월 24일 11시,일요일,인천광역시 중구 북성동2가,중상사고,0,1,0,0,차대차 - 기타,안전운전불이행,건조,맑음,단일로 - 기타,승용,남,67세,중상,승용,남,69세,상해없음
2023122400100111,2023년 12월 24일 11시,일요일,인천광역시 부평구 부개동,경상사고,0,0,1,0,차대사람 - 횡단중,보행자보호의무위반,젖음/습기,맑음,교차로 - 교차로부근,승용,여,64세,상해없음,보행자,남,63세,경상
2023122400100194,2023년 12월 24일 15시,일요일,인천광역시 중구 을왕동,부상신고사고,0,0,0,1,차대사람 - 기타,안전운전불이행,건조,맑음,단일로 - 기타,승용,남,56세,상해없음,보행자,여,20세,부상신고
2023122400100195,2023년 12월 24일 15시,일요일,인천광역시 미추홀구 용현동,경상사고,0,0,1,0,차대차 - 측면충돌,안전운전불이행,젖음/습기,흐림,기타 - 기타,승용,여,49세,상해없음,승용,남,58세,경상
2023122400100215,2023년 12월 24일 16시,일요일,인천광역시 미추홀구 주안동,경상사고,0,0,1,0,차대차 - 추돌,안전운전불이행,건조,맑음,교차로 - 교차로부근,승용,남,56세,상해없음,이륜,남,39세,경상
2023122400100216,2023년 12월 24일 16시,일요일,인천광역시 연수구 송도동,중상사고,0,1,0,0,차대차 - 측면충돌,안전운전불이행,건조,맑음,교차로 - 교차로안,승용,여,48세,상해없음,승용,여,26세,중상
2023122400100217,2023년 12월 24일 16시,일요일,인천광역시 중구 운북동,경상사고,0,0,5,0,차대차 - 추돌,안전거리미확보,건조,맑음,단일로 - 교량,승용,남,22세,상해없음,승용,남,47세,경상
2023122400100244,2023년 12월 24일 17시,일요일,인천광역시 미추홀구 용현동,경상사고,0,0,1,0,차대차 - 측면충돌,안전운전불이행,건조,맑음,단일로 - 기타,승용,남,71세,상해없음,화물,기타불명,미분류,기타불명
2023122400100302,2023년 12월 24일 19시,일요일,인천광역시 서구 마전동,중상사고,0,1,0,0,차대차 - 측면충돌,신호위반,건조,맑음,교차로 - 교차로안,승용,여,45세,상해없음,이륜,남,27세,중상
2023122400100316,2023년 12월 24일 20시,일요일,인천광역시 남동구 구월동,경상사고,0,0,1,0,차대차 - 후진중충돌,안전운전불이행,건조,맑음,기타 - 기타,기타불명,기타불명,미분류,기타불명,개인형이동수단(PM),여,27세,경상
2023122400100350,2023년 12월 24일 22시,일요일,인천광역시 부평구 부평동,경상사고,0,0,1,0,차대차 - 기타,안전운전불이행,건조,흐림,기타 - 기타,승용,남,51세,상해없음,승용,남,64세,경상
2023122400100358,2023년 12월 24일 23시,일요일,인천광역시 남동구 간석동,경상사고,0,0,1,0,차대차 - 정면충돌,신호위반,건조,맑음,교차로 - 교차로안,승용,남,68세,상해없음,승용,남,38세,경상
2023122400100359,2023년 12월 24일 23시,일요일,인천광역시 남동구 논현동,경상사고,0,0,1,0,차대차 - 측면충돌,신호위반,건조,흐림,교차로 - 교차로안,이륜,남,17세,상해없음,승용,남,41세,경상
2023122500100008,2023년 12월 25일 00시,월요일,인천광역시 중구 운서동,경상사고,0,0,1,0,차대차 - 측면충돌,안전운전불이행,건조,맑음,교차로 - 교차로안,승용,남,46세,상해없음,승용,남,37세,경상
2023122500100024,2023년 12월 25일 03시,월요일,인천광역시 부평구 부평동,부상신고사고,0,0,0,1,차대사람 - 길가장자리구역통행중,안전운전불이행,건조,맑음,교차로 - 교차로안,승용,남,32세,상해없음,보행자,남,27세,부상신고
2023122500100072,2023년 12월 25일 09시,월요일,인천광역시 연수구 동춘동,경상사고,0,0,1,0,차대차 - 측면충돌,신호위반,적설,눈,교차로 - 교차로안,승용,남,59세,상해없음,승용,남,36세,경상
2023122500100089,2023년 12월 25일 10시,월요일,인천광역시 부평구 삼산동,경상사고,0,0,1,0,차대차 - 측면충돌,안전운전불이행,젖음/습기,눈,단일로 - 기타,승용,여,29세,상해없음,승용,남,58세,경상
2023122500100136,2023년 12월 25일 12시,월요일,인천광역시 미추홀구 주안동,경상사고,0,0,1,0,차대차 - 측면충돌,안전운전불이행,건조,맑음,교차로 - 교차로부근,승용,남,65세,상해없음,승용,여,31세,경상
2023122500100160,2023년 12월 25일 13시,월요일,인천광역시 연수구 청학동,경상사고,0,0,1,0,차대차 - 측면충돌,안전운전불이행,건조,맑음,교차로 - 교차로안,승용,남,40세,상해없음,승용,남,61세,경상
2023122500100161,2023년 12월 25일 13시,월요일,인천광역시 부평구 부평동,경상사고,0,0,1,0,차대사람 - 길가장자리구역통행중,안전운전불이행,건조,맑음,교차로 - 교차로부근,승용,여,19세,상해없음,보행자,여,16세,경상
2023122500100174,2023년 12월 25일 14시,월요일,인천광역시 미추홀구 도화동,경상사고,0,0,1,0,차대사람 - 기타,안전운전불이행,건조,맑음,기타 - 기타,승용,남,39세,기타불명,보행자,여,61세,경상
2023122500100202,2023년 12월 25일 15시,월요일,인천광역시 미추홀구 도화동,경상사고,0,0,1,0,차대사람 - 기타,교차로운행방법위반,서리/결빙,눈,단일로 - 기타,승용,남,62세,상해없음,보행자,남,46세,경상
2023122500100243,2023년 12월 25일 17시,월요일,인천광역시 중구 도원동,사망사고,1,0,0,0,차대사람 - 차도통행중,기타,젖음/습기,맑음,교차로 - 교차로안,승용,남,47세,상해없음,보행자,남,81세,사망
2023122500100244,2023년 12월 25일 17시,월요일,인천광역시 중구 선린동,부상신고사고,0,0,0,1,차대사람 - 길가장자리구역통행중,안전운전불이행,젖음/습기,흐림,교차로 - 교차로안,승용,여,51세,상해없음,보행자,남,30세,부상신고
2023122500100273,2023년 12월 25일 18시,월요일,인천광역시 미추홀구 숭의동,경상사고,0,0,1,0,차대차 - 기타,안전운전불이행,건조,맑음,교차로 - 교차로부근,이륜,남,64세,상해없음,이륜,남,54세,상해없음
2023122500100274,2023년 12월 25일 18시,월요일,인천광역시 강화군 화도면,중상사고,0,1,0,0,차대사람 - 기타,안전운전불이행,건조,맑음,기타 - 기타,승용,남,52세,상해없음,보행자,여,79세,중상
2023122500100346,2023년 12월 25일 22시,월요일,인천광역시 미추홀구 주안동,경상사고,0,0,1,0,차대차 - 추돌,안전운전불이행,건조,맑음,단일로 - 기타,승용,여,46세,상해없음,이륜,남,52세,경상