사고번호,사고일시,요일,시군구,사고내용,사망자수,중상자수,경상자수,부상신고자수,사고유형,법규위반,노면상태,기상상태,도로형태,가해운전자 차종,가해운전자 성별,가해운전자 연령,가해운전자 상해정도,피해운전자 차종,피해운전자 성별,피해운전자 연령,피해운전자 상해정도
2023122600100010,2023년 12월 26일 00시,화요일,인천광역시 동구 송현동,부상신고사고,0,0,0,1,차대사람 - 기타,안전운전불이행,젖음/습기,맑음,교차로 - 교차로안,승합,남,62세,상해없음,보행자,남,42세,부상신고
2023122600100143,2023년 12월 26일 09시,화요일,인천광역시 미추홀구 용현동,경상사고,0,0,1,0,차대차 - 측면충돌,중앙선침범,건조,맑음,단일로 - 기타,승용,남,78세,상해없음,승용,남,31세,경상
2023122600100170,2023년 12월 26일 10시,화요일,인천광역시 부평구 부평동,경상사고,0,0,2,0,차대사람 - 횡단중,보행자보호의무위반,건조,맑음,단일로 - 기타,승용,남,45세,기타불명,보행자,여,62세,경상
2023122600100192,2023년 12월 26일 11시,화요일,인천광역시 미추홀구 용현동,경상사고,0,0,1,0,차대사람 - 횡단중,보행자보호의무위반,건조,맑음,교차로 - 교차로부근,이륜,남,27세,상해없음,보행자,여,48세,경상
2023122600100193,2023년 12월 26일 11시,화요일,인천광역시 서구 당하동,경상사고,0,0,1,0,차대차 - 기타,안전거리미확보,건조,맑음,단일로 - 기타,승용,남,71세,상해없음,승용,남,30세,경상
2023122600100194,2023년 12월 26일 11시,화요일,인천광역시 서구 가좌동,경상사고,0,0,1,0,차대차 - 기타,안전운전불이행,건조,맑음,단일로 - 고가도로위,승용,남,53세,상해없음,화물,남,63세,경상
2023122600100337,2023년 12월 26일 15시,화요일,인천광역시 중구 운서동,사망사고,1,0,0,0,차량단독 - 공작물충돌,안전운전불이행,기타,기타,기타 - 기타,승용,남,41세,사망,,,,
2023122600100338,2023년 12월 26일 15시,화요일,인천광역시 중구 중산동,중상사고,0,1,1,0,차대차 - 정면충돌,신호위반,건조,맑음,교차로 - 교차로안,승용,여,33세,상해없음,승용,남,56세,중상
2023122600100378,2023년 12월 26일 16시,화요일,인천광역시 서구 가좌동,경상사고,0,0,1,0,차대차 - 측면충돌,안전운전불이행,건조,맑음,단일로 - 기타,화물,남,53세,상해없음,화물,남,33세,경상
2023122600100379,2023년 12월 26일 16시,화요일,인천광역시 미추홀구 숭의동,경상사고,0,0,1,0,차대차 - 추돌,안전거리미확보,건조,맑음,교차로 - 교차로부근,승용,남,81세,상해없음,승용,남,37세,경상
2023122600100380,2023년 12월 26일 16시,화요일,인천광역시 남동구 고잔동,중상사고,0,1,0,0,차대차 - 측면충돌,신호위반,건조,맑음,교차로 - 교차로안,화물,남,61세,상해없음,화물,남,41세,중상
2023122600100426,2023년 12월 26일 17시,화요일,인천광역시 중구 인현동,경상사고,0,0,1,0,차량단독 - 기타,안전운전불이행,건조,맑음,단일로 - 기타,승합,남,35세,기타불명,,,,
2023122600100427,2023년 12월 26일 17시,화요일,인천광역시 남동구 만수동,경상사고,0,0,1,0,차대차 - 측면충돌,안전거리미확보,건조,맑음,교차로 - 교차로부근,승합,남,60세,상해없음,승용,남,49세,상해없음
2023122600100500,2023년 12월 26일 18시,화요일,인천광역시 남동구 간석동,경상사고,0,0,1,0,차대차 - 추돌,안전운전불이행,서리/결빙,맑음,단일로 - 고가도로위,승용,남,40세,상해없음,승용,남,50세,경상
2023122600100537,2023년 12월 26일 19시,화요일,인천광역시 동구 송림동,사망사고,1,0,0,0,차대차 - 추돌,안전운전불이행,젖음/습기,맑음,교차로 - 교차로횡단보도내,승용,남,52세,상해없음,승용,남,70세,상해없음
2023122600100538,2023년 12월 26일 19시,화요일,인천광역시 부평구 구산동,경상사고,0,0,1,0,차대차 - 추돌,안전거리미확보,건조,맑음,단일로 - 기타,승용,남,48세,상해없음,승용,남,39세,경상
2023122600100596,2023년 12월 26일 22시,화요일,인천광역시 서구 청라동,경상사고,0,0,1,0,차대차 - 측면충돌,신호위반,건조,맑음,교차로 - 교차로안,승용,남,24세,상해없음,승용,여,32세,경상
2023122600100597,2023년 12월 26일 22시,화요일,인천광역시 남동구 만수동,경상사고,0,0,1,0,차대차 - 측면충돌,안전거리미확보,건조,맑음,교차로 - 교차로안,승합,남,56세,상해없음,승용,남,37세,경상
2023122600100611,2023년 12월 26일 23시,화요일,인천광역시 미추홀구 도화동,경상사고,0,0,2,0,차대차 - 추돌,안전거리미확보,건조,맑음,교차로 - 교차로부근,승용,남,28세,상해없음,승용,여,37세,경상
2023122700100024,2023년 12월 27일 03시,수요일,인천광역시 중구 운서동,중상사고,0,1,0,0,차대차 - 측면충돌,안전거리미확보,건조,맑음,단일로 - 기타,승용,남,20세,상해없음,승용,남,55세,중상
2023122700100035,2023년 12월 27일 05시,수요일,인천광역시 서구 청라동,경상사고,0,0,1,0,차대차 - 추돌,안전운전불이행,건조,맑음,교차로 - 교차로부근,승용,남,28세,상해없음,승용,남,31세,경상
2023122700100071,2023년 12월 27일 07시,수요일,인천광역시 중구 신흥동3가,경상사고,0,0,1,0,차대차 - 측면충돌,안전거리미확보,건조,맑음,교차로 - 교차로부근,화물,남,60세,상해없음,승용,남,34세,경상
2023122700100155,2023년 12월 27일 09시,수요일,인천광역시 서구 청라동,중상사고,0,1,0,0,차대차 - 추돌,안전운전불이행,건조,맑음,교차로 - 교차로안,화물,남,68세,상해없음,기타불명,남,64세,중상
2023122700100156,2023년 12월 27일 09시,수요일,인천광역시 서구 오류동,경상사고,0,0,2,0,차대차 - 추돌,안전거리미확보,건조,맑음,단일로 - 기타,화물,남,29세,상해없음,승용,남,39세,상해없음
2023122700100233,2023년 12월 27일 11시,수요일,인천광역시 계양구 효성동,중상사고,0,1,0,0,차대사람 - 횡단중,안전운전불이행,건조,맑음,단일로 - 기타,승용,여,41세,상해없음,보행자,여,52세,중상
2023122700100301,2023년 12월 27일 13시,수요일,인천광역시 서구 청라동,경상사고,0,0,2,0,차대차 - 추돌,안전운전불이행,건조,맑음,단일로 - 기타,승용,남,32세,상해없음,승용,여,37세,경상
2023122700100328,2023년 12월 27일 14시,수요일,인천광역시 중구 중산동,중상사고,0,1,0,0,차대사람 - 기타,안전운전불이행,건조,맑음,단일로 - 지하차도(도로)내,승합,남,63세,상해없음,보행자,여,61세,중상
2023122700100405,2023년 12월 27일 16시,수요일,인천광역시 서구 가정동,경상사고,0,0,1,0,차대차 - 측면충돌,안전운전불이행,건조,맑음,단일로 - 기타,승용,여,57세,경상,승용,여,59세,상해없음
2023122700100451,2023년 12월 27일 17시,수요일,인천광역시 남동구 구월동,부상신고사고,0,0,0,1,차대사람 - 횡단중,안전운전불이행,건조,맑음,단일로 - 기타,기타불명,기타불명,미분류,기타불명,보행자,남,20세,부상신고
2023122700100452,2023년 12월 27일 17시,수요일,인천광역시 남동구 논현동,경상사고,0,0,1,0,차대차 - 정면충돌,신호위반,건조,맑음,교차로 - 교차로부근,승용,여,62세,상해없음,이륜,남,42세,경상
2023122700100453,2023년 12월 27일 17시,수요일,인천광역시 남동구 만수동,경상사고,0,0,1,0,차대차 - 측면충돌,신호위반,건조,맑음,교차로 - 교차로부근,승합,남,54세,상해없음,승용,여,38세,경상
2023122700100513,2023년 12월 27일 18시,수요일,인천광역시 미추홀구 용현동,중상사고,0,1,0,0,차대사람 - 기타,안전운전불이행,건조,맑음,단일로 - 기타,승합,남,36세,상해없음,보행자,남,62세,중상
2023122700100514,2023년 12월 27일 18시,수요일,인천광역시 부평구 갈산동,경상사고,0,0,1,0,차대차 - 추돌,안전운전불이행,건조,맑음,교차로 - 교차로안,승용,여,33세,상해없음,승용,남,25세,경상
2023122700100515,2023년 12월 27일 18시,수요일,인천광역시 서구 가좌동,중상사고,0,1,0,0,차대사람 - 보도통행중,기타,건조,맑음,단일로 - 기타,승용,남,74세,상해없음,보행자,여,30세,중상
2023122700100516,2023년 12월 27일 18시,수요일,인천광역시 계양구 작전동,경상사고,0,0,1,0,차대차 - 기타,안전거리미확보,건조,기타,단일로 - 기타,승용,여,50세,상해없음,승용,남,63세,경상
2023122700100546,2023년 12월 27일 19시,수요일,인천광역시 서구 검암동,경상사고,0,0,2,0,차대차 - 추돌,안전운전불이행,건조,맑음,단일로 - 기타,승용,남,29세,상해없음,승용,여,33세,경상
2023122700100589,2023년 12월 27일 20시,수요일,인천광역시 부평구 갈산동,경상사고,0,0,1,0,차대차 - 기타,안전운전불이행,기타,기타,단일로 - 기타,이륜,남,28세,상해없음,승용,남,51세,경상
2023122700100636,2023년 12월 27일 22시,수요일,인천광역시 계양구 병방동,경상사고,0,0,1,0,차대차 - 기타,안전운전불이행,건조,흐림,단일로 - 고가도로위,승용,남,26세,상해없음,승용,남,31세,경상
2023122700100651,2023년 12월 27일 23시,수요일,인천광역시 남동구 만수동,부상신고사고,0,0,0,1,차대차 - 추돌,안전운전불이행,건조,맑음,단일로 - 기타,승용,남,32세,기타불명,화물,남,58세,부상신고
2023122800100007,2023년 12월 28일 00시,목요일,인천광역시 부평구 청천동,경상사고,0,0,1,0,차대차 - 추돌,안전운전불이행,건조,맑음,교차로 - 교차로부근,승용,남,30세,상해없음,승용,남,27세,경상
2023122800100045,2023년 12월 28일 06시,목요일,인천광역시 서구 가좌동,경상사고,0,0,1,0,차대차 - 측면충돌,안전운전불이행,건조,맑음,교차로 - 교차로안,승합,남,59세,상해없음,승용,남,31세,경상
2023122800100065,2023년 12월 28일 07시,목요일,인천광역시 중구 중산동,경상사고,0,0,1,0,차대차 - 측면충돌,신호위반,기타,기타,기타 - 기타,승용,남,48세,상해없음,화물,남,47세,경상
2023122800100066,2023년 12월 28일 07시,목요일,인천광역시 중구 운서동,중상사고,0,1,0,0,차대사람 - 횡단중,보행자보호의무위반,건조,맑음,교차로 - 교차로안,승용,남,43세,상해없음,보행자,남,32세,중상
2023122800100101,2023년 12월 28일 08시,목요일,인천광역시 남동구 서창동,경상사고,0,0,1,0,차대차 - 추돌,안전운전불이행,건조,맑음,단일로 - 기타,승용,남,36세,상해없음,화물,남,27세,경상
2023122800100134,2023년 12월 28일 09시,목요일,인천광역시 미추홀구 관교동,경상사고,0,0,1,0,차대차 - 측면충돌,안전거리미확보,건조,맑음,단일로 - 기타,승용,남,73세,상해없음,승용,여,45세,경상
2023122800100169,2023년 12월 28일 11시,목요일,인천광역시 남동구 논현동,경상사고,0,0,1,0,차대차 - 추돌,안전운전불이행,건조,맑음,교차로 - 교차로부근,승용,남,46세,상해없음,승용,남,67세,상해없음
2023122800100206,2023년 12월 28일 12시,목요일,인천광역시 미추홀구 도화동,경상사고,0,0,1,0,차대차 - 측면충돌,안전운전불이행,건조,맑음,교차로 - 교차로안,승합,남,42세,상해없음,승용,남,32세,경상
2023122800100207,2023년 12월 28일 12시,목요일,인천광역시 부평구 십정동,경상사고,0,0,1,0,차대차 - 추돌,안전운전불이행,건조,맑음,교차로 - 교차로부근,승용,여,61세,상해없음,승용,여,44세,경상
2023122800100241,2023년 12월 28일 13시,목요일,인천광역시 계양구 갈현동,경상사고,0,0,1,0,차대차 - 측면충돌,차로위반,건조,맑음,단일로 - 기타,승용,여,41세,상해없음,화물,남,65세,경상
2023122800100242,2023년 12월 28일 13시,목요일,인천광역시 남동구 논현동,경상사고,0,0,1,0,차대차 - 측면충돌,신호위반,건조,맑음,교차로 - 교차로안,화물,남,66세,상해없음,승용,여,40세,경상
2023122800100277,2023년 12월 28일 14시,목요일,인천광역시 부평구 부평동,경상사고,0,0,2,0,차대차 - 기타,안전운전불이행,건조,맑음,단일로 - 기타,이륜,남,49세,상해없음,승용,남,52세,경상
2023122800100305,2023년 12월 28일 15시,목요일,인천광역시 미추홀구 학익동,경상사고,0,0,1,0,차대사람 - 횡단중,안전운전불이행,건조,맑음,교차로 - 교차로부근,승용,남,53세,기타불명,보행자,여,41세,경상
2023122800100306,2023년 12월 28일 15시,목요일,인천광역시 연수구 옥련동,경상사고,0,0,1,0,차대차 - 측면충돌,안전거리미확보,건조,맑음,단일로 - 기타,승용,남,55세,상해없음,화물,남,68세,경상
2023122800100386,2023년 12월 28일 17시,목요일,인천광역시 미추홀구 도화동,경상사고,0,0,1,0,차대차 - 측면충돌,안전운전불이행,건조,맑음,단일로 - 기타,화물,남,60세,상해없음,승용,여,31세,경상
2023122800100387,2023년 12월 28일 17시,목요일,인천광역시 남동구 만수동,경상사고,0,0,2,0,차대차 - 측면충돌,안전운전불이행,건조,맑음,교차로 - 교차로안,화물,남,53세,기타불명,승용,남,63세,경상
2023122800100388,2023년 12월 28일 17시,목요일,인천광역시 계양구 계산동,경상사고,0,0,1,0,차대차 - 추돌,안전운전불이행,건조,흐림,교차로 - 교차로부근,승합,남,51세,상해없음,승용,여,61세,경상
2023122800100478,2023년 12월 28일 19시,목요일,인천광역시 중구 항동7가,경상사고,0,0,1,0,차대차 - 측면충돌,신호위반,건조,맑음,교차로 - 교차로안,승용,남,70세,상해없음,승용,남,35세,경상
2023122800100479,2023년 12월 28일 19시,목요일,인천광역시 서구 마전동,경상사고,0,0,1,0,차대사람 - 기타,안전운전불이행,건조,맑음,단일로 - 기타,승합,남,55세,상해없음,보행자,여,68세,경상
2023122800100480,2023년 12월 28일 19시,목요일,인천광역시 서구 오류동,경상사고,0,0,1,0,차대차 - 측면충돌,차로위반,건조,맑음,단일로 - 기타,승용,여,55세,상해없음,승용,남,36세,경상
2023122800100481,2023년 12월 28일 19시,목요일,인천광역시 부평구 부개동,부상신고사고,0,0,0,1,차대사람 - 횡단중,안전운전불이행,건조,맑음,교차로 - 교차로안,승용,여,66세,상해없음,보행자,남,43세,부상신고
2023122800100510,2023년 12월 28일 20시,목요일,인천광역시 부평구 부평동,중상사고,0,1,0,0,차대차 - 정면충돌,신호위반,건조,맑음,교차로 - 교차로안,이륜,남,31세,상해없음,이륜,남,48세,중상
2023122800100531,2023년 12월 28일 21시,목요일,인천광역시 남동구 구월동,경상사고,0,0,3,0,차대차 - 추돌,안전운전불이행,건조,맑음,단일로 - 기타,승용,남,59세,상해없음,승용,남,54세,경상
2023122800100564,2023년 12월 28일 22시,목요일,인천광역시 남동구 간석동,경상사고,0,0,1,0,차대차 - 정면충돌,안전운전불이행,건조,맑음,교차로 - 교차로안,이륜,남,36세,상해없음,승용,남,26세,경상
2023122900100023,2023년 12월 29일 01시,금요일,인천광역시 서구 가정동,경상사고,0,0,1,0,차대차 - 측면충돌,신호위반,건조,맑음,교차로 - 교차로안,승용,남,71세,상해없음,승용,남,34세,경상
2023122900100111,2023년 12월 29일 08시,금요일,인천광역시 계양구 동양동,경상사고,0,0,1,0,차대사람 - 기타,기타,기타,기타,단일로 - 기타,승합,남,63세,상해없음,보행자,여,53세,경상
2023122900100169,2023년 12월 29일 10시,금요일,인천광역시 남동구 만수동,경상사고,0,0,1,0,차대차 - 측면충돌,안전운전불이행,건조,맑음,단일로 - 기타,승용,남,67세,상해없음,승용,남,50세,경상
2023122900100254,2023년 12월 29일 12시,금요일,인천광역시 서구 가좌동,경상사고,0,0,1,0,차대차 - 추돌,안전운전불이행,건조,맑음,기타 - 기타,화물,남,56세,상해없음,승용,남,39세,경상
2023122900100285,2023년 12월 29일 13시,금요일,인천광역시 부평구 십정동,경상사고,0,0,2,0,차대차 - 기타,안전운전불이행,건조,맑음,미분류 - 미분류,승용,여,26세,상해없음,승용,남,50세,경상
2023122900100329,2023년 12월 29일 14시,금요일,인천광역시 부평구 십정동,경상사고,0,0,1,0,차대차 - 기타,차로위반,건조,맑음,단일로 - 고가도로위,승용,남,76세,상해없음,승합,남,39세,경상
2023122900100370,2023년 12월 29일 15시,금요일,인천광역시 부평구 산곡동,경상사고,0,0,1,0,차대사람 - 기타,안전운전불이행,건조,맑음,단일로 - 기타,승합,여,61세,상해없음,보행자,여,44세,경상
2023122900100371,2023년 12월 29일 15시,금요일,인천광역시 부평구 산곡동,경상사고,0,0,1,0,차대차 - 측면충돌,안전운전불이행,건조,맑음,교차로 - 교차로안,승용,여,34세,상해없음,승용,여,35세,경상
2023122900100372,2023년 12월 29일 15시,금요일,인천광역시 남동구 구월동,부상신고사고,0,0,0,1,차대사람 - 기타,안전운전불이행,젖음/습기,흐림,기타 - 기타,승용,남,30세,상해없음,보행자,여,13세,부상신고
2023122900100414,2023년 12월 29일 16시,금요일,인천광역시 미추홀구 관교동,중상사고,0,1,0,0,차대차 - 측면충돌,안전거리미확보,건조,맑음,단일로 - 기타,승용,여,44세,상해없음,승합,남,51세,상해없음
2023122900100456,2023년 12월 29일 17시,금요일,인천광역시 중구 운남동,경상사고,0,0,2,0,차대차 - 추돌,안전운전불이행,건조,맑음,단일로 - 기타,승용,남,55세,상해없음,승용,여,55세,경상
2023122900100457,2023년 12월 29일 17시,금요일,인천광역시 남동구 간석동,부상신고사고,0,0,0,1,차대차 - 기타,안전운전불이행,건조,맑음,교차로 - 교차로부근,승용,여,31세,기타불명,이륜,남,48세,부상신고
2023122900100458,2023년 12월 29일 17시,금요일,인천광역시 계양구 임학동,경상사고,0,0,1,0,차대차 - 기타,안전운전불이행,건조,기타,기타 - 기타,화물,남,52세,상해없음,승용,남,43세,경상
2023122900100575,2023년 12월 29일 19시,금요일,인천광역시 중구 인현동,부상신고사고,0,0,0,1,차대사람 - 차도통행중,안전운전불이행,건조,맑음,기타 - 기타,승용,남,47세,상해없음,보행자,남,73세,부상신고
2023122900100576,2023년 12월 29일 19시,금요일,인천광역시 동구 화수동,경상사고,0,0,2,0,차대차 - 추돌,안전운전불이행,건조,맑음,교차로 - 교차로안,승용,남,69세,상해없음,승용,남,32세,경상
2023122900100577,2023년 12월 29일 19시,금요일,인천광역시 계양구 계산동,경상사고,0,0,1,0,차대차 - 추돌,안전운전불이행,건조,맑음,교차로 - 교차로부근,승용,여,66세,상해없음,승용,남,57세,경상
2023122900100616,2023년 12월 29일 20시,금요일,인천광역시 미추홀구 용현동,경상사고,0,0,1,0,차대차 - 측면충돌,안전운전불이행,건조,맑음,단일로 - 기타,승용,남,40세,상해없음,승용,여,52세,경상
2023122900100617,2023년 12월 29일 20시,금요일,인천광역시 남동구 간석동,경상사고,0,0,1,0,차대차 - 기타,안전거리미확보,건조,맑음,단일로 - 기타,화물,남,73세,상해없음,승용,남,37세,경상
2023122900100618,2023년 12월 29일 20시,금요일,인천광역시 서구 청라동,중상사고,0,1,0,0,차대차 - 측면충돌,신호위반,건조,맑음,교차로 - 교차로안,이륜,남,44세,상해없음,이륜,남,57세,중상
2023122900100620,2023년 12월 29일 20시,금요일,인천광역시 부평구 부평동,중상사고,0,1,0,0,차대사람 - 길가장자리구역통행중,안전운전불이행,건조,맑음,교차로 - 교차로부근,승용,남,42세,상해없음,보행자,남,24세,중상
2023122900100672,2023년 12월 29일 22시,금요일,인천광역시 부평구 부개동,경상사고,0,0,1,0,차대사람 - 보도통행중,안전운전불이행,건조,맑음,교차로 - 교차로부근,승용,남,73세,상해없음,보행자,남,13세,경상
2023123000100012,2023년 12월 30일 00시,토요일,인천광역시 남동구 구월동,경상사고,0,0,4,0,차대차 - 추돌,안전운전불이행,건조,맑음,단일로 - 기타,승용,남,32세,상해없음,승용,남,20세,경상
2023123000100013,2023년 12월 30일 00시,토요일,인천광역시 서구 금곡동,경상사고,0,0,1,0,차대차 - 추돌,안전운전불이행,건조,맑음,단일로 - 기타,화물,남,48세,상해없음,승용,남,49세,경상
2023123000100024,2023년 12월 30일 01시,토요일,인천광역시 부평구 부평동,경상사고,0,0,1,0,차대차 - 추돌,안전운전불이행,건조,맑음,미분류 - 미분류,승용,남,56세,상해없음,승용,남,67세,경상
2023123000100025,2023년 12월 30일 01시,토요일,인천광역시 서구 연희동,중상사고,0,1,1,0,차대차 - 추돌,안전운전불이행,건조,맑음,단일로 - 기타,승용,남,54세,상해없음,승용,여,51세,중상
2023123000100026,2023년 12월 30일 01시,토요일,인천광역시 남동구 논현동,중상사고,0,1,4,0,차대차 - 측면충돌,신호위반,건조,맑음,교차로 - 교차로안,승용,남,67세,상해없음,승용,여,54세,경상
2023123000100040,2023년 12월 30일 03시,토요일,인천광역시 부평구 부평동,부상신고사고,0,0,0,1,차대사람 - 차도통행중,안전운전불이행,건조,맑음,교차로 - 교차로부근,승용,남,68세,상해없음,보행자,남,26세,부상신고
2023123000100065,2023년 12월 30일 06시,토요일,인천광역시 부평구 부평동,중상사고,0,2,0,0,차대차 - 추돌,안전운전불이행,젖음/습기,흐림,교차로 - 교차로부근,승용,기타불명,미분류,기타불명,승용,남,70세,중상
2023123000100124,2023년 12월 30일 10시,토요일,인천광역시 강화군 내가면,경상사고,0,0,2,0,차대차 - 측면충돌,중앙선침범,적설,눈,단일로 - 지하차도(도로)내,승용,남,52세,상해없음,승용,남,39세,경상
2023123000100125,2023년 12월 30일 10시,토요일,인천광역시 연수구 선학동,경상사고,0,0,1,0,차대차 - 측면충돌,안전거리미확보,젖음/습기,비,단일로 - 기타,승용,여,60세,상해없음,승용,남,60세,경상
2023123000100164,2023년 12월 30일 11시,토요일,인천광역시 계양구 박촌동,중상사고,0,1,1,0,차대차 - 측면충돌,안전운전불이행,서리/결빙,눈,단일로 - 기타,화물,남,57세,상해없음,승용,여,51세,중상
2023123000100165,2023년 12월 30일 11시,토요일,인천광역시 남동구 논현동,중상사고,0,1,0,0,차대차 - 측면충돌,안전운전불이행,젖음/습기,흐림,교차로 - 교차로안,승용,여,46세,상해없음,승용,남,45세,중상
2023123000100212,2023년 12월 30일 12시,토요일,인천광역시 미추홀구 주안동,경상사고,0,0,1,0,차대차 - 추돌,안전운전불이행,건조,맑음,교차로 - 교차로부근,승용,남,56세,상해없음,승용,여,63세,상해없음
2023123000100245,2023년 12월 30일 13시,토요일,인천광역시 연수구 동춘동,경상사고,0,0,1,0,차대차 - 측면충돌,안전거리미확보,건조,맑음,단일로 - 기타,승용,남,36세,상해없음,승용,남,34세,경상
2023123000100314,2023년 12월 30일 15시,토요일,인천광역시 남동구 간석동,경상사고,0,0,1,0,차대차 - 측면충돌,교차로운행방법위반,건조,맑음,교차로 - 교차로부근,승용,남,72세,상해없음,승용,남,31세,경상
2023123000100315,2023년 12월 30일 15시,토요일,인천광역시 연수구 송도동,경상사고,0,0,1,0,차대차 - 추돌,신호위반,젖음/습기,흐림,교차로 - 교차로부근,승용,여,25세,상해없음,승용,여,45세,경상
2023123000100392,2023년 12월 30일 18시,토요일,인천광역시 서구 마전동,중상사고,0,1,0,0,차대사람 - 기타,안전운전불이행,건조,맑음,기타 - 기타,승용,남,22세,상해없음,보행자,여,70세,중상
2023123000100393,2023년 12월 30일 18시,토요일,인천광역시 남동구 서창동,경상사고,0,0,2,0,차대차 - 측면충돌,안전거리미확보,건조,맑음,교차로 - 교차로부근,승용,여,62세,상해없음,승용,남,20세,경상
2023123000100420,2023년 12월 30일 19시,토요일,인천광역시 미추홀구 도화동,경상사고,0,0,1,1,차대차 - 추돌,안전운전불이행,젖음/습기,비,주차장 - 주차장,승용,남,62세,상해없음,승용,남,31세,경상
2023123000100472,2023년 12월 30일 22시,토요일,인천광역시 남동구 간석동,경상사고,0,0,1,0,차대사람 - 기타,보행자보호의무위반,건조,맑음,교차로 - 교차로횡단보도내,화물,남,53세,상해없음,보행자,남,21세,경상
2023123000100473,2023년 12월 30일 22시,토요일,인천광역시 부평구 삼산동,경상사고,0,0,2,0,차대차 - 측면충돌,안전운전불이행,건조,맑음,단일로 - 기타,승합,남,41세,상해없음,승용,남,41세,경상
2023123000100488,2023년 12월 30일 23시,토요일,인천광역시 서구 당하동,중상사고,0,1,1,0,차대차 - 기타,안전운전불이행,적설,맑음,단일로 - 기타,승용,여,42세,상해없음,승용,남,40세,중상
2023123100100048,2023년 12월 31일 08시,일요일,인천광역시 서구 청라동,경상사고,0,0,2,0,차대차 - 측면충돌,안전운전불이행,건조,맑음,기타 - 기타,승용,남,28세,상해없음,승용,남,36세,경상
2023123100100086,2023년 12월 31일 11시,일요일,인천광역시 서구 경서동,중상사고,0,1,0,0,차대차 - 기타,신호위반,건조,맑음,교차로 - 교차로안,승용,여,33세,상해없음,이륜,남,44세,중상
2023123100100131,2023년 12월 31일 13시,일요일,인천광역시 중구 신흥동1가,경상사고,0,0,3,0,차대차 - 측면충돌,안전운전불이행,건조,맑음,교차로 - 교차로안,승용,여,45세,상해없음,승용,남,45세,경상
2023123100100132,2023년 12월 31일 13시,일요일,인천광역시 미추홀구 용현동,경상사고,0,0,2,0,차대차 - 기타,안전운전불이행,건조,맑음,기타 - 기타,승용,남,70세,상해없음,승용,여,36세,경상
2023123100100133,2023년 12월 31일 13시,일요일,인천광역시 부평구 십정동,경상사고,0,0,1,0,차대차 - 후진중충돌,안전운전불이행,건조,맑음,기타 - 기타,화물,남,36세,상해없음,이륜,남,31세,경상
2023123100100198,2023년 12월 31일 16시,일요일,인천광역시 강화군 양도면,경상사고,0,0,1,0,차대차 - 기타,안전거리미확보,젖음/습기,맑음,단일로 - 기타,승용,남,40세,기타불명,승용,남,44세,경상
2023123100100221,2023년 12월 31일 17시,일요일,인천광역시 중구 중산동,경상사고,0,0,2,0,차대차 - 측면충돌,안전운전불이행,건조,맑음,교차로 - 교차로부근,승용,남,39세,상해없음,승합,남,46세,경상
2023123100100222,2023년 12월 31일 17시,일요일,인천광역시 계양구 작전동,중상사고,0,1,0,0,차대사람 - 횡단중,보행자보호의무위반,건조,맑음,교차로 - 교차로횡단보도내,이륜,남,41세,상해없음,보행자,여,19세,중상
2023123100100249,2023년 12월 31일 18시,일요일,인천광역시 부평구 부평동,경상사고,0,0,1,0,차대사람 - 기타,안전운전불이행,기타,기타,기타 - 기타,승용,남,21세,기타불명,보행자,여,19세,경상
2023123100100269,2023년 12월 31일 19시,일요일,인천광역시 중구 북성동1가,경상사고,0,0,1,0,차대차 - 측면충돌,안전운전불이행,건조,맑음,단일로 - 기타,이륜,남,16세,상해없음,승용,남,46세,기타불명
2023123100100311,2023년 12월 31일 21시,일요일,인천광역시 부평구 부평동,경상사고,0,0,1,0,차대사람 - 기타,안전운전불이행,건조,맑음,단일로 - 기타,승용,남,21세,상해없음,보행자,여,26세,경상
2023123100100322,2023년 12월 31일 22시,일요일,인천광역시 서구 검암동,경상사고,0,0,1,0,차대사람 - 보도통행중,안전운전불이행,건조,맑음,교차로 - 교차로안,승용,남,69세,상해없음,보행자,여,64세,경상
2023123100100338,2023년 12월 31일 23시,일요일,인천광역시 남동구 구월동,경상사고,0,0,1,0,차대차 - 측면충돌,신호위반,건조,맑음,교차로 - 교차로안,승용,남,38세,상해없음,이륜,남,28세,경상
2023123100100339,2023년 12월 31일 23시,일요일,인천광역시 남동구 구월동,경상사고,0,0,1,0,차대사람 - 길가장자리구역통행중,안전운전불이행,건조,맑음,단일로 - 기타,기타불명,기타불명,미분류,기타불명,보행자,여,25세,경상
2023123100100340,2023년 12월 31일 23시,일요일,인천광역시 강화군 강화읍,중상사고,0,1,0,0,차대사람 - 횡단중,안전운전불이행,젖음/습기,흐림,단일로 - 고가도로위,원동기,남,35세,상해없음,보행자,남,76세,중상
2023123100100341,2023년 12월 31일 23시,일요일,인천광역시 부평구 삼산동,중상사고,0,1,0,0,차대사람 - 기타,기타,건조,맑음,교차로 - 교차로부근,승합,남,57세,상해없음,보행자,여,85세,중상